pool_row,asset,tf,tp_mode,search_score,search_pf,n_trades,split,is_pass_500,is_days_500,is_pass_750,is_days_750,is_pass_1000,is_days_1000,is_pass_1250,is_days_1250,is_pass_1500,is_days_1500,best_risk,is_pass,is_days_med,is_cohorts,oos_pass,oos_fail,oos_days_med,oos_days_p90,oos_cohorts,full_pass,full_days_med,target_raised%,capped%,avg_contracts
10628,FDXM,5min,opposite_level,61.7204,11.726,1665,2024-03-28,94.1,24,91.0,24,87.8,23,86.7,22,87.2,22,500,94.1,24,188,94.4,4.8,24,44,125,94.2,24,90.4,6.3,1.9
45300,FDXM,5min,opposite_level,57.7242,14.439,1340,2024-03-28,97.9,31,95.2,29,90.4,25,89.9,25,89.9,24,500,97.9,31,188,94.4,4.0,32,66,125,96.5,31,95.2,12.1,2.2
34592,FDXM,5min,opposite_level,51.0143,9.796,2543,2024-03-28,97.3,18,91.0,17,90.4,16,89.4,16,90.4,16,500,97.3,18,188,92.8,5.6,17,31,125,95.5,17,92.0,5.9,1.7
12540,FDXM,5min,reversal_to_open,49.4943,6.301,5959,2024-03-28,94.7,16,87.8,16,85.6,15,81.4,15,80.3,15,500,94.7,16,188,95.2,3.2,12,26,125,94.9,15,94.2,4.5,1.8
10304,FDXM,3min,reversal_to_open,47.7915,7.549,2382,2024-03-28,98.4,19,96.3,17,94.1,17,87.8,16,86.7,16,500,98.4,19,188,95.2,3.2,17,29,125,97.1,18,94.2,14.7,2.5
4396,FDXM,3min,opposite_level,47.3931,9.703,2128,2024-03-28,94.1,24,88.8,22,84.6,19,83.0,18,83.5,18,500,94.1,24,188,96.0,3.2,22,57,125,94.9,24,91.1,14.9,2.6
43636,FDXM,5min,reversal_to_open,47.1518,7.118,3626,2024-03-28,93.1,15,88.8,15,84.6,15,84.0,12,84.0,12,500,93.1,15,188,92.8,5.6,12,26,125,93.0,15,91.4,20.0,2.8
35812,FDXM,5min,opposite_level,45.3309,7.63,2422,2024-03-28,100.0,12,97.9,11,98.9,11,96.8,11,96.8,11,500,100.0,12,188,96.0,4.0,11,24,125,98.4,11,90.4,12.5,2.4
31164,FDXM,3min,opposite_level,45.151,8.097,1864,2024-03-28,96.8,22,93.6,18,93.6,18,92.0,17,91.0,15,500,96.8,22,188,95.2,2.4,19,39,125,96.2,19,87.5,14.4,2.2
40092,FDXM,5min,opposite_level,43.8471,8.045,1126,2024-03-28,100.0,18,99.5,16,98.9,15,98.9,15,97.3,11,500,100.0,18,188,96.8,0.0,17,30,125,98.7,17,61.0,7.8,2.1
38808,FDXM,3min,reversal_to_open,43.6717,6.837,3611,2024-03-28,95.2,17,84.0,15,78.7,12,79.3,12,78.2,12,500,95.2,17,188,88.8,8.8,15,30,125,92.7,16,90.1,6.3,2.0
14472,FDXM,3min,opposite_level,43.3901,5.932,4493,2024-03-28,95.2,10,94.7,9,93.1,9,91.0,9,91.0,9,500,95.2,10,188,90.4,9.6,10,19,125,93.3,10,93.9,29.1,3.1
42920,FDXM,5min,opposite_level,43.3487,6.609,3420,2024-03-28,96.3,16,92.6,12,86.2,12,86.2,11,85.6,11,500,96.3,16,188,93.6,4.8,12,30,125,95.2,16,93.3,16.5,2.6
10976,FDXM,5min,reversal_to_open,43.2749,6.755,2159,2024-03-28,96.8,17,95.7,16,96.3,16,94.1,16,93.6,15,500,96.8,17,188,93.6,4.8,16,31,125,95.5,17,79.9,12.4,2.3
31012,FDXM,3min,opposite_level,43.1637,8.068,886,2024-03-28,100.0,31,100.0,24,99.5,19,98.9,18,99.5,18,750,100.0,24,188,98.4,0.0,24,40,125,99.4,24,76.4,19.9,2.7
5976,FDXM,5min,opposite_level,43.1092,6.936,3645,2024-03-28,89.4,16,86.7,15,80.9,15,79.3,12,79.8,12,500,89.4,16,188,88.0,12.0,15,26,125,88.8,15,91.1,46.8,3.8
39764,FDXM,3min,reversal_to_open,42.7955,7.945,3113,2024-03-28,88.8,23,84.0,23,81.9,22,79.8,18,78.7,22,500,88.8,23,188,84.8,12.8,22,45,125,87.2,23,89.5,16.5,2.6
22516,FDXM,3min,opposite_level,42.5095,6.357,2161,2024-03-28,98.4,17,96.8,16,96.8,16,97.3,16,96.8,16,500,98.4,17,187,89.6,8.8,18,32,125,94.9,17,93.6,33.4,3.3
3864,FDXM,5min,opposite_level,41.3898,6.453,3016,2024-03-28,97.3,11,95.2,11,93.1,10,90.4,10,87.8,10,500,97.3,11,188,95.2,4.8,11,18,125,96.5,11,96.8,32.1,3.3
12924,FDXM,5min,opposite_level,41.2059,6.121,4170,2024-03-28,93.1,11,86.7,10,83.0,10,81.9,10,80.9,10,500,93.1,11,188,90.4,9.6,11,18,125,92.0,11,93.3,49.3,3.9
40504,FDXM,5min,opposite_level,41.0478,8.586,1036,2024-03-28,100.0,19,100.0,18,100.0,18,100.0,16,100.0,16,1250,100.0,16,188,93.6,4.0,16,26,125,97.4,16,93.9,52.3,4.0
648,FDXM,5min,opposite_level,40.7534,7.534,3782,2024-03-28,89.4,19,81.4,17,80.9,17,80.9,17,79.8,15,500,89.4,19,188,85.6,13.6,18,36,125,87.9,18,88.8,4.8,1.9
44456,FDXM,5min,opposite_level,40.4987,7.969,2922,2024-03-28,95.7,19,88.8,18,83.5,16,84.0,16,83.0,15,500,95.7,19,188,96.0,2.4,18,33,125,95.8,18,92.0,4.4,1.9
8324,FDXM,5min,reversal_to_open,40.3755,7.155,2641,2024-03-28,96.3,24,92.6,23,87.8,22,86.7,22,85.1,18,500,96.3,24,188,87.2,10.4,24,43,125,92.7,24,91.1,7.1,2.0
20324,FDXM,5min,reversal_to_open,40.3588,8.636,1951,2024-03-28,86.7,37,83.0,37,81.4,31,81.4,31,80.9,31,500,86.7,37,188,84.8,11.2,36,71,125,85.9,37,88.8,20.2,2.6
34432,FDXM,3min,opposite_level,39.5855,7.925,2429,2024-03-28,90.4,17,87.8,16,86.7,16,86.2,16,86.2,16,500,90.4,17,188,92.0,6.4,17,31,125,91.1,17,93.0,71.4,4.4
37436,6E,3min,reversal_to_open,39.474,5.841,3679,2024-04-29,96.8,12,94.1,12,92.0,12,91.4,10,91.4,10,500,96.8,12,187,96.0,2.4,15,24,126,96.5,15,93.9,34.2,37.1
25056,FDXM,5min,reversal_to_open,39.186,6.689,1964,2024-03-28,100.0,17,98.4,16,95.7,15,94.1,15,91.5,15,500,100.0,17,188,94.4,3.2,17,36,125,97.8,17,80.8,11.6,2.5
1976,FDXM,3min,reversal_to_open,39.129,6.945,3649,2024-03-28,93.6,17,92.6,17,88.3,16,88.3,16,88.8,16,500,93.6,17,188,91.2,8.8,16,25,125,92.7,17,94.2,68.1,4.3
6608,FDXM,5min,opposite_level,39.1113,6.838,1145,2024-03-28,100.0,36,97.9,30,97.9,29,92.5,26,91.4,24,500,100.0,36,187,89.6,2.4,29,59,125,95.8,33,71.5,2.1,1.7
43192,FDXM,3min,opposite_level,39.0688,8.389,1102,2024-03-28,100.0,19,99.5,17,98.9,16,97.9,12,96.8,12,500,100.0,19,188,98.4,0.0,19,33,125,99.4,19,59.7,4.2,1.9
36512,FDXM,5min,reversal_to_open,38.7945,5.825,4954,2024-03-28,83.5,17,75.5,15,76.1,12,73.9,12,73.9,12,500,83.5,17,188,84.0,15.2,12,26,125,83.7,15,86.3,28.4,3.2
5504,FDXM,5min,opposite_level,38.7911,6.042,2435,2024-03-28,97.9,16,95.2,15,94.7,11,92.6,15,92.6,15,500,97.9,16,188,94.4,4.0,16,29,125,96.5,16,95.8,31.4,3.2
31392,FDXM,5min,opposite_level,38.5361,7.258,1514,2024-03-28,94.7,22,91.5,22,86.7,18,84.0,18,85.6,18,500,94.7,22,188,96.8,1.6,22,40,125,95.5,22,88.5,4.8,2.0
29572,FDXM,3min,reversal_to_open,38.18,6.758,4385,2024-03-28,94.1,16,90.4,15,88.8,11,88.3,15,88.3,11,500,94.1,16,188,94.4,5.6,15,25,125,94.2,15,93.3,65.3,4.3
32872,FDXM,3min,reversal_to_open,38.1642,6.213,3652,2024-03-28,89.4,18,87.2,17,83.0,17,83.0,17,83.0,17,500,89.4,18,188,79.2,19.2,17,32,125,85.3,18,88.2,54.3,4.0
22280,MNQ,3min,reversal_to_open,38.1364,5.756,2829,2024-04-22,98.9,17,94.1,16,89.8,16,82.9,15,81.8,15,500,98.9,17,187,97.6,0.0,17,31,126,98.4,17,91.1,0.1,8.6
44860,FDXM,5min,opposite_level,38.015,5.702,3269,2024-03-28,98.9,11,93.6,10,93.1,10,91.0,10,90.4,10,500,98.9,11,188,94.4,5.6,11,22,125,97.1,11,96.2,30.2,3.2
3448,FDXM,3min,reversal_to_open,37.5751,6.728,3822,2024-03-28,74.5,29,68.6,24,68.1,23,69.7,23,67.6,24,500,74.5,29,188,76.8,22.4,24,43,125,75.4,25,79.9,25.7,3.0
11596,FDXM,5min,opposite_level,37.456,6.972,1108,2024-03-28,100.0,19,96.8,16,96.8,16,95.7,16,95.7,15,500,100.0,19,188,96.0,0.8,16,32,125,98.4,18,73.5,16.7,2.7
40624,FDXM,5min,reversal_to_open,37.4342,6.546,2420,2024-03-28,91.0,19,87.2,18,86.7,17,84.0,17,83.5,17,500,91.0,19,188,88.8,9.6,15,26,125,90.1,17,89.8,50.3,3.9
24992,MNQ,3min,reversal_to_open,37.2954,5.405,6203,2024-04-22,79.7,15,73.3,11,72.7,11,68.4,11,67.9,11,500,79.7,15,187,69.0,29.4,11,24,126,75.4,11,81.5,1.4,15.6
30376,FDXM,5min,reversal_to_open,37.2676,5.667,2475,2024-03-28,98.9,18,96.3,16,94.7,16,92.6,16,91.0,15,500,98.9,18,188,92.8,7.2,16,30,125,96.5,18,90.7,31.7,3.2
31776,FDXM,5min,opposite_level,36.8957,5.407,3393,2024-03-28,91.5,17,88.3,15,80.9,12,79.3,12,79.3,12,500,91.5,17,188,84.0,14.4,17,31,125,88.5,17,85.9,8.8,2.3
16436,FDXM,5min,opposite_level,36.7269,5.358,3242,2024-03-28,98.9,12,96.3,11,96.3,11,95.2,11,95.2,11,500,98.9,12,187,94.4,5.6,12,24,125,97.1,12,96.5,40.3,3.5
16968,FDXM,5min,opposite_level,36.658,6.673,2421,2024-03-28,98.4,15,96.3,15,95.2,11,92.0,11,89.9,11,500,98.4,15,188,89.6,10.4,16,30,125,94.9,16,93.9,37.5,3.3
33596,FDXM,3min,reversal_to_open,36.5817,5.414,3639,2024-03-28,93.6,15,93.1,12,89.4,12,88.8,12,88.8,12,500,93.6,15,188,86.4,12.8,16,36,125,90.7,15,92.3,51.1,3.7
41840,FDXM,3min,reversal_to_open,36.5291,5.622,2651,2024-03-28,92.6,26,85.6,22,85.1,24,85.1,24,84.0,24,500,92.6,26,188,88.8,7.2,19,57,125,91.1,24,84.0,7.6,2.2
8316,6E,5min,reversal_to_open,36.4988,5.821,3705,2024-04-29,94.1,12,93.0,12,91.4,11,91.4,11,90.9,11,500,94.1,12,187,96.0,0.8,12,23,126,94.9,12,91.4,37.2,37.4
36444,FDXM,5min,reversal_to_open,36.4102,4.804,6533,2024-03-28,88.3,16,84.6,15,84.0,15,80.3,15,79.3,15,500,88.3,16,188,89.6,8.8,12,30,125,88.8,16,85.3,2.8,1.8
42940,MNQ,3min,opposite_level,36.2527,5.953,2572,2024-04-22,81.8,33,74.3,33,65.8,31,61.0,31,63.1,31,500,81.8,33,187,64.3,31.7,36,71,126,74.8,36,80.8,0.3,7.5
18088,FDXM,5min,opposite_level,36.2091,6.561,1281,2024-03-28,100.0,26,97.9,19,96.8,17,94.7,15,94.7,15,500,100.0,26,188,96.0,0.0,19,36,125,98.4,23,66.5,11.6,2.0
24300,MNQ,5min,reversal_to_open,36.1756,5.324,2793,2024-04-22,92.0,16,87.2,15,84.0,12,81.3,12,81.3,12,500,92.0,16,187,89.7,7.9,17,32,126,91.1,16,92.3,10.3,20.5
40636,MNQ,5min,reversal_to_open,36.1096,6.202,3152,2024-04-22,88.8,25,83.4,24,80.7,24,77.5,23,75.9,23,500,88.8,25,187,80.2,16.7,25,59,126,85.3,25,85.9,0.0,5.9
41784,FDXM,5min,reversal_to_open,36.1031,6.228,1979,2024-03-28,91.5,32,85.6,25,83.0,25,79.3,22,79.8,24,500,91.5,32,188,90.4,5.6,31,54,125,91.1,32,84.3,12.6,2.1
21308,FDXM,5min,opposite_level,36.0061,6.024,2066,2024-03-28,99.5,15,96.3,12,95.2,15,92.6,12,91.5,12,500,99.5,15,188,95.2,2.4,15,26,125,97.8,15,88.8,11.5,2.4
34572,MNQ,3min,reversal_to_open,35.7901,5.617,3031,2024-04-22,77.5,18,73.8,17,74.3,18,72.7,17,72.2,17,500,77.5,18,187,72.2,24.6,23,68,126,75.4,18,81.2,36.9,33.4
21292,MNQ,3min,reversal_to_open,35.7019,5.111,5254,2024-04-22,74.3,18,65.8,17,63.1,16,61.5,16,61.5,16,500,74.3,18,187,69.0,28.6,19,52,126,72.2,18,78.0,14.8,23.9
34608,FDXM,5min,opposite_level,35.4845,4.794,13547,2024-03-28,88.8,9,86.2,8,86.2,8,86.2,8,86.7,8,500,88.8,9,188,84.8,15.2,9,17,125,87.2,9,89.8,9.0,2.2
22064,FDXM,5min,opposite_level,35.3336,5.767,1219,2024-03-28,98.4,19,96.8,17,94.1,16,94.1,16,94.1,16,500,98.4,19,188,94.4,3.2,19,40,125,96.8,19,73.2,8.8,2.3
20524,MNQ,5min,reversal_to_open,35.2848,6.765,1142,2024-04-22,100.0,24,100.0,19,94.7,19,89.3,18,88.2,18,750,100.0,19,187,92.9,4.0,19,38,126,97.1,19,82.1,0.0,9.8
39344,6E,5min,reversal_to_open,35.1756,5.521,5684,2024-04-29,93.6,9,92.0,9,90.4,9,90.4,9,89.8,9,500,93.6,9,187,92.9,5.6,9,18,126,93.3,9,91.7,43.8,39.8
30792,FDXM,3min,opposite_level,35.1734,6.433,2628,2024-03-28,90.4,19,89.9,18,86.2,17,84.6,16,84.6,16,500,90.4,19,188,90.4,7.2,18,46,125,90.4,19,87.5,14.2,2.2
32620,MNQ,5min,opposite_level,35.1334,5.056,3628,2024-04-22,82.4,17,76.5,16,69.0,16,66.3,15,66.3,15,500,82.4,17,187,76.2,23.0,16,36,126,79.9,17,83.4,6.3,18.9
23256,FDXM,3min,opposite_level,35.13,6.172,2201,2024-03-28,96.3,17,94.7,16,93.1,15,92.6,15,92.0,15,500,96.3,17,188,92.8,5.6,17,31,125,94.9,17,94.6,62.6,4.1
35584,FDXM,5min,opposite_level,34.8835,6.909,2919,2024-03-28,87.2,18,84.0,16,81.9,15,80.9,15,80.9,15,500,87.2,18,188,93.6,4.8,17,43,125,89.8,17,88.8,13.9,2.1
4924,6E,5min,reversal_to_open,34.8348,7.639,1031,2024-04-29,100.0,24,100.0,22,99.5,18,99.5,18,98.9,17,750,100.0,22,187,97.6,0.0,24,39,126,99.0,22,67.7,45.7,40.6
16984,FDXM,3min,opposite_level,34.8097,5.479,3586,2024-03-28,95.2,16,92.0,16,88.3,12,88.3,12,88.3,12,500,95.2,16,188,88.8,10.4,12,26,125,92.7,16,94.2,61.2,4.2
11776,FDXM,5min,opposite_level,34.7882,5.464,1520,2024-03-28,95.7,17,95.2,15,94.1,12,94.7,11,93.6,11,500,95.7,17,188,95.2,1.6,18,43,125,95.5,18,82.1,22.8,2.8
4940,FDXM,5min,opposite_level,34.7536,5.334,2440,2024-03-28,95.7,15,92.0,11,92.0,10,89.4,10,87.8,10,500,95.7,15,188,94.4,4.0,16,29,125,95.2,15,90.4,15.8,2.6
31576,FDXM,5min,opposite_level,34.5063,6.23,1521,2024-03-28,94.1,15,94.1,12,93.6,12,93.6,12,93.1,12,750,94.1,12,188,96.8,3.2,11,22,125,95.2,12,97.4,73.0,4.5
21908,MNQ,3min,reversal_to_open,34.4522,4.756,3703,2024-04-22,85.6,15,78.6,15,72.2,11,69.5,11,69.5,11,500,85.6,15,187,79.4,18.3,16,37,126,83.1,15,87.9,1.2,16.1
17524,FDXM,5min,opposite_level,34.4415,4.87,4357,2024-03-28,97.3,10,93.6,9,94.1,9,92.0,9,89.9,9,500,97.3,10,188,97.6,2.4,10,18,125,97.4,10,93.6,19.3,2.6
35032,FDXM,5min,opposite_level,34.4301,6.335,3015,2024-03-28,92.6,16,92.0,15,91.0,15,91.0,15,91.0,15,500,92.6,16,188,91.2,7.2,15,29,125,92.0,16,94.2,69.9,4.4
14476,MNQ,5min,opposite_level,34.317,4.549,4746,2024-04-22,71.1,18,63.1,19,58.8,18,57.2,17,57.8,15,500,71.1,18,187,60.3,37.3,19,32,126,66.8,18,74.1,12.6,23.0
28964,FDXM,3min,opposite_level,34.2862,6.068,5872,2024-03-28,87.8,12,78.2,11,77.7,11,76.6,11,76.6,11,500,87.8,12,188,82.4,16.8,12,24,125,85.6,12,86.6,18.4,2.7
4220,MNQ,5min,opposite_level,34.2249,6.398,2394,2024-04-22,85.6,25,82.9,24,77.5,22,75.4,22,74.9,22,500,85.6,25,187,84.9,13.5,29,71,126,85.3,25,87.5,0.3,5.4
30352,FDXM,3min,reversal_to_open,34.0235,6.855,1159,2024-03-28,97.9,53,94.1,53,91.4,50,88.2,50,87.7,50,500,97.9,53,187,91.2,0.0,52,179,125,95.2,53,94.9,6.8,1.9
23856,FDXM,3min,opposite_level,33.9273,6.776,1218,2024-03-28,94.7,19,93.6,19,93.1,19,92.6,19,92.0,19,500,94.7,19,188,95.2,3.2,19,37,125,94.9,19,96.8,70.4,4.4
34452,MNQ,5min,reversal_to_open,33.9089,5.87,2114,2024-04-22,93.6,24,89.8,19,87.2,18,79.1,17,78.6,17,500,93.6,24,187,94.4,3.2,24,40,126,93.9,24,89.1,4.6,14.7
7244,6E,3min,reversal_to_open,33.9041,4.604,6027,2024-04-29,88.2,12,86.6,11,85.0,11,85.0,11,85.0,11,500,88.2,12,187,86.5,9.5,12,23,126,87.5,12,88.5,35.2,37.2
24224,FDXM,5min,opposite_level,33.894,5.174,5674,2024-03-28,92.0,15,89.4,12,86.7,12,87.2,12,85.6,11,500,92.0,15,188,84.8,14.4,15,30,125,89.1,15,88.8,27.4,2.9
33636,FDXM,5min,reversal_to_open,33.8189,5.106,3658,2024-03-28,91.0,11,89.4,11,83.5,11,83.5,11,83.5,10,500,91.0,11,188,86.4,11.2,11,25,125,89.1,11,87.9,14.8,2.5
9276,MNQ,3min,opposite_level,33.7306,5.993,1285,2024-04-22,84.0,64,75.9,66,67.9,61,62.0,66,61.5,59,500,84.0,64,187,68.3,24.6,75,215,126,77.6,66,82.4,0.0,8.3
21628,MNQ,5min,opposite_level,33.6612,5.886,1229,2024-04-22,86.1,24,79.1,24,77.5,22,77.0,22,78.1,22,500,86.1,24,187,86.5,11.9,30,50,126,86.3,26,91.1,24.6,29.4
12548,MNQ,5min,reversal_to_open,33.4654,5.569,1715,2024-04-22,87.2,50,79.1,47,72.7,40,68.4,39,67.9,38,500,87.2,50,187,81.6,16.0,50,152,125,84.9,50,83.7,0.0,7.2
24640,FDXM,5min,reversal_to_open,33.4379,4.054,12383,2024-03-28,78.7,17,70.2,12,66.5,16,65.4,16,64.4,16,500,78.7,17,188,80.8,17.6,17,39,125,79.6,17,84.3,12.7,2.5
27264,FDXM,5min,reversal_to_open,33.3839,5.119,5102,2024-03-28,95.7,9,92.0,9,90.4,9,88.8,9,88.8,9,500,95.7,9,188,87.2,12.0,9,17,125,92.3,9,91.1,46.8,3.6
28336,6E,5min,opposite_level,33.371,5.127,2377,2024-04-29,97.3,11,94.7,10,92.0,10,92.5,10,92.0,10,500,97.3,11,187,94.4,4.0,15,25,126,96.2,11,88.5,32.1,36.6
34996,6E,5min,reversal_to_open,33.3246,4.884,3999,2024-04-29,92.0,12,89.8,12,88.2,11,88.8,11,88.8,11,500,92.0,12,187,83.3,14.3,15,33,126,88.5,12,86.6,35.5,37.4
644,FDXM,5min,reversal_to_open,33.2603,6.714,2066,2024-03-28,99.5,26,93.0,23,87.2,19,85.0,19,86.1,22,500,99.5,26,187,93.6,1.6,24,45,125,97.1,24,83.7,2.8,1.8
21512,MNQ,5min,opposite_level,33.1876,5.087,2383,2024-04-22,69.5,23,63.6,23,63.6,22,59.9,18,59.4,18,500,69.5,23,187,65.1,32.5,30,67,126,67.7,25,76.4,23.9,29.3
15900,MNQ,3min,reversal_to_open,33.083,5.537,3633,2024-04-22,72.7,25,66.8,22,63.1,22,64.2,19,64.2,19,500,72.7,25,187,73.0,23.8,19,43,126,72.8,22,77.3,32.5,31.2
39792,FDXM,3min,opposite_level,33.0781,5.751,4506,2024-03-28,79.3,16,78.2,15,78.2,15,78.2,15,78.2,15,500,79.3,16,188,78.4,20.0,15,26,125,78.9,15,85.3,74.7,4.5
35232,FDXM,3min,opposite_level,33.0637,7.252,2430,2024-03-28,92.6,18,90.4,18,90.4,18,88.8,16,88.3,16,500,92.6,18,188,89.6,8.8,18,32,125,91.4,18,94.2,64.4,4.3
29536,FDXM,5min,reversal_to_open,33.0406,5.312,3625,2024-03-28,96.3,15,94.1,15,89.4,15,87.8,15,86.7,12,500,96.3,15,188,86.4,11.2,15,29,125,92.3,15,87.5,28.9,3.1
11056,FDXM,3min,reversal_to_open,32.8153,6.275,3323,2024-03-28,89.9,19,87.8,22,84.6,18,84.0,18,84.0,18,500,89.9,19,188,84.8,12.8,18,33,125,87.9,18,89.5,73.9,4.5
28312,6E,3min,reversal_to_open,32.7312,5.292,4125,2024-04-29,81.8,17,80.2,16,79.7,17,79.7,16,79.7,17,500,81.8,17,187,84.9,10.3,18,39,126,83.1,18,83.4,37.0,36.8
2432,FDXM,3min,opposite_level,32.6664,6.443,1578,2024-03-28,94.7,24,90.4,23,87.2,18,84.6,18,84.0,17,500,94.7,24,188,91.2,7.2,22,46,125,93.3,24,90.7,15.7,2.4
20240,MNQ,3min,reversal_to_open,32.632,6.499,2572,2024-04-22,79.1,32,73.8,31,71.7,30,68.4,25,69.0,25,500,79.1,32,187,78.6,18.3,30,53,126,78.9,31,81.2,2.2,12.5
11904,6E,5min,opposite_level,32.611,5.482,4871,2024-04-29,96.8,12,95.7,12,95.7,12,95.7,12,95.7,12,500,96.8,12,187,92.1,6.3,12,26,126,94.9,12,94.9,81.2,47.0
31036,FDXM,3min,reversal_to_open,32.5918,5.722,2437,2024-03-28,89.9,18,87.2,17,87.2,17,85.1,17,85.1,17,500,89.9,18,188,85.6,12.0,17,32,125,88.2,18,89.5,37.3,3.5
16028,6E,5min,opposite_level,32.3394,4.941,3659,2024-04-29,89.8,12,88.8,12,86.1,12,86.1,12,86.1,12,500,89.8,12,187,88.9,10.3,12,26,126,89.5,12,90.7,53.5,42.4
26060,FDXM,5min,opposite_level,32.2572,5.161,2432,2024-03-28,89.9,17,84.6,15,81.9,15,83.0,15,81.9,15,500,89.9,17,188,91.2,7.2,15,25,125,90.4,17,94.2,35.3,3.5
6620,MNQ,5min,opposite_level,32.256,4.647,3417,2024-04-22,87.2,18,82.9,17,72.7,16,66.3,16,64.7,16,500,87.2,18,187,79.4,19.0,17,39,126,84.0,17,84.7,0.0,6.8
28480,MNQ,5min,reversal_to_open,32.1304,4.771,5087,2024-04-22,67.9,22,60.4,19,58.8,22,58.8,19,56.1,18,500,67.9,22,187,56.3,41.3,25,52,126,63.3,24,69.3,28.1,30.1
1920,FDXM,3min,opposite_level,32.1238,6.024,2349,2024-03-28,84.0,30,75.5,25,75.0,23,71.3,23,73.9,24,500,84.0,30,188,77.6,22.4,29,60,125,81.5,29,83.1,15.6,2.6
7144,6E,3min,reversal_to_open,31.9515,5.14,4278,2024-04-29,88.2,19,81.3,18,79.7,18,80.2,18,81.3,18,500,88.2,19,187,88.9,8.7,15,29,126,88.5,16,88.2,19.0,31.1
31044,FDXM,3min,opposite_level,31.8378,6.251,1220,2024-03-28,100.0,17,99.5,16,99.5,16,99.5,16,98.9,12,500,100.0,17,188,95.2,1.6,17,26,125,98.1,17,79.9,22.9,2.7
19404,FDXM,5min,reversal_to_open,31.832,7.034,3644,2024-03-28,91.5,16,86.7,15,82.4,15,82.4,15,82.4,15,500,91.5,16,188,89.6,7.2,16,26,125,90.7,16,93.0,57.3,4.1
28176,FDXM,3min,reversal_to_open,31.7894,4.601,2890,2024-03-28,94.7,15,90.4,15,89.4,12,87.8,11,86.7,11,500,94.7,15,188,91.2,6.4,12,29,125,93.3,15,87.9,31.0,3.3
20604,6E,5min,opposite_level,31.6896,4.471,7625,2024-04-29,83.4,9,80.7,9,80.2,9,80.2,9,80.2,9,500,83.4,9,187,81.7,17.5,10,18,126,82.7,9,86.3,74.9,46.3
5536,6E,5min,reversal_to_open,31.6584,4.767,3178,2024-04-29,92.0,16,92.5,16,93.0,16,93.6,15,93.6,15,1250,93.6,15,187,81.0,16.7,19,37,126,88.5,16,86.9,95.3,49.6
11652,FDXM,5min,reversal_to_open,31.6357,6.521,2732,2024-03-28,91.5,30,87.2,30,80.9,26,79.8,26,78.7,23,500,91.5,30,188,91.2,5.6,25,46,125,91.4,29,91.7,13.1,2.4
15760,FDXM,3min,reversal_to_open,31.5921,5.398,3551,2024-03-28,87.2,18,79.8,17,73.9,17,72.9,17,72.9,15,500,87.2,18,188,83.2,15.2,17,26,125,85.6,18,86.3,35.2,3.5
37012,FDXM,5min,reversal_to_open,31.5918,5.736,2461,2024-03-28,76.1,38,71.3,36,69.7,36,68.1,32,66.5,32,500,76.1,38,188,79.2,20.0,32,68,125,77.3,36,81.5,9.3,2.2
13708,FDXM,3min,opposite_level,31.53,5.535,2431,2024-03-28,82.4,23,81.9,23,81.4,23,81.4,22,81.4,22,500,82.4,23,188,75.2,22.4,19,43,125,79.6,23,86.6,78.8,4.6
9704,MNQ,5min,reversal_to_open,31.5118,5.141,2358,2024-04-22,81.8,22,75.4,22,73.3,22,70.1,19,70.1,19,500,81.8,22,187,74.6,21.4,29,54,126,78.9,24,84.3,15.2,25.4
17692,FDXM,3min,reversal_to_open,31.5114,5.403,5615,2024-03-28,84.6,18,72.9,15,72.9,15,72.9,15,72.3,15,500,84.6,18,188,91.2,6.4,15,30,125,87.2,16,88.5,12.0,2.5
32152,FDXM,3min,opposite_level,31.4638,4.954,2232,2024-03-28,92.5,17,89.8,16,88.2,16,87.2,12,86.6,12,500,92.5,17,187,84.8,13.6,16,32,125,89.4,17,90.7,29.5,3.2
15596,MNQ,5min,opposite_level,31.4458,5.819,2426,2024-04-22,77.0,25,71.1,24,68.4,23,62.6,23,61.5,23,500,77.0,25,187,70.6,27.0,25,61,126,74.4,25,80.5,24.3,28.2
22824,FDXM,3min,opposite_level,31.4309,4.973,4541,2024-03-28,90.4,11,85.6,11,79.8,10,80.3,9,77.7,9,500,90.4,11,188,84.8,15.2,12,25,125,88.2,12,86.6,6.5,2.1
13084,MNQ,3min,opposite_level,31.3963,5.585,1209,2024-04-22,97.3,26,94.1,23,87.2,22,84.0,19,80.7,19,500,97.3,26,187,88.9,8.7,26,64,126,93.9,26,93.0,5.5,16.7
3812,MNQ,5min,reversal_to_open,31.3805,5.109,3708,2024-04-22,89.3,16,84.5,16,71.7,12,67.4,11,66.3,11,500,89.3,16,187,87.3,11.1,12,25,126,88.5,16,87.2,0.2,11.4
9752,MNQ,5min,opposite_level,31.3093,4.244,6125,2024-04-22,62.6,18,59.9,18,58.3,17,58.3,17,58.3,17,500,62.6,18,187,45.2,53.2,19,43,126,55.6,19,62.6,33.7,31.6
45024,FDXM,5min,opposite_level,31.2552,4.68,3676,2024-03-28,85.6,16,79.8,11,78.7,11,78.7,11,77.7,11,500,85.6,16,188,81.6,17.6,15,37,125,84.0,15,87.2,44.6,3.8
35988,6E,5min,reversal_to_open,31.25,5.437,3250,2024-04-29,99.5,15,98.9,15,97.9,12,97.9,12,96.8,12,500,99.5,15,187,96.8,1.6,15,29,126,98.4,15,84.7,43.5,38.0
35976,FDXM,5min,opposite_level,31.2161,5.238,2864,2024-03-28,94.1,11,88.8,10,87.8,9,86.7,10,86.2,10,500,94.1,11,188,93.6,4.0,10,19,125,93.9,11,84.3,14.3,2.5
5872,FDXM,3min,reversal_to_open,31.1642,7.084,2124,2024-03-28,84.0,33,82.4,31,82.4,30,80.3,29,79.3,26,500,84.0,33,188,83.2,11.2,36,64,125,83.7,36,86.3,18.8,2.5
24728,MNQ,3min,reversal_to_open,31.1553,4.939,3097,2024-04-22,79.1,17,74.3,17,71.7,17,65.2,16,64.2,15,500,79.1,17,187,77.8,20.6,17,37,126,78.6,17,83.7,7.1,22.2
17292,FDXM,5min,opposite_level,31.1086,5.65,1729,2024-03-28,90.4,33,83.5,31,78.7,29,79.3,29,78.2,25,500,90.4,33,188,80.8,16.8,31,64,125,86.6,31,82.1,3.1,1.9
5404,FDXM,5min,opposite_level,31.0751,4.356,3353,2024-03-28,87.8,18,80.9,18,77.7,18,76.1,17,75.0,17,500,87.8,18,188,86.4,12.8,18,44,125,87.2,18,90.1,29.0,3.2
23648,FDXM,5min,reversal_to_open,30.9598,6.03,1524,2024-03-28,98.9,18,96.8,17,96.3,17,96.3,17,96.3,17,500,98.9,18,188,99.2,0.8,17,33,125,99.0,18,96.2,61.9,4.2
44176,FDXM,3min,opposite_level,30.9003,4.907,7406,2024-03-28,77.1,12,68.6,11,67.0,11,67.6,10,68.1,10,500,77.1,12,188,75.2,24.0,12,24,125,76.4,12,78.9,17.7,2.7
14652,6E,3min,reversal_to_open,30.6953,4.017,12179,2024-04-29,87.7,12,86.6,11,86.1,11,85.6,11,86.6,11,500,87.7,12,187,80.2,17.5,12,24,126,84.7,12,87.2,34.4,36.5
9236,6E,5min,reversal_to_open,30.6428,5.168,2177,2024-04-29,94.7,32,90.4,31,88.2,26,87.2,26,86.1,25,500,94.7,32,187,82.5,11.1,57,102,126,89.8,39,89.1,17.6,30.6
41896,FDXM,5min,reversal_to_open,30.5399,4.598,4250,2024-03-28,89.9,22,85.6,22,81.9,22,81.9,19,80.3,19,500,89.9,22,188,89.6,7.2,22,46,125,89.8,22,87.2,6.5,2.1
8180,MNQ,5min,reversal_to_open,30.4464,5.578,905,2024-04-22,97.9,39,95.7,37,94.1,37,88.8,31,87.7,31,500,97.9,39,187,93.7,0.0,66,162,126,96.2,46,77.6,2.5,9.0
22952,FDXM,5min,opposite_level,30.4296,4.831,4457,2024-03-28,86.2,15,79.8,12,76.6,12,77.7,12,77.1,12,500,86.2,15,188,86.4,12.0,12,26,125,86.3,15,89.8,32.6,3.4
12240,MNQ,5min,opposite_level,30.422,4.612,4030,2024-04-22,69.5,22,65.8,22,61.0,19,61.5,18,61.5,18,500,69.5,22,187,64.3,34.1,25,40,126,67.4,23,75.1,24.3,28.4
16724,FDXM,5min,reversal_to_open,30.4008,5.968,1218,2024-03-28,97.9,25,98.4,23,98.4,23,98.4,23,97.9,23,750,98.4,23,188,95.2,2.4,19,33,125,97.1,23,94.6,83.6,4.7
1460,FDXM,5min,opposite_level,30.3579,5.137,4211,2024-03-28,84.0,17,83.5,17,83.0,17,83.0,16,83.0,17,500,84.0,17,188,78.4,20.0,17,38,125,81.8,17,83.7,70.6,4.4
14828,FDXM,5min,reversal_to_open,30.3481,5.647,1216,2024-03-28,98.4,25,97.3,23,96.8,23,97.3,22,96.8,22,500,98.4,25,188,94.4,2.4,19,33,125,96.8,22,93.3,55.4,4.0
29392,FDXM,5min,reversal_to_open,30.3363,5.125,2241,2024-03-28,69.1,45,63.8,43,58.0,38,56.9,37,57.4,37,500,69.1,45,188,62.4,33.6,36,68,125,66.5,43,74.1,26.5,3.0
18268,MNQ,3min,reversal_to_open,30.2613,4.858,3593,2024-04-22,72.7,25,65.2,23,63.6,23,62.0,22,61.5,19,500,72.7,25,187,70.6,26.2,26,65,126,71.9,25,76.7,34.8,32.8
30716,MNQ,3min,opposite_level,30.25,5.159,2843,2024-04-22,76.5,43,69.0,45,64.2,46,59.4,45,57.8,45,500,76.5,43,187,67.5,30.2,29,67,126,72.8,38,79.6,0.2,7.7
11072,FDXM,3min,opposite_level,30.2367,5.842,6034,2024-03-28,85.1,15,80.3,15,80.3,12,79.8,15,79.8,15,500,85.1,15,188,76.8,21.6,12,25,125,81.8,15,84.0,72.9,4.4
21180,FDXM,5min,opposite_level,30.2195,4.995,2302,2024-03-28,96.8,17,91.0,16,88.8,16,88.3,15,86.7,15,500,96.8,17,188,90.4,8.0,17,30,125,94.2,17,91.7,25.6,3.0
44708,FDXM,3min,reversal_to_open,30.2069,5.469,2788,2024-03-28,88.8,19,86.7,18,86.7,18,87.2,18,87.2,18,500,88.8,19,188,88.0,10.4,18,44,125,88.5,18,91.1,84.0,4.7
41152,6E,5min,opposite_level,30.1446,5.946,996,2024-04-29,97.3,53,91.4,50,85.6,43,81.8,40,81.8,37,500,97.3,53,187,87.3,3.2,60,135,126,93.3,54,91.1,14.6,29.8
14696,6E,5min,reversal_to_open,30.033,4.207,5590,2024-04-29,90.4,15,89.3,12,89.3,12,89.3,12,89.3,12,500,90.4,15,187,90.5,7.9,17,32,126,90.4,15,88.8,37.6,37.2
40372,FDXM,3min,reversal_to_open,29.9372,5.055,2227,2024-03-28,96.8,24,90.4,22,87.8,19,88.3,19,87.8,19,500,96.8,24,188,92.8,1.6,19,47,125,95.2,22,88.5,13.6,2.7
26848,MNQ,5min,opposite_level,29.9349,6.231,2699,2024-04-22,83.4,36,75.9,32,71.1,30,68.4,29,68.4,30,500,83.4,36,187,74.6,21.4,33,121,126,79.9,36,83.4,3.9,9.1
23956,MNQ,5min,reversal_to_open,29.8106,4.99,2424,2024-04-22,86.1,19,74.9,18,71.7,18,64.7,17,64.2,17,500,86.1,19,187,82.5,14.3,17,40,126,84.7,18,90.7,3.0,16.4
13000,FDXM,5min,reversal_to_open,29.7672,4.781,2879,2024-03-28,98.9,18,93.6,16,91.0,16,91.5,16,88.8,16,500,98.9,18,188,92.0,4.0,16,40,125,96.2,18,85.3,9.4,2.3
5084,FDXM,5min,reversal_to_open,29.7232,4.312,3080,2024-03-28,92.6,16,91.5,15,91.5,15,90.4,15,91.0,15,500,92.6,16,188,95.2,3.2,16,36,125,93.6,16,92.0,44.8,3.7
40812,FDXM,3min,reversal_to_open,29.7176,4.319,3108,2024-03-28,97.3,19,94.7,18,93.1,18,93.6,18,93.1,17,500,97.3,19,188,93.6,5.6,16,36,125,95.8,18,91.1,46.1,3.8
16120,FDXM,3min,opposite_level,29.5586,4.298,5864,2024-03-28,76.6,16,69.7,16,70.2,16,69.7,12,70.2,11,500,76.6,16,188,75.2,23.2,16,31,125,76.0,16,81.2,21.6,2.9
41644,MNQ,5min,reversal_to_open,29.5341,6.565,1240,2024-04-22,100.0,23,97.3,19,95.2,19,90.4,19,89.3,18,500,100.0,23,187,96.8,0.0,19,40,126,98.7,23,86.3,0.9,13.2
21228,FDXM,5min,opposite_level,29.5156,5.227,4437,2024-03-28,83.0,17,78.7,16,75.0,16,73.9,16,73.4,16,500,83.0,17,188,72.0,27.2,17,38,125,78.6,17,80.8,72.6,4.5
17884,6E,5min,reversal_to_open,29.4739,4.392,3031,2024-04-29,90.4,17,85.6,17,82.4,16,81.8,16,81.8,16,500,90.4,17,187,89.7,7.1,18,37,126,90.1,18,90.7,45.0,40.3
11188,6E,5min,reversal_to_open,29.4349,4.786,3055,2024-04-29,92.5,15,89.8,15,88.8,15,88.8,15,89.3,15,500,92.5,15,187,87.3,7.9,18,43,126,90.4,17,88.2,45.3,40.1
26216,FDXM,5min,opposite_level,29.4251,5.242,3653,2024-03-28,83.5,17,83.0,17,81.9,17,81.9,17,81.9,17,500,83.5,17,188,73.6,24.8,17,37,125,79.6,17,84.0,72.1,4.5
19972,MNQ,5min,reversal_to_open,29.2976,6.124,4058,2024-04-22,87.7,25,79.7,23,73.8,23,66.3,22,63.1,22,500,87.7,25,187,84.1,14.3,22,60,126,86.3,23,87.5,0.1,7.7
32344,6E,5min,opposite_level,29.2434,5.717,1189,2024-04-29,98.4,29,93.0,25,90.4,23,87.7,23,86.6,23,500,98.4,29,187,90.5,4.0,33,54,126,95.2,30,70.6,5.5,25.7
3104,6E,5min,opposite_level,29.2429,4.293,2918,2024-04-29,94.7,11,92.0,10,90.4,10,89.8,11,89.3,10,500,94.7,11,187,84.9,13.5,12,25,126,90.7,11,88.5,43.6,40.2
4064,FDXM,3min,reversal_to_open,29.238,5.364,1222,2024-03-28,95.7,30,95.2,29,94.7,29,94.1,29,94.1,29,500,95.7,30,188,90.4,7.2,25,53,125,93.6,29,93.0,79.5,4.6
18336,FDXM,5min,reversal_to_open,29.1968,6.104,2308,2024-03-28,88.3,31,83.5,29,81.4,29,79.8,29,77.7,29,500,88.3,31,188,85.6,12.0,29,52,125,87.2,31,89.1,5.6,2.1
30232,FDXM,5min,reversal_to_open,29.0881,6.521,842,2024-03-28,90.9,108,87.7,94,81.8,85,84.5,82,83.4,81,500,90.9,108,187,57.6,36.8,157,212,125,77.6,117,79.5,2.9,1.8
1088,FDXM,5min,opposite_level,29.0305,4.566,6705,2024-03-28,83.0,15,83.0,12,79.8,12,79.3,12,78.2,12,750,83.0,12,188,70.4,29.6,12,29,125,78.0,12,80.5,43.3,3.6
41948,FDXM,3min,reversal_to_open,29.0258,6.092,2733,2024-03-28,86.2,24,81.4,23,75.5,19,75.0,19,75.5,19,500,86.2,24,188,86.4,10.4,19,36,125,86.3,23,87.5,12.8,2.4
15408,FDXM,3min,reversal_to_open,29.0256,4.127,3637,2024-03-28,83.0,17,80.9,17,78.2,17,78.2,16,76.6,16,500,83.0,17,188,77.6,21.6,17,32,125,80.8,17,84.0,49.7,3.8
12884,MNQ,3min,opposite_level,29.0232,3.847,6053,2024-04-22,62.0,15,59.4,15,57.8,12,58.3,12,57.8,12,500,62.0,15,187,49.2,49.2,15,32,126,56.9,15,65.5,6.5,21.8
30096,FDXM,5min,reversal_to_open,28.9727,5.789,770,2024-03-28,98.9,60,96.8,54,95.2,51,93.1,47,92.6,47,500,98.9,60,188,99.2,0.0,47,86,125,99.0,54,88.2,17.3,2.8
6288,FDXM,3min,reversal_to_open,28.9086,5.874,1492,2024-03-28,93.6,40,88.8,36,86.2,33,86.7,32,85.1,31,500,93.6,40,188,92.0,4.0,29,78,125,93.0,33,88.8,7.2,2.2
38648,MNQ,3min,opposite_level,28.9006,5.379,1811,2024-04-22,72.7,47,63.6,43,58.3,38,55.6,37,56.1,38,500,72.7,47,187,66.7,31.0,33,80,126,70.3,40,75.7,2.0,13.6
37268,FDXM,3min,opposite_level,28.889,6.068,1031,2024-03-28,100.0,26,99.5,24,96.8,23,96.3,19,94.1,18,500,100.0,26,187,96.8,0.0,24,39,125,98.7,25,67.6,14.8,2.2
13176,FDXM,5min,reversal_to_open,28.8542,5.597,815,2024-03-28,99.5,37,98.4,31,96.8,30,94.7,26,94.1,24,500,99.5,37,188,94.4,1.6,40,66,125,97.4,38,76.4,6.0,2.0
16912,FDXM,5min,reversal_to_open,28.8504,6.516,1096,2024-03-28,100.0,24,98.9,22,97.9,19,96.3,19,96.3,17,500,100.0,24,188,96.8,0.0,24,40,125,98.7,24,76.4,17.8,2.7
4400,6E,5min,opposite_level,28.8362,4.477,2451,2024-04-29,93.6,12,92.5,12,92.0,12,92.0,11,92.0,11,500,93.6,12,187,94.4,3.2,15,25,126,93.9,12,88.8,51.1,41.7
15640,6E,5min,reversal_to_open,28.7778,5.439,2482,2024-04-29,95.7,17,93.6,17,92.0,16,92.0,16,90.9,16,500,95.7,17,187,96.8,2.4,15,26,126,96.2,16,93.6,73.6,46.1
11152,FDXM,5min,reversal_to_open,28.765,5.969,1197,2024-03-28,100.0,18,99.5,16,98.9,15,98.9,15,98.9,11,500,100.0,18,188,96.8,0.0,16,29,125,98.7,18,41.2,12.3,2.5
43184,FDXM,3min,reversal_to_open,28.7646,6.483,747,2024-03-28,93.6,73,86.2,67,82.4,59,83.0,54,79.8,47,500,93.6,73,188,88.0,6.4,47,75,125,91.4,59,89.8,11.1,2.1
3876,MNQ,5min,reversal_to_open,28.7636,5.22,3136,2024-04-22,89.8,32,80.7,26,75.4,25,71.1,25,70.6,25,500,89.8,32,187,89.7,7.1,26,71,126,89.8,29,89.1,0.0,6.9
116,6E,5min,reversal_to_open,28.727,4.64,2251,2024-04-29,95.2,16,94.1,15,94.1,15,94.1,15,94.1,15,500,95.2,16,187,82.5,12.7,17,40,126,90.1,16,84.3,45.8,41.0
9304,FDXM,3min,opposite_level,28.706,5.246,4431,2024-03-28,80.9,17,73.9,17,72.9,17,72.9,17,72.3,17,500,80.9,17,188,72.0,27.2,18,38,125,77.3,17,81.5,82.6,4.7
8112,6E,3min,reversal_to_open,28.658,4.271,6101,2024-04-29,90.4,15,88.2,12,87.7,12,87.7,12,87.7,12,500,90.4,15,187,93.7,5.6,12,26,126,91.7,12,92.0,75.9,46.6
33320,6E,3min,reversal_to_open,28.6041,4.177,2967,2024-04-29,95.7,12,94.7,12,93.6,12,94.1,12,94.1,12,500,95.7,12,187,87.3,8.7,17,32,126,92.3,15,86.6,59.2,43.4
4948,FDXM,3min,reversal_to_open,28.5937,6.037,1687,2024-03-28,94.7,31,91.0,25,88.8,23,85.6,22,84.0,23,500,94.7,31,188,90.4,4.0,25,47,125,93.0,29,93.9,22.3,2.7
25692,MNQ,5min,opposite_level,28.5111,5.403,2448,2024-04-22,95.2,18,86.1,16,85.0,15,69.5,15,67.9,15,500,95.2,18,187,88.9,8.7,16,33,126,92.7,18,84.7,0.0,7.2
380,6E,5min,reversal_to_open,28.4628,4.894,3694,2024-04-29,95.2,16,93.6,16,92.5,16,92.5,16,92.5,16,500,95.2,16,187,92.1,7.1,15,30,126,93.9,16,93.9,80.0,47.3
1928,MNQ,5min,opposite_level,28.4,4.464,3648,2024-04-22,70.1,17,64.2,17,58.8,16,57.2,16,56.1,16,500,70.1,17,187,57.9,40.5,22,46,126,65.2,18,73.5,7.4,20.9
35776,6E,5min,opposite_level,28.376,5.755,1750,2024-04-29,88.2,26,82.4,23,80.7,22,79.7,22,79.7,22,500,88.2,26,187,95.2,3.2,23,47,125,91.0,24,89.1,20.4,33.4
41868,6E,5min,opposite_level,28.3549,4.103,2976,2024-04-29,93.6,11,91.4,11,90.9,11,90.4,11,90.4,11,500,93.6,11,187,83.3,14.3,11,22,126,89.5,11,88.2,41.5,39.7
35688,6E,3min,reversal_to_open,28.3388,4.216,6149,2024-04-29,90.4,15,87.7,12,87.2,12,87.2,12,87.2,12,500,90.4,15,187,93.7,5.6,12,26,126,91.7,12,92.0,75.9,46.6
17900,FDXM,3min,reversal_to_open,28.254,5.96,1152,2024-03-28,96.3,39,94.1,36,89.9,30,87.8,31,87.2,30,500,96.3,39,188,94.4,0.0,33,54,125,95.5,37,90.4,11.3,2.1
6636,6E,5min,reversal_to_open,28.1373,3.792,3772,2024-04-29,83.4,18,83.4,17,83.4,17,84.0,17,83.4,17,1250,84.0,17,187,84.1,13.5,19,38,126,84.0,17,86.6,99.0,49.9
35384,6E,5min,reversal_to_open,28.087,5.771,2773,2024-04-29,100.0,16,95.7,12,92.5,12,88.8,11,87.7,11,500,100.0,16,187,96.8,0.8,15,30,126,98.7,15,82.1,11.4,27.4
5892,MNQ,3min,opposite_level,28.046,6.044,836,2024-04-22,96.8,39,92.5,37,87.7,32,81.8,31,80.7,31,500,96.8,39,187,86.5,10.3,46,89,126,92.7,40,91.7,0.8,12.4
13016,FDXM,3min,reversal_to_open,27.9948,5.333,1218,2024-03-28,98.9,26,96.8,22,95.2,22,95.2,22,94.7,22,500,98.9,26,188,95.2,1.6,25,44,125,97.4,25,90.4,36.9,3.3
40424,MNQ,3min,reversal_to_open,27.8393,4.575,2471,2024-04-22,69.0,26,66.8,25,66.3,29,64.7,26,64.7,25,500,69.0,26,187,58.7,38.1,29,59,126,64.9,26,73.2,38.6,35.2
22792,MNQ,5min,reversal_to_open,27.8383,3.944,6702,2024-04-22,65.2,19,56.1,17,55.1,16,53.5,16,53.5,16,500,65.2,19,187,61.1,37.3,19,38,126,63.6,19,70.3,10.6,21.6
19112,FDXM,3min,reversal_to_open,27.817,3.923,5524,2024-03-28,72.9,18,69.7,22,66.5,17,66.0,17,66.5,17,500,72.9,18,188,78.4,18.4,17,36,125,75.1,18,78.3,10.1,2.5
37472,6E,5min,reversal_to_open,27.7946,4.757,2463,2024-04-29,93.0,16,93.0,15,90.4,12,89.8,12,89.8,12,750,93.0,15,187,94.4,3.2,15,23,126,93.6,15,93.9,77.1,47.0
12976,6E,3min,reversal_to_open,27.7896,6.494,935,2024-04-29,77.0,66,74.9,64,74.9,64,73.8,66,72.7,66,500,77.0,66,187,91.2,0.8,99,183,125,82.7,78,85.9,47.2,40.5
10096,FDXM,3min,reversal_to_open,27.7832,4.333,3198,2024-03-28,93.6,24,85.1,19,79.8,19,79.8,19,79.8,19,500,93.6,24,188,90.4,7.2,19,40,125,92.3,22,87.5,16.2,2.8
24172,MNQ,5min,reversal_to_open,27.7766,5.987,655,2024-04-22,100.0,78,100.0,68,95.7,65,92.0,65,87.2,67,750,100.0,68,187,95.2,0.0,68,235,126,98.1,68,95.8,0.0,11.4
16180,MNQ,5min,opposite_level,27.6741,4.129,4096,2024-04-22,58.3,22,47.6,19,46.5,18,46.0,18,46.5,18,500,58.3,22,187,46.0,51.6,26,50,126,53.4,22,66.5,8.4,22.4
34632,6E,3min,reversal_to_open,27.6496,5.716,1122,2024-04-29,72.7,113,66.3,103,67.4,96,65.2,88,64.2,89,500,72.7,113,187,49.2,37.3,89,264,126,63.3,106,72.5,31.9,34.5
8084,MNQ,5min,reversal_to_open,27.6397,4.595,1206,2024-04-22,99.5,32,94.7,25,90.9,25,87.2,25,86.1,24,500,99.5,32,187,92.9,3.2,31,60,126,96.8,31,72.5,0.0,8.2
4156,FDXM,3min,reversal_to_open,27.6354,4.03,3011,2024-03-28,89.4,22,83.5,18,81.4,17,79.3,17,77.1,16,500,89.4,22,188,85.6,12.8,19,40,125,87.9,22,87.5,28.0,2.9
41360,6E,3min,reversal_to_open,27.5984,4.141,7708,2024-04-29,82.9,10,83.4,10,83.4,10,83.4,10,83.4,10,750,83.4,10,187,88.1,11.1,10,22,126,85.3,10,86.3,94.0,49.3
19952,6E,3min,reversal_to_open,27.4378,3.971,3688,2024-04-29,81.3,18,79.1,16,78.1,16,79.7,16,79.7,16,500,81.3,18,187,84.1,12.7,15,32,126,82.4,16,86.3,50.9,41.7
32228,MNQ,3min,opposite_level,27.4121,4.513,2483,2024-04-22,73.8,25,65.8,25,66.3,24,60.4,24,58.3,23,500,73.8,25,187,58.7,38.1,25,58,126,67.7,25,75.7,16.2,27.0
42928,FDXM,3min,reversal_to_open,27.4074,4.429,3652,2024-03-28,74.5,30,72.3,30,72.3,30,72.3,30,72.3,30,500,74.5,30,188,64.0,34.4,24,65,125,70.3,26,74.8,80.7,4.6
26976,FDXM,3min,reversal_to_open,27.3163,4.979,2438,2024-03-28,91.0,24,87.2,18,86.7,17,84.0,17,81.9,17,500,91.0,24,188,84.0,12.8,22,43,125,88.2,23,88.2,12.3,2.4
41548,MNQ,3min,reversal_to_open,27.2997,3.917,3676,2024-04-22,82.9,19,73.3,18,66.8,17,64.2,15,61.5,15,500,82.9,19,187,81.7,16.7,22,40,126,82.4,19,85.0,4.9,15.4
27056,FDXM,3min,reversal_to_open,27.2942,5.97,1523,2024-03-28,100.0,18,98.9,16,99.5,16,98.9,15,98.9,15,500,100.0,18,188,99.2,0.8,17,32,125,99.7,18,74.4,19.5,2.7
24032,MNQ,5min,reversal_to_open,27.2534,4.334,4008,2024-04-22,82.9,17,73.3,17,64.7,16,60.4,15,59.9,15,500,82.9,17,187,81.7,16.7,11,25,126,82.4,16,86.6,0.5,13.0
30308,FDXM,3min,reversal_to_open,27.2531,4.675,3585,2024-03-28,96.3,23,89.4,18,87.8,17,84.6,17,83.5,17,500,96.3,23,188,88.0,9.6,17,37,125,93.0,22,93.6,22.7,2.6
37392,MNQ,5min,reversal_to_open,27.192,4.919,1241,2024-04-22,95.7,24,91.4,24,84.0,23,79.7,19,78.6,19,500,95.7,24,187,89.7,7.9,23,52,126,93.3,23,92.3,4.4,19.0
10652,MNQ,5min,opposite_level,27.1255,3.835,3698,2024-04-22,70.1,16,63.6,15,52.9,15,51.9,15,51.3,12,500,70.1,16,187,70.6,27.0,12,36,126,70.3,15,77.6,0.7,13.0
27308,FDXM,3min,opposite_level,27.0971,4.759,2269,2024-03-28,87.2,19,87.2,19,85.1,19,84.6,19,85.1,19,500,87.2,19,188,89.6,9.6,18,33,125,88.2,19,91.1,55.8,4.1
30184,MNQ,3min,reversal_to_open,27.0519,4.717,2021,2024-04-22,96.3,31,92.0,31,85.6,30,78.6,29,76.5,26,500,96.3,31,187,91.3,4.8,33,75,126,94.2,31,80.5,0.0,6.8
3972,FDXM,3min,opposite_level,27.0486,5.027,2180,2024-03-28,88.3,26,88.3,24,84.6,19,85.1,18,83.5,17,750,88.3,24,188,82.4,16.8,19,51,125,85.9,23,84.3,35.3,3.4
8492,MNQ,5min,reversal_to_open,27.0472,3.88,3284,2024-04-22,82.4,32,70.6,30,64.7,30,57.2,26,56.1,26,500,82.4,32,187,75.4,23.0,31,75,126,79.6,31,82.7,0.1,8.4
2676,6E,5min,opposite_level,27.0348,4.176,4769,2024-04-29,87.2,12,82.4,12,82.4,12,81.8,12,82.4,12,500,87.2,12,187,94.4,4.0,12,25,126,90.1,12,91.4,62.9,43.8
26368,MNQ,5min,reversal_to_open,26.9999,4.692,1545,2024-04-22,92.5,25,88.8,23,84.5,22,82.4,19,80.7,18,500,92.5,25,187,91.3,4.8,26,50,126,92.0,25,84.0,0.6,12.0
25860,FDXM,3min,reversal_to_open,26.9816,5.293,1527,2024-03-28,86.2,50,77.1,37,76.1,33,73.9,30,73.9,30,500,86.2,50,188,79.2,11.2,33,92,125,83.4,43,85.3,15.6,2.6
26676,6E,5min,reversal_to_open,26.9678,4.689,2461,2024-04-29,89.8,16,89.8,15,90.4,15,89.8,15,89.8,15,1000,90.4,15,187,91.3,6.3,12,23,126,90.7,12,93.0,91.2,49.1
30572,FDXM,3min,opposite_level,26.9574,4.12,3211,2024-03-28,91.4,16,89.3,16,87.2,16,86.6,16,86.1,12,500,91.4,16,187,84.8,15.2,16,31,125,88.8,16,88.5,36.7,3.5
28960,6E,5min,opposite_level,26.9204,4.817,3671,2024-04-29,95.2,10,95.2,10,90.9,9,89.8,9,90.4,9,500,95.2,10,187,95.2,3.2,10,22,126,95.2,10,93.9,31.3,34.7
3912,6E,5min,reversal_to_open,26.8879,4.68,1997,2024-04-29,98.4,25,95.7,22,88.2,18,86.1,18,87.2,18,500,98.4,25,187,94.4,2.4,31,58,126,96.8,29,70.9,5.5,24.9
15052,6E,3min,reversal_to_open,26.8752,4.508,2469,2024-04-29,95.2,16,93.0,15,94.1,15,94.1,15,94.1,15,500,95.2,16,187,94.4,3.2,15,26,126,94.9,16,95.5,69.1,45.7
17088,FDXM,3min,reversal_to_open,26.8634,4.333,6024,2024-03-28,78.7,17,75.0,17,75.0,17,75.0,17,75.0,17,500,78.7,17,188,74.4,24.0,17,37,125,77.0,17,79.9,84.9,4.7
32744,FDXM,3min,reversal_to_open,26.8181,4.733,3660,2024-03-28,82.4,29,79.8,29,78.7,30,78.7,30,78.7,30,500,82.4,29,188,69.6,28.8,23,50,125,77.3,25,79.9,82.6,4.7
43924,MNQ,3min,reversal_to_open,26.7309,4.062,3692,2024-04-22,78.6,16,74.3,16,65.8,16,64.2,16,63.1,15,500,78.6,16,187,73.8,23.8,22,57,126,76.7,17,83.7,1.5,16.5
18776,FDXM,3min,opposite_level,26.6549,3.553,8309,2024-03-28,73.9,15,67.6,12,68.6,12,67.6,12,67.0,12,500,73.9,15,188,65.6,34.4,15,33,125,70.6,15,75.4,23.9,2.8
36852,6E,5min,reversal_to_open,26.6379,3.821,5964,2024-04-29,88.8,12,87.2,12,87.7,12,86.6,12,86.6,12,500,88.8,12,187,84.9,11.1,15,30,126,87.2,12,88.2,60.1,43.2
5268,6E,5min,reversal_to_open,26.5485,4.363,3442,2024-04-29,96.3,18,95.7,18,95.7,18,95.7,18,95.7,18,500,96.3,18,187,95.2,4.0,22,39,126,95.8,22,96.2,90.6,48.9
20948,MNQ,3min,opposite_level,26.4463,4.071,3615,2024-04-22,78.1,17,73.3,17,65.2,17,58.3,16,57.8,16,500,78.1,17,187,76.2,22.2,15,33,126,77.3,16,81.2,0.0,9.6
34656,6E,3min,opposite_level,26.4082,5.307,995,2024-04-29,91.4,45,86.6,44,77.4,38,76.9,37,78.0,37,500,91.4,45,186,88.1,8.7,66,137,126,90.1,52,83.7,11.0,28.4
9536,6E,5min,opposite_level,26.358,5.919,2142,2024-04-29,80.7,29,78.6,25,76.5,25,76.5,24,76.5,24,500,80.7,29,187,89.6,4.0,31,58,125,84.3,30,87.8,40.1,38.7
44560,MNQ,5min,opposite_level,26.3219,4.788,1734,2024-04-22,87.7,31,79.7,30,74.9,25,64.7,24,64.2,25,500,87.7,31,187,90.4,7.2,38,89,125,88.8,32,89.1,0.3,6.9
33324,6E,5min,reversal_to_open,26.2901,4.682,2097,2024-04-29,88.8,39,84.5,32,79.7,29,75.9,26,75.4,25,500,88.8,39,187,82.5,11.9,40,79,126,86.3,39,77.6,5.2,20.5
24240,6E,5min,reversal_to_open,26.2566,4.798,1220,2024-04-29,100.0,18,98.9,17,98.9,17,98.9,16,98.4,16,500,100.0,18,187,96.8,0.8,22,39,126,98.7,18,59.4,49.5,41.5
30632,MNQ,5min,reversal_to_open,26.2478,4.314,2389,2024-04-22,93.6,25,87.2,23,81.8,22,72.7,19,70.1,18,500,93.6,25,187,89.7,7.1,22,47,126,92.0,23,84.3,0.0,6.8
6320,MNQ,5min,opposite_level,26.2347,3.905,3647,2024-04-22,80.2,18,74.3,18,64.2,18,56.7,17,56.1,17,500,80.2,18,187,67.5,31.0,18,44,126,75.1,18,81.2,0.0,8.9
26720,6E,5min,reversal_to_open,26.1833,5.602,1206,2024-04-29,100.0,17,99.5,16,98.4,16,98.4,16,98.4,16,500,100.0,17,187,97.6,0.0,17,32,126,99.0,17,81.8,76.5,46.7
20052,6E,5min,reversal_to_open,26.1788,3.491,6074,2024-04-29,77.5,15,75.4,15,75.4,12,75.4,12,75.4,12,500,77.5,15,187,77.8,20.6,16,25,126,77.6,15,82.1,74.7,46.6
28888,6E,5min,reversal_to_open,26.1507,4.26,2190,2024-04-29,90.4,22,89.3,22,88.8,22,87.7,18,86.6,18,500,90.4,22,187,96.0,2.4,23,51,126,92.7,23,83.1,51.3,41.1
28820,MNQ,5min,reversal_to_open,26.1161,4.398,2477,2024-04-22,80.7,23,71.1,23,69.5,22,59.9,19,59.4,18,500,80.7,23,187,79.4,17.5,22,50,126,80.2,22,84.3,3.1,18.1
41476,MNQ,5min,reversal_to_open,25.9534,3.974,2441,2024-04-22,86.6,19,79.7,19,75.4,18,66.8,15,67.4,15,500,86.6,19,187,89.7,7.1,18,44,126,87.9,19,88.5,2.7,15.5
8956,MNQ,3min,opposite_level,25.9003,4.583,2530,2024-04-22,76.5,33,67.9,33,62.0,30,58.3,30,56.7,29,500,76.5,33,187,69.0,29.4,29,64,126,73.5,30,76.4,0.2,9.4
20888,6E,3min,reversal_to_open,25.8951,3.512,6100,2024-04-29,80.7,15,77.5,11,76.5,11,75.9,11,75.9,11,500,80.7,15,187,83.3,15.1,15,31,126,81.8,15,85.6,50.3,41.4
12636,6E,3min,reversal_to_open,25.8776,3.913,3160,2024-04-29,82.4,33,79.1,37,75.4,33,74.9,36,73.3,36,500,82.4,33,187,80.2,15.1,30,58,126,81.5,33,84.7,35.1,35.7
36292,MNQ,5min,opposite_level,25.8428,3.477,5487,2024-04-22,62.0,18,52.4,17,49.2,17,47.1,18,47.1,17,500,62.0,18,187,56.3,42.1,19,43,126,59.7,18,69.0,0.3,12.4
27200,6E,5min,reversal_to_open,25.798,5.238,2314,2024-04-29,96.8,17,95.7,17,93.6,17,93.6,17,93.6,17,500,96.8,17,187,97.6,1.6,15,36,126,97.1,16,95.2,81.4,47.4
40776,6E,3min,reversal_to_open,25.7634,4.366,3695,2024-04-29,89.8,18,88.8,18,88.8,18,88.8,18,88.8,18,500,89.8,18,187,88.1,7.9,18,33,126,89.1,18,91.4,86.4,48.2
4896,6E,3min,reversal_to_open,25.7448,3.917,5070,2024-04-29,86.6,23,85.6,23,85.6,23,84.5,19,84.5,19,500,86.6,23,187,84.1,12.7,23,39,126,85.6,23,88.5,89.3,48.4
1728,6E,5min,opposite_level,25.6229,3.582,6023,2024-04-29,72.2,15,69.5,12,70.6,12,70.1,10,70.1,10,500,72.2,15,187,74.6,23.8,12,26,126,73.2,15,78.6,16.5,30.7
38684,MNQ,5min,reversal_to_open,25.5704,3.665,3633,2024-04-22,76.5,17,70.6,17,62.6,17,63.6,17,62.6,16,500,76.5,17,187,74.6,23.8,22,50,126,75.7,19,82.1,5.1,18.5
12748,6E,5min,opposite_level,25.5473,3.532,6066,2024-04-29,79.1,12,76.5,11,77.5,11,77.0,11,75.9,11,500,79.1,12,187,80.2,18.3,12,22,126,79.6,12,81.5,36.2,37.8
44440,6E,3min,opposite_level,25.5181,5.607,1179,2024-04-29,98.9,18,97.9,16,96.8,16,96.8,12,96.3,12,500,98.9,18,187,97.6,0.0,17,26,126,98.4,18,70.6,40.5,37.6
14552,MNQ,3min,reversal_to_open,25.4368,4.111,3699,2024-04-22,79.7,19,75.4,17,69.0,17,66.8,17,66.3,17,500,79.7,19,187,69.0,30.2,23,68,126,75.4,22,82.1,5.3,19.6
14612,MNQ,5min,reversal_to_open,25.4049,4.612,1233,2024-04-22,87.2,26,81.8,26,80.2,26,78.6,26,78.1,26,500,87.2,26,187,84.1,12.7,33,61,126,85.9,29,89.8,26.4,31.1
22756,MNQ,5min,reversal_to_open,25.377,3.672,2862,2024-04-22,83.4,29,72.7,25,68.4,23,64.7,22,64.7,22,500,83.4,29,187,85.7,11.1,24,71,126,84.3,26,83.1,1.0,11.1
20960,MNQ,3min,opposite_level,25.3302,3.686,5504,2024-04-22,68.4,22,61.5,22,61.5,19,60.4,18,59.4,18,500,68.4,22,187,67.5,31.0,18,46,126,68.1,19,73.2,6.7,13.5
25980,6E,5min,reversal_to_open,25.2263,2.9,16843,2024-04-29,80.2,9,78.1,9,77.0,9,75.9,9,75.9,9,500,80.2,9,187,81.7,17.5,11,23,126,80.8,9,84.7,70.5,45.3
26220,6E,3min,reversal_to_open,25.1976,4.152,1666,2024-04-29,95.2,32,93.6,29,91.4,29,88.8,26,88.8,26,500,95.2,32,187,71.4,22.2,46,106,126,85.6,33,82.1,22.4,34.2
37388,MNQ,5min,reversal_to_open,25.1586,4.16,2452,2024-04-22,89.3,25,82.9,22,72.7,19,65.2,18,64.7,18,500,89.3,25,187,81.0,16.7,24,57,126,85.9,24,84.7,0.4,11.8
15136,6E,5min,reversal_to_open,25.1411,3.612,3534,2024-04-29,80.7,23,81.3,23,79.7,22,79.1,22,78.1,22,750,81.3,23,187,91.3,6.3,24,43,126,85.3,23,85.6,76.6,46.2
22248,MNQ,5min,reversal_to_open,25.0705,4.539,2457,2024-04-22,89.3,17,81.3,15,77.5,15,67.9,12,68.4,12,500,89.3,17,187,92.9,4.0,15,29,126,90.7,17,87.5,1.2,13.7
13572,MNQ,5min,opposite_level,25.0318,3.692,3490,2024-04-22,73.8,25,66.8,23,57.8,23,54.0,19,55.1,18,500,73.8,25,187,67.5,31.7,26,54,126,71.2,26,78.6,5.2,15.2
40632,6E,5min,opposite_level,24.9984,3.33,5490,2024-04-29,75.9,17,70.6,17,69.0,16,68.4,16,67.9,16,500,75.9,17,187,65.9,27.8,17,32,126,71.9,17,78.3,29.2,36.2
20432,MNQ,3min,reversal_to_open,24.981,4.252,1210,2024-04-22,95.7,30,88.8,25,82.9,24,79.1,24,77.0,24,500,95.7,30,187,90.5,5.6,32,53,126,93.6,31,78.6,0.8,11.9
22844,MNQ,3min,reversal_to_open,24.9197,3.303,4565,2024-04-22,69.0,22,61.0,19,57.2,19,53.5,19,52.9,18,500,69.0,22,187,65.9,31.0,26,68,126,67.7,24,75.1,1.4,14.7
388,MNQ,5min,opposite_level,24.9182,4.265,1211,2024-04-22,92.5,30,85.6,29,80.2,25,78.6,24,77.5,23,500,92.5,30,187,87.3,11.9,44,151,126,90.4,32,83.4,8.1,14.8
16092,MNQ,5min,reversal_to_open,24.8368,3.716,3671,2024-04-22,77.0,18,69.0,18,63.6,17,60.4,17,60.4,17,500,77.0,18,187,78.6,19.8,22,50,126,77.6,19,83.7,2.1,16.1
31272,6E,3min,reversal_to_open,24.8308,3.945,5955,2024-04-29,92.0,15,90.4,12,89.8,12,88.8,12,89.3,12,500,92.0,15,187,95.2,3.2,15,30,126,93.3,15,93.0,90.2,48.5
9388,6E,5min,opposite_level,24.7752,3.779,4492,2024-04-29,85.6,11,84.5,11,83.4,11,84.0,11,84.0,11,500,85.6,11,187,77.8,19.8,11,25,126,82.4,11,84.7,54.5,42.6
11256,6E,5min,reversal_to_open,24.7495,5.35,710,2024-04-29,100.0,51,100.0,43,99.5,40,98.9,40,98.4,40,750,100.0,43,187,88.1,0.0,40,85,126,95.2,43,73.8,60.6,43.6
5700,MNQ,5min,reversal_to_open,24.7404,4.116,2515,2024-04-22,89.8,36,81.8,36,75.4,30,70.1,29,68.4,29,500,89.8,36,187,85.7,9.5,32,57,126,88.2,36,83.7,0.0,6.1
7864,6E,5min,opposite_level,24.6957,5.396,2344,2024-04-29,97.3,16,96.3,16,94.7,16,94.7,16,94.7,16,500,97.3,16,187,94.4,4.8,15,36,126,96.2,15,92.7,81.3,47.4
16836,MNQ,3min,reversal_to_open,24.6823,5.524,1709,2024-04-22,90.9,36,83.4,32,79.1,31,71.7,30,71.1,30,500,90.9,36,187,81.7,8.7,38,73,126,87.2,37,90.4,5.3,11.7
2412,MNQ,3min,reversal_to_open,24.5701,3.637,3643,2024-04-22,74.9,26,66.3,26,57.2,24,55.6,24,54.0,23,500,74.9,26,187,65.1,33.3,31,59,126,70.9,30,77.0,1.1,10.8
37108,MNQ,3min,reversal_to_open,24.5389,3.512,3691,2024-04-22,69.5,18,63.1,17,57.2,15,57.2,15,56.1,15,500,69.5,18,187,61.9,33.3,19,45,126,66.5,18,78.3,1.8,18.1
38156,MNQ,5min,opposite_level,24.4607,4.523,1183,2024-04-22,87.7,24,81.3,23,74.9,23,70.6,18,68.4,18,500,87.7,24,187,71.4,25.4,29,72,126,81.2,25,85.3,1.9,17.9
14208,6E,5min,opposite_level,24.4596,4.116,3719,2024-04-29,85.6,16,85.0,16,85.6,16,85.6,16,85.6,16,500,85.6,16,187,87.3,11.1,15,24,126,86.3,16,88.2,66.8,45.1
25440,MNQ,5min,reversal_to_open,24.4497,4.832,1531,2024-04-22,93.0,25,87.2,24,82.4,23,79.1,19,79.7,18,500,93.0,25,187,86.5,9.5,26,54,126,90.4,25,87.5,2.5,13.8
232,MNQ,5min,reversal_to_open,24.4485,4.096,1223,2024-04-22,98.9,59,91.4,53,80.2,46,77.0,46,74.9,46,500,98.9,59,187,92.9,1.6,59,106,126,96.5,59,80.8,0.0,6.4
5076,MNQ,3min,reversal_to_open,24.4201,4.141,2466,2024-04-22,77.5,24,67.4,19,66.3,19,58.3,19,59.4,19,500,77.5,24,187,71.4,26.2,22,54,126,75.1,22,83.4,2.4,19.3
3176,MNQ,3min,reversal_to_open,24.4088,5.315,1123,2024-04-22,88.8,45,87.2,44,78.6,44,74.3,43,72.7,43,500,88.8,45,187,89.7,6.3,59,101,126,89.1,50,89.1,0.1,8.5
13364,MNQ,3min,reversal_to_open,24.3232,3.813,2577,2024-04-22,74.9,26,67.9,23,63.6,19,57.8,19,55.6,17,500,74.9,26,187,77.0,20.6,36,79,126,75.7,31,80.8,7.5,19.1
13628,MNQ,5min,reversal_to_open,24.3136,4.067,4556,2024-04-22,75.9,16,63.6,16,57.8,15,57.2,15,56.1,15,500,75.9,16,187,79.4,18.3,15,33,126,77.3,16,81.5,0.4,12.5
6552,MNQ,3min,reversal_to_open,24.2887,4.246,2467,2024-04-22,64.7,31,61.5,29,60.4,29,59.4,26,59.4,26,500,64.7,31,187,54.0,42.1,29,66,126,60.4,31,70.9,43.3,37.1
41832,6E,5min,reversal_to_open,24.2845,4.108,5730,2024-04-29,85.0,18,80.2,17,78.1,17,77.5,17,75.9,17,500,85.0,18,187,79.4,17.5,15,32,126,82.7,17,84.3,20.7,32.3
34640,MNQ,3min,reversal_to_open,24.2593,4.773,2483,2024-04-22,72.7,31,67.9,30,69.5,26,69.5,26,69.0,26,500,72.7,31,187,65.9,31.0,37,93,126,70.0,32,77.6,45.1,37.3
39248,6E,3min,reversal_to_open,24.2184,5.374,1881,2024-04-29,85.0,40,73.8,44,73.3,39,73.8,39,73.8,39,500,85.0,40,187,81.6,12.0,38,67,125,83.7,39,84.3,46.5,40.3
4180,MNQ,3min,reversal_to_open,24.1974,3.808,2905,2024-04-22,77.5,30,71.7,31,64.7,30,59.9,29,58.8,25,500,77.5,30,187,72.2,23.8,36,67,126,75.4,32,81.8,2.1,13.4
20548,MNQ,3min,opposite_level,24.0928,4.073,2443,2024-04-22,81.3,23,70.6,22,69.0,18,58.3,18,56.7,18,500,81.3,23,187,66.7,31.7,18,43,126,75.4,22,82.4,0.2,11.9
10700,6E,3min,reversal_to_open,24.0797,3.391,2949,2024-04-29,89.3,17,89.3,16,89.8,16,89.8,16,89.8,16,1000,89.8,16,187,81.7,12.7,22,44,126,86.6,17,87.5,96.9,49.7
30648,6E,5min,opposite_level,24.0738,3.78,3673,2024-04-29,94.7,16,94.7,15,93.6,15,94.1,16,94.1,15,750,94.7,15,187,92.1,6.3,16,37,126,93.6,16,93.9,92.5,49.0
15832,MNQ,5min,opposite_level,24.0634,3.762,4128,2024-04-22,60.4,24,53.5,23,47.6,17,46.0,17,47.6,17,500,60.4,24,187,47.6,50.0,30,71,126,55.3,25,64.2,22.3,29.0
42524,MNQ,3min,reversal_to_open,24.0611,3.625,3491,2024-04-22,75.4,24,67.4,23,59.4,23,56.7,23,55.1,19,500,75.4,24,187,75.4,20.6,26,58,126,75.4,24,78.9,0.1,10.1
14372,MNQ,5min,opposite_level,24.0606,3.774,5602,2024-04-22,68.4,23,61.5,18,58.8,18,55.6,16,55.6,16,500,68.4,23,187,65.1,33.3,22,40,126,67.1,23,75.7,13.9,23.0
27260,MNQ,5min,reversal_to_open,24.046,3.518,3492,2024-04-22,81.3,29,67.4,25,65.2,25,62.6,23,57.8,23,500,81.3,29,187,77.0,19.8,30,68,126,79.6,29,82.4,0.1,7.6
16236,6E,3min,opposite_level,24.0178,4.588,3603,2024-04-29,96.8,18,95.2,18,93.6,17,93.6,17,93.6,17,500,96.8,18,187,92.1,6.3,17,32,126,94.9,17,93.0,86.6,48.2
27888,6E,5min,opposite_level,24.0,3.587,6109,2024-04-29,86.1,16,84.0,16,84.0,16,84.5,16,84.5,16,500,86.1,16,187,84.1,13.5,16,26,126,85.3,16,88.8,89.2,48.6
2768,6E,3min,reversal_to_open,23.987,3.532,4900,2024-04-29,82.4,24,79.7,23,79.7,23,79.7,23,79.7,23,500,82.4,24,187,80.2,16.7,23,43,126,81.5,23,83.7,88.1,48.4
20936,MNQ,5min,reversal_to_open,23.82,4.502,1383,2024-04-22,96.3,24,91.4,22,86.6,19,82.4,18,78.6,17,500,96.3,24,187,93.7,2.4,25,46,126,95.2,24,66.5,0.0,8.2
12720,6E,3min,reversal_to_open,23.8042,3.47,3565,2024-04-29,85.6,19,86.1,18,86.1,17,86.1,17,86.1,17,1000,86.1,17,187,77.8,19.8,24,44,126,82.7,19,82.1,93.6,49.3
25964,MNQ,5min,reversal_to_open,23.7655,4.037,1234,2024-04-22,86.6,31,81.8,26,74.9,25,72.7,25,73.8,25,500,86.6,31,187,84.1,12.7,26,57,126,85.6,29,90.1,11.8,25.0
42200,MNQ,3min,reversal_to_open,23.7481,3.524,3013,2024-04-22,94.1,19,87.2,18,80.7,17,71.1,16,69.5,15,500,94.1,19,187,82.5,14.3,22,40,126,89.5,19,75.1,0.3,12.0
40832,6E,5min,reversal_to_open,23.6959,3.124,5944,2024-04-29,67.4,24,64.7,19,62.6,18,61.0,18,59.4,17,500,67.4,24,187,64.3,31.0,23,58,126,66.1,23,73.2,23.9,33.4
19540,MNQ,5min,reversal_to_open,23.629,3.765,2317,2024-04-22,84.0,37,72.7,32,68.4,30,62.6,30,59.4,29,500,84.0,37,187,77.8,19.0,26,68,126,81.5,32,80.2,0.2,10.7
44300,MNQ,5min,opposite_level,23.5705,3.419,3629,2024-04-22,74.3,18,71.1,18,54.5,18,54.0,18,54.0,16,500,74.3,18,187,73.0,26.2,18,33,126,73.8,18,80.2,1.8,15.8
22440,MNQ,3min,reversal_to_open,23.5399,4.337,1863,2024-04-22,72.2,61,61.5,53,58.8,51,56.1,53,54.5,47,500,72.2,61,187,71.4,19.8,57,92,126,71.9,58,78.6,0.5,9.3
7024,MNQ,3min,reversal_to_open,23.4841,3.226,4121,2024-04-22,68.4,18,64.2,18,56.7,17,52.9,17,52.9,16,500,68.4,18,187,57.9,40.5,24,57,126,64.2,19,73.8,4.9,18.4
11324,6E,5min,opposite_level,23.4746,5.274,1237,2024-04-29,99.5,18,99.5,18,99.5,17,99.5,17,99.5,17,1000,99.5,17,187,96.8,1.6,15,25,126,98.4,17,86.3,93.9,49.4
27416,MNQ,5min,opposite_level,23.4249,4.682,1172,2024-04-22,84.5,24,77.5,24,71.7,23,69.0,22,66.3,22,500,84.5,24,187,78.6,18.3,30,53,126,82.1,25,85.0,3.8,16.9
45028,MNQ,5min,opposite_level,23.3989,3.544,9071,2024-04-22,76.5,16,66.3,15,62.6,15,56.1,12,54.5,12,500,76.5,16,187,62.7,36.5,15,39,126,70.9,15,76.0,0.0,7.9
4732,6E,5min,reversal_to_open,23.2518,3.501,5775,2024-04-29,82.4,16,81.3,16,80.2,16,79.7,16,79.7,16,500,82.4,16,187,77.8,20.6,22,40,126,80.5,18,83.7,69.7,45.6
31304,MNQ,3min,reversal_to_open,23.2457,3.584,3664,2024-04-22,82.9,19,73.3,18,70.1,16,68.4,16,67.4,16,500,82.9,19,187,79.4,18.3,16,36,126,81.5,18,86.6,11.8,21.7
35040,6E,5min,reversal_to_open,23.2273,3.021,7157,2024-04-29,78.6,15,75.4,15,75.9,15,75.4,15,75.4,15,500,78.6,15,187,77.0,21.4,16,37,126,78.0,16,79.6,67.7,44.0
28752,MNQ,3min,opposite_level,23.153,3.401,3678,2024-04-22,55.1,31,52.9,32,47.6,31,44.4,30,43.3,30,500,55.1,31,187,34.9,63.5,37,61,126,47.0,31,61.7,16.3,27.1
15064,6E,3min,opposite_level,23.1008,3.647,4477,2024-04-29,84.0,17,83.4,15,82.9,12,82.9,12,82.9,12,500,84.0,17,187,86.5,11.9,15,32,126,85.0,15,85.9,70.3,45.5
39060,MNQ,3min,reversal_to_open,23.1004,3.294,4987,2024-04-22,66.3,30,58.8,26,54.5,29,49.7,24,48.1,24,500,66.3,30,187,57.1,36.5,36,64,126,62.6,31,74.8,3.5,13.6
29324,6E,5min,reversal_to_open,23.0819,4.303,2400,2024-04-29,95.2,19,92.0,18,88.2,16,84.5,16,84.5,15,500,95.2,19,187,92.1,5.6,18,33,126,93.9,18,78.6,9.1,27.6
19076,6E,5min,opposite_level,23.0739,2.651,24422,2024-04-29,72.7,8,70.6,8,70.6,8,70.6,8,70.1,8,500,72.7,8,187,70.6,27.8,8,16,126,71.9,8,79.6,38.7,37.9
44376,6E,3min,opposite_level,23.0519,4.276,2957,2024-04-29,95.7,17,94.1,17,93.6,16,93.6,16,93.6,16,500,95.7,17,187,96.8,1.6,16,30,126,96.2,16,96.5,89.7,48.7
30040,6E,3min,reversal_to_open,23.0249,3.745,3103,2024-04-29,93.0,19,91.4,18,91.4,18,91.4,18,91.4,18,500,93.0,19,187,94.4,4.0,15,30,126,93.6,17,94.9,86.1,48.4
38384,6E,5min,opposite_level,23.0136,3.205,5756,2024-04-29,75.4,15,73.3,11,73.8,11,74.3,11,74.3,11,500,75.4,15,187,61.1,37.3,17,36,126,69.6,15,77.0,71.2,46.3
40164,6E,3min,reversal_to_open,22.9995,4.126,2467,2024-04-29,96.3,23,95.7,22,95.2,22,95.2,22,95.2,22,500,96.3,23,187,96.8,1.6,17,36,126,96.5,19,94.9,82.6,47.8
8384,6E,5min,opposite_level,22.9958,5.328,1143,2024-04-29,88.2,60,82.4,59,78.6,57,77.5,53,73.8,52,500,88.2,60,187,76.0,15.2,87,218,125,83.3,67,83.0,22.0,30.1
2136,6E,5min,opposite_level,22.9755,4.694,2417,2024-04-29,97.3,17,96.8,17,96.3,17,96.3,17,96.3,17,500,97.3,17,187,95.2,4.0,18,36,126,96.5,18,96.2,85.5,48.2
27696,6E,5min,reversal_to_open,22.9521,3.859,1745,2024-04-29,91.4,30,90.4,30,90.4,30,91.4,30,91.4,30,500,91.4,30,187,74.6,19.0,36,85,126,84.7,31,82.4,73.6,46.0
14812,MNQ,3min,opposite_level,22.9402,5.192,2475,2024-04-22,84.5,19,80.2,17,81.3,17,77.5,16,75.9,16,500,84.5,19,187,79.4,18.3,22,57,126,82.4,22,87.2,27.4,26.9
42608,6E,3min,opposite_level,22.9365,4.113,2392,2024-04-29,93.0,18,89.8,16,89.3,16,89.8,16,89.3,16,500,93.0,18,187,96.8,0.8,18,39,126,94.6,18,91.7,49.6,40.6
41780,6E,5min,opposite_level,22.9098,3.567,5817,2024-04-29,76.5,15,73.3,15,70.1,15,70.1,15,70.1,15,500,76.5,15,187,77.0,19.8,15,29,126,76.7,15,79.9,39.7,39.1
14464,MNQ,3min,reversal_to_open,22.8997,3.752,6177,2024-04-22,61.0,22,57.2,22,55.6,19,56.7,19,57.2,18,500,61.0,22,187,56.3,40.5,16,47,126,59.1,19,68.1,14.2,26.4
37240,MNQ,3min,opposite_level,22.8508,3.626,3046,2024-04-22,75.9,24,65.8,24,63.1,24,52.4,24,51.9,23,500,75.9,24,187,69.8,28.6,17,40,126,73.5,22,78.9,0.2,11.7
2528,MNQ,5min,reversal_to_open,22.822,3.747,2419,2024-04-22,90.9,38,83.4,33,77.5,32,69.0,32,66.3,32,500,90.9,38,187,90.5,4.8,33,67,126,90.7,37,86.3,0.0,7.3
15268,MNQ,5min,opposite_level,22.8162,3.243,4631,2024-04-22,59.9,15,55.1,12,42.8,12,41.7,11,41.2,12,500,59.9,15,187,62.7,36.5,16,33,126,61.0,16,70.0,1.3,15.5
3132,MNQ,3min,reversal_to_open,22.8082,3.925,4739,2024-04-22,67.4,23,58.8,23,54.5,18,51.3,19,50.3,16,500,67.4,23,187,65.9,31.7,18,58,126,66.8,19,71.6,3.8,17.3
11640,MNQ,3min,opposite_level,22.7964,3.707,2261,2024-04-22,82.4,19,73.3,18,70.1,17,61.0,17,60.4,17,500,82.4,19,187,71.4,25.4,22,46,126,78.0,22,83.4,1.0,13.8
38712,MNQ,5min,opposite_level,22.7455,3.085,5592,2024-04-22,52.4,26,45.5,24,41.2,24,40.6,22,39.6,24,500,52.4,26,187,42.1,55.6,25,61,126,48.2,25,58.1,1.1,15.6
26640,6E,5min,reversal_to_open,22.741,4.165,769,2024-04-29,80.7,51,76.5,46,74.9,44,74.9,44,71.1,40,500,80.7,51,187,90.4,2.4,65,114,125,84.6,58,74.7,32.9,37.3
1604,MNQ,5min,reversal_to_open,22.6747,4.568,6101,2024-04-22,74.9,23,66.8,22,61.5,18,57.2,18,57.2,18,500,74.9,23,187,72.2,26.2,18,51,126,73.8,19,79.9,0.6,10.2
32032,MNQ,3min,reversal_to_open,22.6401,3.729,3584,2024-04-22,77.0,24,67.9,23,59.9,23,56.1,23,55.1,19,500,77.0,24,187,73.8,24.6,30,53,126,75.7,25,81.5,0.0,8.8
30816,MNQ,5min,reversal_to_open,22.5828,5.127,1226,2024-04-22,98.9,18,98.4,17,91.4,16,81.8,15,79.1,11,500,98.9,18,187,95.2,0.0,16,30,126,97.4,17,62.0,0.3,10.8
9192,MNQ,3min,reversal_to_open,22.5395,3.766,2439,2024-04-22,75.9,25,67.4,24,61.0,23,52.4,19,50.8,19,500,75.9,25,187,80.2,15.9,32,61,126,77.6,30,80.8,0.3,11.5
28832,6E,5min,reversal_to_open,22.5251,3.169,5769,2024-04-29,76.5,15,75.9,12,75.4,12,74.9,12,74.9,12,500,76.5,15,187,86.5,11.1,15,26,126,80.5,15,84.0,65.8,45.2
6120,6E,3min,reversal_to_open,22.5191,3.46,3211,2024-04-29,89.3,18,85.0,18,86.1,18,86.1,18,86.1,18,500,89.3,18,187,79.4,15.1,25,58,126,85.3,22,85.6,74.8,46.4
56,6E,5min,opposite_level,22.5163,3.349,3475,2024-04-29,84.5,16,82.4,16,81.8,16,80.2,16,80.2,15,500,84.5,16,187,78.6,18.3,17,36,126,82.1,16,84.0,61.2,43.7
25940,MNQ,5min,reversal_to_open,22.4362,3.116,4573,2024-04-22,70.6,19,59.9,17,54.5,17,49.7,16,48.7,16,500,70.6,19,187,64.3,33.3,24,52,126,68.1,22,72.5,0.3,13.9
1592,6E,3min,reversal_to_open,22.429,4.674,2871,2024-04-29,81.3,30,77.5,25,77.0,24,74.3,24,72.7,24,500,81.3,30,187,69.8,23.8,37,115,126,76.7,32,78.6,15.1,26.8
30880,6E,3min,opposite_level,22.4271,3.264,6112,2024-04-29,78.6,17,79.7,17,79.7,17,79.7,17,79.7,17,750,79.7,17,187,83.3,15.1,17,36,126,81.2,17,83.4,99.3,49.9
23180,6E,5min,reversal_to_open,22.375,3.57,2931,2024-04-29,76.5,23,75.9,24,75.4,23,75.4,23,75.4,23,500,76.5,23,187,57.1,36.5,37,75,126,68.7,26,73.5,81.0,47.5
24568,6E,5min,opposite_level,22.3488,3.493,4886,2024-04-29,72.7,16,69.0,12,67.4,12,67.9,12,67.9,12,500,72.7,16,187,69.0,29.4,18,47,126,71.2,17,78.0,45.6,40.3
11024,6E,3min,reversal_to_open,22.1298,3.276,3626,2024-04-29,81.8,18,80.7,18,81.3,18,81.8,18,81.8,18,500,81.8,18,187,78.6,16.7,24,53,126,80.5,19,83.7,68.2,45.1
33696,MNQ,3min,reversal_to_open,22.0826,3.652,5423,2024-04-22,79.1,18,69.5,18,63.6,16,61.0,16,59.9,15,500,79.1,18,187,78.6,19.0,15,39,126,78.9,16,83.7,1.5,14.0
38716,6E,3min,opposite_level,21.9962,3.573,6163,2024-04-29,78.6,16,78.1,16,78.1,16,78.1,16,78.1,16,500,78.6,16,187,81.0,15.1,16,32,126,79.6,16,84.3,94.5,49.3
9664,6E,3min,reversal_to_open,21.9931,3.952,4596,2024-04-29,92.0,12,92.0,12,90.9,12,90.4,12,90.4,12,500,92.0,12,187,94.4,4.8,12,26,126,93.0,12,95.2,87.1,48.4
22572,6E,3min,opposite_level,21.9224,4.488,2313,2024-04-29,77.5,29,74.9,26,73.8,25,72.2,23,71.7,23,500,77.5,29,187,81.0,14.3,26,51,126,78.9,26,84.0,52.3,41.5
13460,6E,3min,reversal_to_open,21.8355,4.12,2850,2024-04-29,94.1,18,94.1,18,94.1,18,94.1,18,94.1,18,500,94.1,18,187,95.2,3.2,18,43,126,94.6,18,86.3,64.5,43.8
9400,6E,3min,reversal_to_open,21.7841,3.011,3788,2024-04-29,73.3,23,72.2,23,72.2,23,71.7,23,71.7,23,500,73.3,23,187,54.0,41.3,33,113,126,65.5,26,70.9,83.9,47.6
8292,MNQ,3min,reversal_to_open,21.764,4.27,1354,2024-04-22,90.4,71,80.7,68,70.1,65,65.2,65,63.6,65,500,90.4,71,187,79.4,16.7,61,158,126,85.9,67,86.6,0.5,10.4
13148,6E,3min,reversal_to_open,21.7546,3.712,1328,2024-04-29,98.9,32,96.8,26,96.3,24,96.3,22,95.7,22,500,98.9,32,187,94.4,1.6,38,64,126,97.1,36,53.7,33.7,36.8
26816,MNQ,3min,opposite_level,21.7496,2.733,15393,2024-04-22,61.5,17,54.0,16,51.9,12,47.6,12,46.0,12,500,61.5,17,187,51.6,46.8,17,40,126,57.5,17,67.4,0.1,7.8
31360,6E,3min,opposite_level,21.5994,3.692,5952,2024-04-29,91.4,10,92.0,10,90.9,10,89.8,10,89.8,10,750,92.0,10,187,89.7,9.5,11,23,126,91.1,10,91.1,88.0,48.2
39048,MNQ,3min,reversal_to_open,21.598,3.296,3309,2024-04-22,73.8,23,67.9,22,59.9,19,57.8,17,55.1,16,500,73.8,23,187,65.9,31.7,24,64,126,70.6,23,78.3,1.6,16.3
31356,MNQ,3min,opposite_level,21.4153,3.289,1982,2024-04-22,67.9,31,59.9,29,55.1,29,49.7,24,51.3,24,500,67.9,31,187,59.5,35.7,44,80,126,64.5,37,75.1,7.1,19.9
27292,MNQ,3min,reversal_to_open,21.3911,4.652,923,2024-04-22,93.0,44,85.0,38,79.7,37,77.5,37,77.0,36,500,93.0,44,187,93.7,2.4,45,81,126,93.3,44,83.4,0.3,8.6
40908,6E,3min,reversal_to_open,21.3525,3.64,2479,2024-04-29,92.0,22,90.9,19,91.4,19,91.4,19,91.4,19,500,92.0,22,187,92.9,6.3,17,33,126,92.3,19,92.7,72.4,46.4
1756,MNQ,3min,opposite_level,21.3472,2.74,14071,2024-04-22,51.9,16,48.1,16,44.9,16,44.9,16,44.4,15,500,51.9,16,187,46.8,52.4,16,32,126,49.8,16,60.1,23.6,27.8
4840,6E,3min,opposite_level,21.3346,4.599,2108,2024-04-29,91.4,25,89.8,24,86.6,22,86.6,22,86.1,22,500,91.4,25,187,90.5,6.3,23,51,126,91.1,24,90.7,32.7,34.4
9348,6E,3min,opposite_level,21.2993,4.951,822,2024-04-29,100.0,32,98.4,30,97.9,30,95.2,29,95.2,29,500,100.0,32,187,97.6,0.0,29,45,125,99.0,30,78.2,42.9,39.6
25116,6E,3min,reversal_to_open,21.297,3.091,3482,2024-04-29,75.4,24,76.5,24,76.5,24,76.5,24,76.5,24,750,76.5,24,187,57.9,37.3,32,72,126,69.0,25,75.7,97.7,49.8
24788,6E,3min,reversal_to_open,21.2507,3.751,2215,2024-04-29,96.3,24,94.7,22,94.1,22,93.6,23,92.5,23,500,96.3,24,187,92.9,4.8,23,52,126,94.9,24,86.3,75.3,45.2
876,6E,3min,opposite_level,21.245,3.201,5971,2024-04-29,73.3,16,69.5,16,66.3,15,65.2,12,65.2,15,500,73.3,16,187,70.6,28.6,15,36,126,72.2,16,78.0,35.9,37.5
42084,6E,3min,opposite_level,21.2332,3.954,2957,2024-04-29,93.6,19,92.0,18,92.0,18,92.0,18,92.0,18,500,93.6,19,187,93.7,4.0,17,32,126,93.6,18,94.6,95.3,49.5
5764,6E,3min,reversal_to_open,21.2276,3.399,3494,2024-04-29,90.4,22,88.2,19,86.6,19,87.2,19,87.2,19,500,90.4,22,187,87.3,11.1,23,52,126,89.1,23,87.9,65.8,44.5
1360,6E,3min,reversal_to_open,21.2103,3.038,3407,2024-04-29,74.9,25,74.9,25,74.9,25,74.9,25,74.9,25,500,74.9,25,187,65.1,29.4,38,78,126,70.9,31,76.4,82.8,47.6
9244,6E,3min,reversal_to_open,21.1664,4.053,1682,2024-04-29,77.5,72,72.7,65,69.0,58,68.4,60,67.9,59,500,77.5,72,187,69.6,12.8,88,169,125,74.4,75,81.7,36.6,37.4
17020,6E,3min,reversal_to_open,21.1637,3.033,5132,2024-04-29,66.8,17,66.8,17,66.3,17,66.3,17,66.3,17,500,66.8,17,187,50.0,45.2,29,75,126,60.1,18,73.5,85.0,48.2
22620,6E,3min,reversal_to_open,21.1363,2.806,5469,2024-04-29,62.0,18,58.3,18,58.8,18,58.3,18,58.3,18,500,62.0,18,187,49.2,46.0,30,80,126,56.9,23,66.1,73.4,45.6
34232,6E,3min,reversal_to_open,21.0195,2.77,7402,2024-04-29,68.4,16,69.0,17,67.9,17,67.9,17,68.4,17,750,69.0,17,187,64.3,31.0,23,46,126,67.1,18,73.5,97.3,49.7
33240,6E,3min,opposite_level,21.0025,4.763,1230,2024-04-29,98.9,19,97.9,18,96.8,17,96.3,17,96.3,17,500,98.9,19,187,97.6,0.0,17,31,126,98.4,18,71.6,52.4,42.0
27796,6E,3min,opposite_level,20.9496,2.955,4744,2024-04-29,67.9,18,65.8,16,65.2,18,65.8,18,65.8,18,500,67.9,18,187,78.6,17.5,18,39,126,72.2,18,77.6,74.5,46.5
28136,6E,3min,opposite_level,20.8809,3.912,4616,2024-04-29,88.2,17,86.1,17,85.6,17,85.6,17,85.6,17,500,88.2,17,187,90.5,7.9,15,37,126,89.1,16,89.1,88.7,48.3
11812,6E,3min,reversal_to_open,20.8783,4.011,650,2024-04-29,100.0,47,93.6,37,89.3,37,89.8,36,85.6,36,500,100.0,47,187,95.2,0.0,45,89,126,98.1,47,80.2,20.2,33.4
1660,6E,3min,opposite_level,20.7835,4.624,1136,2024-04-29,78.6,51,75.4,47,77.0,45,78.1,47,77.0,44,500,78.6,51,187,64.0,22.4,73,239,125,72.8,57,73.1,31.6,33.9
40796,6E,3min,opposite_level,20.7771,3.165,3873,2024-04-29,73.8,24,65.8,19,61.5,18,61.5,17,61.5,17,500,73.8,24,187,73.0,24.6,26,54,126,73.5,25,74.4,15.4,29.7
22896,6E,3min,reversal_to_open,20.7558,3.298,6071,2024-04-29,84.0,17,84.0,17,84.0,17,84.0,17,84.0,17,500,84.0,17,187,88.9,8.7,17,36,126,85.9,17,88.5,94.0,49.4
948,6E,3min,reversal_to_open,20.7387,3.727,899,2024-04-29,92.0,40,90.9,37,90.4,37,90.4,37,90.4,37,500,92.0,40,187,86.5,7.1,51,86,126,89.8,43,78.6,76.8,46.5
4520,6E,3min,reversal_to_open,20.7044,3.425,1216,2024-04-29,96.8,25,94.7,24,93.6,24,93.6,23,93.6,23,500,96.8,25,187,92.1,2.4,31,52,126,94.9,30,77.6,71.2,46.1
17812,6E,3min,opposite_level,20.6663,4.453,1513,2024-04-29,92.0,37,87.2,33,79.1,30,75.9,29,75.4,29,500,92.0,37,187,77.8,14.3,58,148,126,86.3,43,82.1,27.0,32.3
4476,6E,3min,opposite_level,20.6231,3.661,6138,2024-04-29,85.0,15,84.5,15,84.0,15,84.0,15,84.0,15,500,85.0,15,187,84.9,13.5,15,31,126,85.0,15,87.2,90.1,48.8
32352,6E,3min,reversal_to_open,20.6129,3.035,3998,2024-04-29,80.7,18,79.1,18,77.5,18,77.5,18,77.5,18,500,80.7,18,187,73.0,20.6,30,53,126,77.6,22,79.2,74.9,46.1
39696,6E,3min,reversal_to_open,20.5423,2.852,5206,2024-04-29,61.0,23,59.9,23,58.8,22,58.8,22,58.8,22,500,61.0,23,187,66.7,31.0,23,38,126,63.3,23,70.9,84.6,48.2
13456,6E,3min,reversal_to_open,20.4926,2.855,3744,2024-04-29,84.5,25,75.9,24,72.2,23,72.2,23,72.2,23,500,84.5,25,187,72.2,21.4,31,67,126,79.6,29,78.6,34.3,38.3
42148,6E,3min,opposite_level,20.407,2.993,5955,2024-04-29,75.4,15,72.7,15,72.7,15,72.7,15,72.7,15,500,75.4,15,187,82.5,15.9,16,33,126,78.3,15,81.8,82.7,47.5
30440,6E,3min,opposite_level,20.2714,4.189,892,2024-04-29,90.4,54,85.0,46,83.4,40,78.1,39,77.5,39,500,90.4,54,187,92.1,2.4,39,73,126,91.1,47,78.0,15.7,29.5
30460,6E,3min,reversal_to_open,20.2707,4.011,575,2024-04-29,100.0,64,98.4,61,96.8,59,93.6,58,92.5,58,500,100.0,64,187,80.0,1.6,108,197,125,92.0,73,89.4,46.3,39.7
32040,6E,3min,reversal_to_open,20.1983,3.092,3252,2024-04-29,84.5,26,85.0,24,82.9,24,82.9,24,82.9,24,750,85.0,24,187,66.7,29.4,30,79,126,77.6,26,84.0,95.5,49.4
40080,6E,3min,opposite_level,20.1092,3.411,3367,2024-04-29,81.8,26,79.7,26,79.7,26,79.7,26,79.7,26,500,81.8,26,187,92.1,7.1,22,43,126,85.9,26,87.5,95.6,49.5
27676,6E,3min,opposite_level,20.0312,2.933,7496,2024-04-29,66.8,12,62.0,12,61.0,12,61.0,11,61.0,11,500,66.8,12,187,64.3,34.9,15,25,126,65.8,15,73.2,47.3,40.5
276,6E,3min,reversal_to_open,20.0197,4.018,1237,2024-04-29,99.5,25,99.5,23,99.5,23,98.9,23,98.9,23,750,99.5,23,187,95.2,0.0,22,36,126,97.8,23,90.4,97.9,49.8
38208,6E,3min,reversal_to_open,20.0024,3.535,1237,2024-04-29,95.7,26,92.0,23,91.4,22,92.5,22,92.5,22,500,95.7,26,187,96.0,0.0,29,45,126,95.8,29,78.0,40.0,38.3
24076,6E,3min,opposite_level,19.996,2.567,10501,2024-04-29,73.8,12,71.7,12,71.7,12,70.1,12,70.1,12,500,73.8,12,187,65.1,34.1,16,32,126,70.3,15,78.3,77.1,46.7
1940,6E,3min,opposite_level,19.9799,3.386,3851,2024-04-29,81.8,18,79.7,16,79.7,16,80.2,16,80.7,16,500,81.8,18,187,88.9,9.5,16,32,126,84.7,16,87.2,71.8,46.2
20860,6E,3min,reversal_to_open,19.9274,3.654,893,2024-04-29,93.6,33,92.0,32,92.0,31,92.0,31,92.0,31,500,93.6,33,187,72.2,20.6,45,86,126,85.0,38,84.0,84.2,48.2
31732,6E,3min,reversal_to_open,19.8504,3.354,1615,2024-04-29,93.0,33,92.5,32,92.5,32,92.5,32,92.5,32,500,93.0,33,187,87.3,6.3,50,88,126,90.7,39,89.1,86.8,48.4
5336,6E,3min,reversal_to_open,19.8286,2.984,3238,2024-04-29,77.5,26,75.4,22,75.4,22,76.5,22,77.0,22,500,77.5,26,187,81.7,15.9,25,53,126,79.2,25,80.5,67.4,45.1
3784,6E,3min,reversal_to_open,19.7949,2.984,5934,2024-04-29,62.6,22,59.9,18,60.4,17,61.5,17,61.0,18,500,62.6,22,187,60.3,33.3,22,51,126,61.7,22,73.5,49.7,41.5
37772,6E,3min,reversal_to_open,19.7879,3.201,1830,2024-04-29,78.6,32,79.1,32,77.0,32,78.1,32,78.1,32,750,79.1,32,187,66.7,27.0,46,137,126,74.1,33,81.5,92.2,49.1
18792,6E,3min,reversal_to_open,19.7851,3.885,4713,2024-04-29,87.7,22,78.1,19,76.5,18,74.9,17,75.4,17,500,87.7,22,187,90.5,7.1,22,40,126,88.8,22,87.5,15.9,31.3
7852,6E,3min,opposite_level,19.7014,3.284,3456,2024-04-29,94.7,18,93.0,17,92.0,17,90.9,17,90.9,17,500,94.7,18,187,91.3,7.1,17,32,126,93.3,17,90.7,67.4,44.2
13517,FDXM,5min,opposite_level,59.7744,11.0,2953,2024-03-28,93.1,17,88.8,16,87.8,16,87.8,16,87.2,16,500,93.1,17,188,96.8,1.6,15,29,125,94.6,16,91.7,2.7,1.5
41789,FDXM,5min,reversal_to_open,53.0034,7.705,4212,2024-03-28,100.0,10,97.9,10,97.3,10,96.3,10,94.7,10,500,100.0,10,188,97.6,2.4,11,18,125,99.0,10,93.0,11.0,2.3
7913,FDXM,5min,opposite_level,52.7382,9.326,2445,2024-03-28,96.8,16,94.7,16,93.1,15,89.4,15,89.4,15,500,96.8,16,188,91.2,8.8,16,29,125,94.6,16,94.9,55.4,4.0
44237,FDXM,5min,reversal_to_open,49.0242,6.882,4470,2024-03-28,100.0,16,96.3,15,88.8,12,86.2,12,85.1,11,500,100.0,16,188,95.2,3.2,12,25,125,98.1,15,93.6,4.5,1.8
5889,FDXM,5min,opposite_level,48.8269,9.696,1950,2024-03-28,99.5,18,97.3,16,94.7,16,92.6,15,91.0,15,500,99.5,18,188,97.6,0.8,16,32,125,98.7,17,80.8,6.4,1.7
3525,FDXM,5min,reversal_to_open,47.8382,6.39,5900,2024-03-28,93.1,17,86.2,16,85.1,16,80.9,15,79.8,15,500,93.1,17,188,87.2,11.2,15,30,125,90.7,16,90.7,3.0,1.7
8793,FDXM,3min,reversal_to_open,47.4673,7.458,3671,2024-03-28,92.0,23,85.6,23,81.9,22,81.4,22,79.8,18,500,92.0,23,188,90.4,7.2,18,36,125,91.4,22,91.7,17.0,2.6
9569,FDXM,3min,opposite_level,46.5073,10.795,2312,2024-03-28,95.2,23,89.4,22,86.7,18,85.1,17,84.6,17,500,95.2,23,188,87.2,9.6,24,51,125,92.0,23,90.7,13.7,2.2
45121,FDXM,5min,opposite_level,45.8728,6.553,6020,2024-03-28,93.6,10,92.0,10,90.4,10,88.3,10,87.2,10,500,93.6,10,188,87.2,11.2,10,17,125,91.1,10,92.7,7.1,2.1
38913,FDXM,3min,opposite_level,45.765,7.52,3840,2024-03-28,88.8,17,87.2,16,84.0,16,82.4,15,81.9,12,500,88.8,17,188,88.8,9.6,16,36,125,88.8,17,87.9,13.6,2.2
41813,FDXM,3min,reversal_to_open,45.5011,6.115,4561,2024-03-28,94.7,10,93.6,10,89.4,9,87.8,9,87.8,9,500,94.7,10,188,89.6,9.6,10,18,125,92.7,10,91.4,27.1,3.0
43981,FDXM,5min,opposite_level,45.4613,7.726,3507,2024-03-28,94.1,15,91.5,12,86.7,12,85.6,12,85.6,12,500,94.1,15,188,94.4,4.8,12,23,125,94.2,12,93.9,55.5,4.0
4985,FDXM,3min,reversal_to_open,44.7672,6.714,3636,2024-03-28,97.3,11,96.3,11,93.6,11,93.1,10,92.6,10,500,97.3,11,188,92.8,5.6,11,29,125,95.5,11,93.9,36.3,3.3
31253,FDXM,5min,reversal_to_open,43.9452,6.414,5393,2024-03-28,86.7,15,81.4,12,77.7,11,76.6,11,75.0,11,500,86.7,15,188,85.6,13.6,11,29,125,86.3,12,86.9,16.7,2.7
6309,FDXM,3min,opposite_level,43.4403,6.555,3589,2024-03-28,96.8,15,92.0,12,87.8,11,85.6,11,85.6,11,500,96.8,15,188,92.0,6.4,12,30,125,94.9,12,93.0,8.7,1.9
41529,FDXM,3min,opposite_level,43.0715,7.3,3090,2024-03-28,93.6,16,86.2,16,80.9,16,77.1,15,76.6,15,500,93.6,16,188,92.8,5.6,15,29,125,93.3,16,90.4,5.6,2.0
25309,FDXM,3min,opposite_level,42.5762,5.95,3630,2024-03-28,92.6,12,91.5,11,89.4,11,88.8,11,88.8,11,500,92.6,12,188,85.6,13.6,11,22,125,89.8,12,92.7,26.6,3.1
45065,FDXM,5min,reversal_to_open,42.5697,5.929,5841,2024-03-28,94.7,11,86.2,9,83.5,9,81.9,9,81.9,9,500,94.7,11,188,89.6,9.6,9,25,125,92.7,11,93.0,31.8,3.3
8957,FDXM,5min,opposite_level,41.7341,7.358,3693,2024-03-28,91.0,16,83.0,16,81.4,15,80.3,15,78.7,15,500,91.0,16,188,92.0,7.2,15,36,125,91.4,16,90.4,7.0,2.0
4381,FDXM,3min,reversal_to_open,41.6827,6.649,2383,2024-03-28,97.3,17,97.3,16,95.7,16,95.2,16,95.2,16,750,97.3,16,187,88.8,10.4,16,26,125,93.9,16,90.1,56.0,4.0
7741,FDXM,5min,reversal_to_open,41.194,6.207,3094,2024-03-28,91.5,16,88.8,16,87.8,16,88.3,15,87.8,15,500,91.5,16,188,92.0,3.2,16,37,125,91.7,16,90.7,26.5,3.1
29929,FDXM,5min,reversal_to_open,40.4947,6.32,4261,2024-03-28,87.2,12,84.6,12,80.9,12,80.9,12,80.9,12,500,87.2,12,188,91.2,7.2,15,29,125,88.8,15,89.1,46.4,3.8
41741,FDXM,5min,opposite_level,40.2868,7.571,2418,2024-03-28,94.7,16,94.7,16,93.6,16,93.6,16,93.6,16,500,94.7,16,188,89.6,8.0,17,26,125,92.7,16,93.9,50.3,3.9
26705,6E,5min,reversal_to_open,39.2497,5.422,6531,2024-04-29,90.4,10,85.0,10,84.5,10,83.4,9,83.4,9,500,90.4,10,187,88.1,10.3,10,17,126,89.5,10,86.9,51.0,41.3
2033,MNQ,5min,reversal_to_open,39.1781,6.225,3702,2024-04-22,80.7,18,78.1,18,73.8,18,72.7,17,73.3,17,500,80.7,18,187,74.6,22.2,18,33,126,78.3,18,82.7,24.2,27.5
30861,6E,5min,reversal_to_open,38.9287,6.447,2493,2024-04-29,99.5,15,98.4,11,97.9,11,96.8,11,96.8,11,500,99.5,15,187,96.8,0.8,15,26,126,98.4,15,78.0,27.5,34.4
11277,FDXM,3min,reversal_to_open,38.8108,5.68,6011,2024-03-28,94.1,10,92.6,10,91.5,10,90.4,10,89.9,10,500,94.1,10,188,88.0,10.4,10,18,125,91.7,10,92.7,43.9,3.6
34909,MNQ,5min,reversal_to_open,38.7331,5.859,5922,2024-04-22,91.4,17,86.6,16,81.8,16,75.9,16,73.8,15,500,91.4,17,187,88.1,7.9,16,30,126,90.1,16,89.5,0.0,6.6
33065,MNQ,5min,opposite_level,38.6305,5.089,6294,2024-04-22,75.4,15,71.1,12,65.2,11,62.0,11,62.6,11,500,75.4,15,187,72.2,26.2,16,29,126,74.1,15,80.5,18.2,24.4
29573,FDXM,5min,reversal_to_open,38.6222,5.521,5944,2024-03-28,86.2,12,79.8,12,77.7,11,76.6,11,76.6,11,500,86.2,12,188,85.6,12.8,11,22,125,85.9,11,88.2,20.2,2.9
22961,MNQ,3min,opposite_level,38.4847,5.961,3666,2024-04-22,76.5,24,71.7,19,66.8,19,63.6,18,63.6,18,500,76.5,24,187,56.3,40.5,25,50,126,68.4,24,76.4,24.7,28.2
6017,FDXM,5min,reversal_to_open,38.3048,6.413,5244,2024-03-28,85.6,11,83.0,11,80.3,11,79.3,11,78.2,11,500,85.6,11,188,85.6,14.4,15,25,125,85.6,15,87.2,41.1,3.6
20141,FDXM,5min,reversal_to_open,38.0949,5.322,5252,2024-03-28,91.0,12,91.5,12,90.4,11,89.9,11,89.4,11,750,91.5,12,188,85.6,12.8,9,19,125,89.1,11,91.7,44.0,3.8
30869,FDXM,3min,reversal_to_open,38.0427,7.146,2126,2024-03-28,93.6,25,88.2,23,85.0,23,85.0,22,87.2,23,500,93.6,25,187,86.4,7.2,26,58,125,90.7,25,85.6,7.1,2.2
31077,FDXM,5min,reversal_to_open,37.9133,5.942,5214,2024-03-28,94.7,17,91.0,17,86.2,16,80.9,16,79.3,16,500,94.7,17,188,91.2,8.8,16,30,125,93.3,17,90.4,8.0,1.9
28997,MNQ,3min,reversal_to_open,37.9036,6.901,2342,2024-04-22,88.8,30,85.0,31,78.6,29,77.0,26,77.0,26,500,88.8,30,187,85.7,7.9,26,61,126,87.5,30,87.2,0.1,8.8
22673,FDXM,3min,opposite_level,37.8524,5.019,7403,2024-03-28,97.3,9,93.6,9,92.0,8,91.0,8,91.0,8,500,97.3,9,188,86.4,12.8,9,16,125,93.0,9,94.2,42.0,3.5
35733,FDXM,5min,opposite_level,37.8422,5.716,2975,2024-03-28,91.5,16,86.7,15,86.2,16,86.2,15,85.6,15,500,91.5,16,188,92.0,6.4,15,36,125,91.7,16,90.1,20.1,2.9
40513,FDXM,3min,reversal_to_open,37.4781,7.115,2413,2024-03-28,94.1,17,94.1,17,93.1,16,93.1,16,92.0,16,500,94.1,17,188,90.4,9.6,16,29,125,92.7,17,92.7,53.1,4.0
31293,FDXM,5min,opposite_level,37.4026,8.249,2367,2024-03-28,99.5,17,96.8,16,95.2,12,94.7,12,92.0,11,500,99.5,17,188,97.6,0.8,17,33,125,98.7,17,87.2,17.1,2.2
22537,FDXM,5min,opposite_level,37.3696,5.722,3478,2024-03-28,96.3,17,89.4,17,83.5,16,84.6,16,83.5,12,500,96.3,17,188,93.6,4.8,16,26,125,95.2,17,88.5,6.8,1.8
15669,FDXM,3min,reversal_to_open,37.2977,7.135,2438,2024-03-28,91.0,23,90.4,22,89.9,22,89.4,22,89.4,22,500,91.0,23,188,88.0,9.6,18,39,125,89.8,22,91.7,75.8,4.5
20869,MNQ,5min,reversal_to_open,37.0425,5.621,2541,2024-04-22,94.1,30,88.2,29,79.7,29,74.3,24,71.7,24,500,94.1,30,187,81.7,14.3,32,66,126,89.1,30,86.3,0.1,5.5
14785,MNQ,5min,opposite_level,37.0183,6.098,1946,2024-04-22,86.6,32,77.0,31,73.3,31,67.9,30,68.4,30,500,86.6,32,187,79.4,19.0,32,106,126,83.7,32,83.1,0.8,7.3
39713,FDXM,3min,reversal_to_open,36.943,6.638,1218,2024-03-28,100.0,23,99.5,18,97.9,17,98.4,17,97.9,17,500,100.0,23,188,95.2,2.4,18,33,125,98.1,19,66.1,13.5,2.5
24669,FDXM,5min,reversal_to_open,36.9254,5.557,3614,2024-03-28,95.7,16,93.6,12,92.0,11,93.1,11,92.6,11,500,95.7,16,188,89.6,8.8,12,30,125,93.3,16,93.0,41.4,3.5
3001,FDXM,5min,opposite_level,36.7592,8.034,2441,2024-03-28,87.2,25,80.9,22,80.9,22,79.8,19,78.7,22,500,87.2,25,188,91.2,4.0,23,51,125,88.8,25,90.1,13.5,2.2
40029,FDXM,5min,reversal_to_open,36.7072,5.749,3281,2024-03-28,92.6,19,89.9,18,86.2,18,86.2,18,83.5,18,500,92.6,19,188,87.2,11.2,18,38,125,90.4,19,87.5,11.0,2.1
26829,FDXM,3min,opposite_level,36.3393,5.317,3597,2024-03-28,88.8,17,87.2,16,81.4,11,80.9,11,80.9,11,500,88.8,17,188,83.2,15.2,17,37,125,86.6,17,89.1,20.7,2.5
8821,FDXM,5min,opposite_level,36.3224,6.475,2150,2024-03-28,93.1,19,90.4,17,88.8,17,83.5,17,82.4,15,500,93.1,19,188,86.4,12.0,18,38,125,90.4,18,87.9,12.7,2.3
29789,FDXM,5min,opposite_level,36.3108,5.036,3502,2024-03-28,87.2,17,84.0,15,76.6,12,74.5,12,75.0,12,500,87.2,17,188,86.4,12.8,15,29,125,86.9,15,86.3,11.3,2.4
41405,MNQ,5min,opposite_level,36.1587,5.304,3701,2024-04-22,76.5,18,69.5,16,63.6,16,63.6,16,62.0,16,500,76.5,18,187,72.2,26.2,18,36,126,74.8,18,78.3,14.2,24.3
35973,FDXM,3min,reversal_to_open,36.0385,6.268,2559,2024-03-28,87.8,31,83.0,29,80.9,30,78.2,24,77.1,24,500,87.8,31,188,82.4,13.6,23,52,125,85.6,25,88.8,11.9,2.1
32493,MNQ,5min,opposite_level,35.959,6.334,1242,2024-04-22,92.5,25,85.0,24,84.0,24,82.9,24,81.3,24,500,92.5,25,187,78.6,18.3,33,74,126,86.9,30,91.1,19.9,27.2
2681,MNQ,5min,reversal_to_open,35.9254,5.456,3688,2024-04-22,77.5,18,73.8,18,70.6,17,70.1,17,70.1,17,500,77.5,18,187,69.0,27.8,22,39,126,74.1,19,78.9,19.8,26.8
34861,MNQ,3min,reversal_to_open,35.9238,5.553,4633,2024-04-22,85.0,16,80.7,15,74.9,15,72.7,15,73.3,15,500,85.0,16,187,84.1,14.3,15,26,126,84.7,15,87.2,0.0,9.4
16221,FDXM,3min,opposite_level,35.8401,5.233,5805,2024-03-28,90.4,11,81.9,11,78.7,11,77.1,9,76.6,9,500,90.4,11,188,86.4,12.8,9,23,125,88.8,11,89.5,5.6,2.0
15677,FDXM,3min,reversal_to_open,35.7815,5.942,2417,2024-03-28,83.5,31,82.4,25,79.8,25,77.1,24,77.1,24,500,83.5,31,188,84.0,12.0,25,54,125,83.7,26,88.2,15.5,2.3
33921,FDXM,3min,opposite_level,35.6459,7.006,1223,2024-03-28,97.3,22,96.8,18,94.7,18,94.7,18,94.1,18,500,97.3,22,188,94.4,5.6,23,46,125,96.2,22,93.9,66.3,4.3
949,FDXM,5min,reversal_to_open,35.539,5.822,1024,2024-03-28,100.0,38,100.0,36,100.0,29,98.4,26,96.3,26,1000,100.0,29,188,96.0,1.6,25,46,125,98.4,26,86.9,21.0,2.8
3741,MNQ,3min,reversal_to_open,35.4682,6.178,1241,2024-04-22,94.1,23,89.3,23,84.5,22,82.9,22,82.9,18,500,94.1,23,187,88.1,8.7,30,57,126,91.7,24,93.9,22.5,28.2
37713,FDXM,3min,reversal_to_open,35.3612,6.615,1813,2024-03-28,99.5,29,95.7,23,91.0,22,86.7,19,84.0,19,500,99.5,29,188,93.6,3.2,19,36,125,97.1,25,94.2,9.8,2.3
30561,MNQ,3min,reversal_to_open,35.3256,5.853,3714,2024-04-22,73.8,22,71.1,19,67.4,19,64.7,17,65.2,17,500,73.8,22,187,66.7,31.0,22,65,126,70.9,22,77.0,28.7,30.1
22877,6E,3min,reversal_to_open,35.2996,5.405,4859,2024-04-29,92.0,16,89.3,12,89.3,16,89.3,12,89.3,16,500,92.0,16,187,92.9,4.0,16,30,126,92.3,16,93.0,72.1,45.7
11649,FDXM,3min,reversal_to_open,34.9495,5.351,4297,2024-03-28,87.2,17,82.4,16,79.8,16,78.7,16,79.3,16,500,87.2,17,188,74.4,23.2,18,33,125,82.1,17,86.3,45.6,3.8
29549,FDXM,5min,reversal_to_open,34.8391,6.053,1524,2024-03-28,99.5,16,98.9,16,97.9,15,97.3,15,96.8,15,500,99.5,16,188,98.4,1.6,16,26,125,99.0,16,87.9,26.6,3.2
21569,FDXM,5min,opposite_level,34.7863,5.408,2770,2024-03-28,99.5,11,94.1,10,92.6,10,91.5,10,91.5,10,500,99.5,11,188,92.8,5.6,11,23,125,96.8,11,92.0,16.0,2.7
5833,MNQ,5min,opposite_level,34.7584,7.341,1553,2024-04-22,79.1,53,73.3,54,70.1,50,66.3,50,66.8,46,500,79.1,53,187,70.6,19.0,50,123,126,75.7,51,83.1,7.9,14.7
10749,FDXM,5min,reversal_to_open,34.7556,6.863,635,2024-03-28,95.2,73,96.8,73,81.9,66,81.9,64,81.9,64,750,96.8,73,188,88.8,4.8,68,134,125,93.6,71,94.9,23.8,2.9
12537,FDXM,3min,reversal_to_open,34.7185,5.304,4366,2024-03-28,91.0,19,83.5,17,81.9,17,83.0,16,81.9,16,500,91.0,19,188,83.2,14.4,15,45,125,87.9,17,83.4,11.9,2.4
34121,FDXM,3min,reversal_to_open,34.6281,6.227,1898,2024-03-28,97.3,26,93.6,24,91.5,19,86.7,18,86.2,18,500,97.3,26,188,93.6,4.8,22,38,125,95.8,25,88.2,8.9,2.0
16749,FDXM,3min,reversal_to_open,34.612,6.408,1202,2024-03-28,100.0,25,99.5,24,98.9,24,97.3,22,96.8,19,500,100.0,25,188,97.6,0.8,19,43,125,99.0,25,91.1,41.7,3.4
13821,FDXM,3min,opposite_level,34.3618,6.831,1217,2024-03-28,99.5,16,97.3,15,96.8,12,96.8,12,95.7,12,500,99.5,16,188,96.8,0.8,15,29,125,98.4,16,78.0,13.2,2.5
33005,6E,3min,reversal_to_open,34.3516,5.587,3498,2024-04-29,90.9,22,84.5,19,83.4,18,82.4,18,81.3,18,500,90.9,22,187,75.4,19.0,30,58,126,84.7,24,82.7,17.6,31.0
43921,FDXM,3min,opposite_level,34.2664,6.811,1524,2024-03-28,96.3,17,95.2,16,94.7,16,94.1,16,94.7,16,500,96.3,17,188,99.2,0.8,19,33,125,97.4,18,96.5,73.0,4.5
32865,FDXM,5min,opposite_level,34.211,5.543,2434,2024-03-28,96.8,16,93.1,15,90.4,11,88.8,11,87.2,11,500,96.8,16,188,88.0,12.0,15,24,125,93.3,15,93.0,27.2,3.1
42289,FDXM,5min,opposite_level,34.1974,6.326,2414,2024-03-28,98.4,16,94.7,16,91.5,15,89.4,15,86.2,11,500,98.4,16,188,93.6,5.6,16,30,125,96.5,16,89.1,7.9,1.9
20285,FDXM,5min,reversal_to_open,34.1656,4.868,2600,2024-03-28,94.1,17,89.4,16,87.8,16,86.7,16,86.7,16,500,94.1,17,188,92.0,7.2,16,30,125,93.3,16,83.4,27.4,3.1
31741,6E,5min,opposite_level,34.1353,4.753,3883,2024-04-29,89.3,18,87.7,18,88.2,17,88.2,18,88.2,18,500,89.3,18,187,89.7,7.9,18,37,126,89.5,18,91.4,87.8,48.4
29449,FDXM,3min,reversal_to_open,34.009,6.184,2372,2024-03-28,98.9,19,91.5,18,89.9,17,86.7,15,86.2,15,500,98.9,19,188,94.4,4.0,17,29,125,97.1,18,82.4,5.9,2.1
31997,FDXM,3min,opposite_level,33.9846,6.239,1917,2024-03-28,96.8,17,96.3,17,94.7,15,94.7,15,92.0,15,500,96.8,17,188,94.4,4.8,12,24,125,95.8,17,87.2,15.0,2.6
33273,MNQ,5min,opposite_level,33.9663,5.906,2868,2024-04-22,81.8,29,74.3,24,67.4,24,64.2,24,65.2,24,500,81.8,29,187,78.6,20.6,30,68,126,80.5,29,82.4,0.0,9.1
8081,FDXM,5min,opposite_level,33.8594,6.107,5501,2024-03-28,87.2,15,84.6,12,83.0,12,80.9,12,80.3,10,500,87.2,15,188,82.4,16.0,16,30,125,85.3,15,86.6,21.7,2.5
28021,MNQ,5min,reversal_to_open,33.7836,6.279,1216,2024-04-22,93.0,26,89.3,25,87.2,23,85.6,23,85.0,23,500,93.0,26,187,94.4,2.4,26,57,126,93.6,26,95.2,25.0,28.5
24469,MNQ,5min,reversal_to_open,33.7409,6.13,2330,2024-04-22,92.0,25,83.4,24,80.2,24,69.5,22,70.1,22,500,92.0,25,187,86.5,10.3,24,50,126,89.8,25,92.3,0.9,10.3
22009,MNQ,3min,reversal_to_open,33.7137,5.52,5891,2024-04-22,82.4,18,75.9,18,71.7,17,67.4,17,65.8,17,500,82.4,18,187,79.4,17.5,17,37,126,81.2,17,85.0,0.5,10.9
32853,MNQ,5min,reversal_to_open,33.7003,5.153,3516,2024-04-22,98.9,16,92.5,12,89.8,12,82.9,12,81.3,12,500,98.9,16,187,96.8,0.8,17,26,126,98.1,17,86.9,0.0,7.9
30229,FDXM,3min,opposite_level,33.6434,7.237,1970,2024-03-28,93.1,23,88.3,23,83.5,18,83.5,18,83.0,17,500,93.1,23,188,94.4,4.0,19,51,125,93.6,23,92.7,12.1,2.5
26933,MNQ,3min,opposite_level,33.5916,4.781,3725,2024-04-22,72.7,18,66.8,18,55.1,18,53.5,17,54.5,16,500,72.7,18,187,67.5,30.2,17,54,126,70.6,18,78.9,2.6,18.1
3641,FDXM,3min,opposite_level,33.5808,5.314,4498,2024-03-28,88.8,11,84.0,11,80.3,10,79.8,10,79.8,10,500,88.8,11,188,79.2,20.0,10,19,125,85.0,11,86.3,49.8,3.9
24073,MNQ,5min,reversal_to_open,33.5597,4.895,3669,2024-04-22,88.8,15,78.6,15,71.7,15,69.5,15,71.1,15,500,88.8,15,187,88.9,8.7,16,36,126,88.8,16,87.9,0.3,12.5
38593,FDXM,5min,reversal_to_open,33.5441,5.78,2231,2024-03-28,96.8,44,92.0,38,88.8,31,86.2,31,83.5,32,500,96.8,44,188,92.0,4.0,32,95,125,94.9,38,89.5,2.6,1.6
35457,MNQ,5min,opposite_level,33.5167,5.188,4437,2024-04-22,75.4,26,70.1,25,64.2,24,61.0,24,60.4,23,500,75.4,26,187,66.7,31.7,32,73,126,71.9,31,78.3,1.6,9.9
25637,FDXM,3min,opposite_level,33.4871,5.65,2514,2024-03-28,98.4,15,96.3,12,93.1,12,93.1,12,91.5,12,500,98.4,15,188,91.2,8.0,12,23,125,95.5,12,92.0,27.2,3.1
15189,6E,5min,reversal_to_open,33.4668,5.577,1756,2024-04-29,90.4,38,86.6,36,87.7,33,87.2,32,87.7,32,500,90.4,38,187,74.6,19.0,60,113,126,84.0,43,83.4,22.9,33.5
26081,MNQ,3min,opposite_level,33.3309,4.77,2462,2024-04-22,89.3,17,83.4,16,82.4,16,71.1,16,70.6,16,500,89.3,17,187,86.5,11.1,23,38,126,88.2,18,90.7,2.6,15.3
31573,FDXM,5min,opposite_level,33.3249,5.851,2432,2024-03-28,96.8,16,94.7,15,91.5,12,89.9,12,90.4,12,500,96.8,16,188,91.2,6.4,16,30,125,94.6,16,94.9,41.6,3.3
17877,6E,5min,opposite_level,33.2335,5.442,3191,2024-04-29,93.0,18,90.4,17,90.4,17,90.4,17,90.4,17,500,93.0,18,187,89.7,7.9,17,33,126,91.7,17,93.6,79.7,47.0
41333,6E,5min,reversal_to_open,33.0241,5.1,3607,2024-04-29,94.1,16,93.0,16,91.4,16,91.4,16,91.4,16,500,94.1,16,187,93.7,2.4,16,26,126,93.9,16,94.6,73.2,46.0
17253,FDXM,5min,opposite_level,32.968,5.219,2817,2024-03-28,90.4,25,83.5,22,76.6,19,74.5,22,73.4,19,500,90.4,25,188,85.6,11.2,19,53,125,88.5,24,84.3,1.3,1.7
32361,FDXM,3min,reversal_to_open,32.9387,4.272,7524,2024-03-28,83.5,11,78.2,10,76.6,10,77.7,10,77.1,10,500,83.5,11,188,72.0,27.2,10,19,125,78.9,10,82.4,28.2,3.2
16873,FDXM,3min,opposite_level,32.9221,5.92,2758,2024-03-28,91.0,18,89.4,18,88.8,18,88.3,18,88.3,18,500,91.0,18,188,86.4,12.0,17,38,125,89.1,18,92.0,79.8,4.6
40561,FDXM,3min,opposite_level,32.9208,4.648,5846,2024-03-28,79.8,12,71.8,10,69.7,10,68.6,10,68.6,10,500,79.8,12,188,85.6,13.6,10,22,125,82.1,12,84.3,8.8,2.3
289,FDXM,3min,opposite_level,32.613,5.21,3068,2024-03-28,76.6,19,72.9,19,70.2,18,72.3,18,71.3,17,500,76.6,19,188,76.8,20.8,25,60,125,76.7,24,82.1,19.8,2.7
7181,FDXM,3min,reversal_to_open,32.6104,5.674,3000,2024-03-28,99.5,18,95.7,16,94.7,15,88.3,15,86.7,15,500,99.5,18,188,93.6,4.8,15,26,125,97.1,17,89.1,16.8,2.3
31921,6E,5min,reversal_to_open,32.5234,6.218,696,2024-04-29,97.9,64,96.3,59,91.4,54,91.4,54,91.4,54,500,97.9,64,187,90.4,3.2,60,129,125,94.9,64,83.0,21.3,33.2
43909,FDXM,3min,reversal_to_open,32.5077,5.804,2065,2024-03-28,77.7,43,71.8,38,71.3,36,71.3,32,71.3,33,500,77.7,43,188,84.0,13.6,32,78,125,80.2,38,85.6,13.2,2.2
42005,FDXM,3min,opposite_level,32.4907,6.356,5170,2024-03-28,90.4,11,81.9,11,79.8,11,78.7,11,79.8,11,500,90.4,11,188,86.4,12.8,12,25,125,88.8,12,90.7,42.6,3.6
2957,FDXM,3min,reversal_to_open,32.4858,5.761,2409,2024-03-28,88.8,22,87.8,19,85.6,18,85.1,19,84.6,19,500,88.8,22,188,89.6,8.0,19,32,125,89.1,19,91.7,64.9,4.3
35961,FDXM,5min,opposite_level,32.4281,5.183,3274,2024-03-28,83.5,19,78.2,19,78.2,19,78.2,19,78.2,19,500,83.5,19,188,79.2,19.2,17,32,125,81.8,18,87.9,72.3,4.5
25997,MNQ,3min,opposite_level,32.4138,6.092,2511,2024-04-22,86.1,30,77.5,24,70.6,24,63.1,24,61.0,24,500,86.1,30,187,76.2,20.6,26,68,126,82.1,26,86.3,2.7,12.7
18001,6E,3min,reversal_to_open,32.3854,5.096,3736,2024-04-29,79.1,23,77.5,18,76.5,18,74.9,18,74.9,18,500,79.1,23,187,84.1,10.3,22,50,126,81.2,22,83.1,38.7,37.9
41665,FDXM,5min,reversal_to_open,32.2234,6.39,2239,2024-03-28,98.4,16,97.3,15,95.7,16,93.1,15,88.3,12,500,98.4,16,188,96.8,1.6,16,30,125,97.8,16,84.0,15.1,2.5
4649,6E,5min,opposite_level,32.1526,4.535,7584,2024-04-29,85.6,9,81.3,9,79.7,9,78.6,9,78.6,9,500,85.6,9,187,81.7,17.5,8,16,126,84.0,9,86.6,45.0,40.3
25329,FDXM,5min,reversal_to_open,32.016,6.255,1221,2024-03-28,98.9,24,97.9,23,97.9,23,97.9,23,97.9,23,500,98.9,24,188,93.6,3.2,22,38,125,96.8,23,94.9,70.2,4.4
23037,FDXM,5min,opposite_level,32.0109,5.039,3004,2024-03-28,86.7,23,79.8,19,72.9,18,70.2,18,71.3,16,500,86.7,23,188,84.0,13.6,18,44,125,85.6,19,88.2,15.4,2.4
8869,FDXM,5min,reversal_to_open,31.9341,4.192,6061,2024-03-28,69.1,18,64.4,16,64.4,17,63.3,16,63.3,16,500,69.1,18,188,68.0,31.2,17,32,125,68.7,17,76.4,36.6,3.6
29797,FDXM,5min,reversal_to_open,31.9312,4.6,4326,2024-03-28,92.6,18,85.1,16,79.3,15,78.7,15,76.6,15,500,92.6,18,188,91.2,6.4,15,37,125,92.0,16,84.3,4.3,1.9
44573,MNQ,5min,reversal_to_open,31.8749,4.337,6116,2024-04-22,86.1,16,77.0,16,73.3,12,69.5,12,69.0,12,500,86.1,16,187,77.8,19.0,16,31,126,82.7,16,86.6,3.8,15.3
38781,6E,5min,reversal_to_open,31.849,5.83,2817,2024-04-29,90.9,23,82.9,18,80.2,18,80.2,18,80.7,22,500,90.9,23,187,90.5,7.1,22,43,126,90.7,22,89.1,29.5,35.4
7209,FDXM,3min,reversal_to_open,31.7529,5.103,3432,2024-03-28,65.4,31,56.9,31,57.4,31,56.9,30,58.0,29,500,65.4,31,188,66.4,32.0,30,60,125,65.8,31,74.8,24.2,3.0
2821,MNQ,5min,reversal_to_open,31.7366,5.431,2458,2024-04-22,93.6,19,81.8,18,82.9,17,75.9,17,75.9,16,500,93.6,19,187,88.1,8.7,17,37,126,91.4,18,90.4,4.4,16.6
34789,6E,5min,opposite_level,31.6763,4.358,7336,2024-04-29,92.0,9,90.4,9,91.4,9,90.9,9,90.4,9,500,92.0,9,187,88.9,10.3,9,15,126,90.7,9,91.4,57.2,42.0
29205,FDXM,3min,reversal_to_open,31.662,6.219,1523,2024-03-28,98.4,18,97.3,17,96.8,17,96.8,17,96.8,17,500,98.4,18,188,96.0,2.4,18,33,125,97.4,18,95.5,68.7,4.4
43309,MNQ,3min,opposite_level,31.6242,5.627,1170,2024-04-22,95.2,24,94.7,24,85.0,23,80.7,23,79.7,23,500,95.2,24,187,89.7,7.1,29,51,126,93.0,25,83.4,0.2,10.2
10853,FDXM,3min,reversal_to_open,31.6193,4.44,3274,2024-03-28,96.3,17,94.7,17,91.0,16,91.5,16,89.9,16,500,96.3,17,188,86.4,12.0,17,36,125,92.3,17,88.5,49.7,3.9
35645,MNQ,5min,reversal_to_open,31.5951,4.938,3005,2024-04-22,88.2,17,78.6,16,76.5,15,70.1,15,69.0,15,500,88.2,17,187,81.0,16.7,12,31,126,85.3,16,87.5,2.2,16.0
26553,MNQ,3min,opposite_level,31.4894,5.336,2188,2024-04-22,79.1,31,71.7,31,64.7,26,59.9,26,59.4,26,500,79.1,31,187,71.4,27.0,26,64,126,76.0,30,81.5,0.2,10.3
35597,MNQ,3min,opposite_level,31.4592,5.899,2458,2024-04-22,72.7,23,67.9,22,69.0,22,65.2,22,64.7,19,500,72.7,23,187,67.5,31.0,26,47,126,70.6,24,81.2,32.5,32.4
4217,6E,3min,opposite_level,31.3819,5.04,3084,2024-04-29,90.4,22,84.0,17,81.3,17,80.7,15,80.7,15,500,90.4,22,187,88.1,9.5,18,36,126,89.5,18,87.2,38.7,37.8
23365,6E,5min,opposite_level,31.3343,4.824,3197,2024-04-29,98.4,11,96.3,11,93.0,11,91.4,10,91.4,10,500,98.4,11,187,96.0,2.4,16,24,126,97.4,12,90.1,24.0,32.5
23349,FDXM,5min,reversal_to_open,31.2821,5.098,3366,2024-03-28,94.7,23,91.5,23,86.2,19,84.6,19,81.9,17,500,94.7,23,188,89.6,9.6,19,38,125,92.7,22,86.3,10.5,2.0
33721,FDXM,5min,reversal_to_open,31.2758,4.762,4471,2024-03-28,93.6,12,89.9,11,84.0,10,84.0,10,85.1,10,500,93.6,12,188,89.6,6.4,11,22,125,92.0,12,90.7,26.6,3.1
7601,6E,5min,reversal_to_open,31.22,4.287,5175,2024-04-29,86.1,16,84.5,16,84.5,16,84.5,16,84.5,16,500,86.1,16,187,85.7,11.9,17,37,126,85.9,16,87.5,81.2,47.1
6109,MNQ,5min,opposite_level,31.2161,5.617,1153,2024-04-22,99.5,22,93.6,18,88.2,18,84.0,16,82.4,16,500,99.5,22,187,87.3,9.5,24,51,126,94.6,22,85.3,1.0,13.3
3013,MNQ,3min,opposite_level,31.2024,5.593,2482,2024-04-22,84.5,30,81.3,26,71.7,26,67.9,25,66.8,25,500,84.5,30,187,81.7,16.7,22,47,126,83.4,25,84.3,0.1,8.5
23525,FDXM,5min,reversal_to_open,31.201,4.482,4800,2024-03-28,91.0,23,82.4,22,77.1,23,75.0,22,75.0,22,500,91.0,23,188,85.6,11.2,18,44,125,88.8,22,87.5,3.0,2.0
25537,FDXM,5min,opposite_level,31.1937,5.006,5938,2024-03-28,85.1,15,77.7,11,76.1,11,77.1,10,75.5,11,500,85.1,15,188,80.0,17.6,15,37,125,83.1,15,84.0,20.2,2.4
6433,FDXM,5min,reversal_to_open,31.1337,7.498,930,2024-03-28,94.7,53,93.0,46,90.9,51,85.6,40,85.6,38,500,94.7,53,187,91.2,0.0,58,94,125,93.3,54,90.1,18.0,2.4
29221,FDXM,5min,reversal_to_open,31.0043,6.596,1377,2024-03-28,96.3,44,93.6,43,88.8,38,86.2,32,85.6,31,500,96.3,44,188,88.0,5.6,32,80,125,93.0,39,88.8,4.8,1.9
6209,MNQ,3min,reversal_to_open,30.9963,5.557,3208,2024-04-22,85.6,26,72.2,24,68.4,24,62.6,24,61.5,24,500,85.6,26,187,81.7,15.1,26,52,126,84.0,26,82.7,0.4,8.9
37737,6E,3min,reversal_to_open,30.984,4.652,4393,2024-04-29,89.3,15,88.2,12,87.7,12,87.7,12,87.7,12,500,89.3,15,187,94.4,3.2,15,26,126,91.4,15,93.3,60.6,43.6
21949,6E,5min,reversal_to_open,30.9457,4.814,3715,2024-04-29,95.2,16,93.0,16,91.4,16,91.4,16,91.4,16,500,95.2,16,187,96.0,3.2,15,30,126,95.5,16,93.0,77.3,46.8
18189,MNQ,5min,opposite_level,30.8209,4.927,2368,2024-04-22,90.9,17,86.1,16,80.7,16,65.8,16,64.7,16,500,90.9,17,187,81.7,15.9,16,37,126,87.2,17,81.5,0.1,7.5
24129,MNQ,5min,reversal_to_open,30.8051,6.605,2290,2024-04-22,85.6,37,79.7,37,71.7,32,67.9,30,65.8,30,500,85.6,37,187,77.8,19.0,33,68,126,82.4,37,84.0,0.7,11.8
43661,MNQ,5min,opposite_level,30.7871,5.306,3633,2024-04-22,83.4,15,77.5,15,70.1,15,66.8,15,67.4,15,500,83.4,15,187,85.7,12.7,12,25,126,84.3,15,87.2,0.4,12.4
27709,FDXM,5min,reversal_to_open,30.7686,6.486,1223,2024-03-28,95.7,22,96.3,18,95.7,18,94.7,18,94.1,18,750,96.3,18,188,96.8,3.2,17,30,125,96.5,18,93.9,70.5,4.4
23897,FDXM,5min,opposite_level,30.7361,3.922,19257,2024-03-28,77.7,10,71.3,10,71.3,8,70.2,8,67.6,8,500,77.7,10,188,74.4,24.0,10,18,125,76.4,10,79.2,42.2,3.6
43877,6E,3min,opposite_level,30.7357,4.489,6035,2024-04-29,88.2,11,87.2,10,86.1,10,86.6,10,86.6,10,500,88.2,11,187,85.7,12.7,11,23,126,87.2,11,90.4,58.1,43.1
30445,FDXM,5min,opposite_level,30.7061,4.064,5818,2024-03-28,83.5,12,75.0,15,70.7,12,71.3,12,71.8,11,500,83.5,12,188,78.4,20.0,15,29,125,81.5,12,83.4,16.6,2.6
40725,FDXM,5min,reversal_to_open,30.679,4.294,3268,2024-03-28,92.6,18,93.1,18,90.4,17,91.0,17,91.0,17,750,93.1,18,188,88.0,11.2,16,36,125,91.1,17,88.2,72.3,4.5
17441,6E,5min,opposite_level,30.6711,5.88,3235,2024-04-29,85.6,18,81.8,17,79.7,17,80.2,17,80.2,17,500,85.6,18,187,92.1,5.6,16,30,126,88.2,17,86.6,15.0,30.2
19889,MNQ,3min,reversal_to_open,30.6452,5.809,1243,2024-04-22,93.0,23,87.7,22,84.5,22,81.8,18,80.7,18,500,93.0,23,187,87.3,9.5,25,51,126,90.7,24,93.3,12.6,24.1
25181,6E,3min,opposite_level,30.6447,4.978,3927,2024-04-29,82.9,18,78.1,16,75.4,16,75.4,15,74.9,16,500,82.9,18,187,86.5,11.1,18,32,126,84.3,18,85.3,36.9,37.2
1037,6E,5min,opposite_level,30.603,5.294,1607,2024-04-29,98.4,36,93.0,29,89.3,24,83.4,24,83.4,23,500,98.4,36,187,96.0,0.0,32,60,126,97.4,32,73.8,8.9,24.3
36765,MNQ,3min,opposite_level,30.5849,4.134,5704,2024-04-22,79.1,18,71.1,17,65.8,17,60.4,17,61.0,16,500,79.1,18,187,68.3,30.2,17,37,126,74.8,18,80.8,1.0,9.0
13717,MNQ,5min,opposite_level,30.5723,4.927,1470,2024-04-22,96.8,23,89.8,19,86.1,18,82.9,17,81.3,17,500,96.8,23,187,96.0,3.2,19,46,126,96.5,22,75.1,1.6,10.4
44873,FDXM,3min,reversal_to_open,30.5679,5.804,1126,2024-03-28,98.4,46,96.3,44,94.1,38,93.6,39,91.5,33,500,98.4,46,188,94.4,0.8,33,73,125,96.8,40,83.7,7.6,2.3
11977,MNQ,5min,reversal_to_open,30.562,6.391,1988,2024-04-22,83.4,51,73.8,50,69.0,45,65.2,44,64.2,43,500,83.4,51,187,77.0,17.5,43,103,126,80.8,47,84.7,0.8,11.5
45293,FDXM,5min,reversal_to_open,30.5492,4.47,6059,2024-03-28,69.7,16,64.9,17,63.3,15,62.8,16,62.8,16,500,69.7,16,188,66.4,33.6,16,37,125,68.4,16,71.9,55.8,4.1
44425,FDXM,5min,reversal_to_open,30.5323,5.95,3646,2024-03-28,84.6,17,83.0,17,78.7,17,78.2,17,78.2,17,500,84.6,17,188,87.2,9.6,17,33,125,85.6,17,89.5,72.7,4.5
20945,MNQ,3min,reversal_to_open,30.4951,5.31,1239,2024-04-22,95.7,23,92.5,19,88.8,19,85.0,19,84.5,17,500,95.7,23,187,91.3,5.6,22,54,126,93.9,23,91.1,1.8,17.1
32069,6E,5min,reversal_to_open,30.493,5.91,2481,2024-04-29,96.8,16,94.7,12,93.0,12,93.0,12,93.0,12,500,96.8,16,187,95.2,2.4,12,24,126,96.2,16,93.3,39.2,38.5
44105,6E,5min,opposite_level,30.4535,5.714,3557,2024-04-29,94.7,15,89.3,11,86.1,10,86.6,10,85.6,10,500,94.7,15,187,88.9,10.3,11,24,126,92.3,11,89.5,24.8,33.7
35065,FDXM,3min,reversal_to_open,30.4516,5.151,4064,2024-03-28,78.2,29,69.7,24,67.6,23,67.6,23,69.1,22,500,78.2,29,188,74.4,24.0,22,46,125,76.7,25,80.8,8.8,2.2
40805,6E,3min,reversal_to_open,30.427,5.621,3586,2024-04-29,94.7,17,88.2,16,81.8,12,82.4,12,81.8,12,500,94.7,17,187,88.9,8.7,12,26,126,92.3,16,90.4,14.0,29.8
19417,FDXM,5min,reversal_to_open,30.4215,7.648,742,2024-03-28,93.1,64,91.5,59,90.4,57,88.8,50,85.6,47,500,93.1,64,188,92.0,0.0,75,173,125,92.7,68,87.9,12.8,2.2
17181,FDXM,5min,reversal_to_open,30.4032,5.914,1195,2024-03-28,100.0,38,98.4,29,97.9,24,96.8,19,96.8,19,500,100.0,38,188,96.0,0.0,32,50,125,98.4,33,20.4,0.9,1.5
24309,MNQ,3min,reversal_to_open,30.402,4.656,3701,2024-04-22,90.9,18,81.8,16,74.9,15,70.6,15,70.1,15,500,90.9,18,187,83.3,13.5,16,30,126,87.9,16,87.2,1.1,14.3
27817,FDXM,5min,reversal_to_open,30.3634,5.342,1121,2024-03-28,100.0,22,98.9,19,98.4,19,98.9,19,97.9,17,500,100.0,22,188,99.2,0.0,22,50,125,99.7,22,56.2,35.5,3.5
2181,6E,5min,reversal_to_open,30.3423,5.568,1530,2024-04-29,100.0,17,100.0,16,100.0,16,100.0,15,100.0,15,1250,100.0,15,187,97.6,0.0,15,22,126,99.0,15,77.3,92.7,49.1
20897,MNQ,5min,opposite_level,30.3378,4.693,2479,2024-04-22,82.4,19,75.9,19,73.3,18,64.7,18,64.2,18,500,82.4,19,187,78.6,19.8,18,45,126,80.8,19,86.9,2.7,17.2
41077,MNQ,3min,reversal_to_open,30.3246,5.669,1181,2024-04-22,97.3,24,93.0,23,87.2,22,81.3,19,81.8,19,500,97.3,24,187,94.4,2.4,26,64,126,96.2,24,88.8,1.0,13.9
16057,FDXM,5min,reversal_to_open,30.2278,5.185,1220,2024-03-28,97.3,30,90.4,24,88.8,23,89.9,23,89.4,23,500,97.3,30,188,88.0,6.4,29,58,125,93.6,29,86.6,42.4,3.6
34633,FDXM,5min,opposite_level,30.1702,4.991,3405,2024-03-28,81.9,19,79.8,19,75.5,19,75.5,19,76.1,18,500,81.9,19,188,80.8,17.6,18,32,125,81.5,18,85.0,65.8,4.3
5489,6E,5min,reversal_to_open,30.1509,4.982,3122,2024-04-29,89.8,19,85.6,16,83.4,16,85.0,16,84.5,16,500,89.8,19,187,90.5,7.1,16,33,126,90.1,17,85.9,19.5,31.4
26561,MNQ,5min,reversal_to_open,30.1172,5.603,3830,2024-04-22,79.7,25,74.9,25,69.5,24,65.2,23,64.7,22,500,79.7,25,187,74.6,22.2,22,40,126,77.6,24,82.4,0.8,9.7
7785,FDXM,5min,opposite_level,29.9866,4.646,4511,2024-03-28,86.2,15,78.2,12,74.5,12,74.5,12,74.5,12,500,86.2,15,188,87.2,12.0,12,23,125,86.6,15,88.8,31.5,3.4
44585,MNQ,3min,reversal_to_open,29.9771,6.38,1574,2024-04-22,86.6,39,75.9,38,69.5,37,64.7,37,64.7,32,500,86.6,39,187,81.6,9.6,40,109,125,84.6,40,88.8,2.5,11.1
36953,FDXM,5min,reversal_to_open,29.8976,5.779,3268,2024-03-28,97.3,18,96.8,17,95.2,17,95.2,17,94.1,15,500,97.3,18,188,97.6,1.6,18,43,125,97.4,18,87.9,25.9,3.1
43993,FDXM,5min,opposite_level,29.8648,3.802,12811,2024-03-28,80.9,9,72.9,9,72.3,8,72.9,9,71.8,9,500,80.9,9,188,80.0,20.0,9,16,125,80.5,9,83.4,25.9,3.1
14313,6E,5min,reversal_to_open,29.8419,5.179,2331,2024-04-29,95.2,16,95.2,15,94.1,15,94.1,15,94.1,15,750,95.2,15,187,95.2,2.4,15,29,126,95.2,15,94.6,89.5,48.8
1349,6E,5min,opposite_level,29.7804,4.237,6151,2024-04-29,90.4,10,88.2,9,88.2,9,88.2,9,88.8,9,500,90.4,10,187,84.1,14.3,10,22,126,87.9,10,89.5,61.9,42.7
15925,FDXM,5min,opposite_level,29.7502,4.182,6019,2024-03-28,80.3,10,74.5,10,71.8,10,71.3,9,70.2,10,500,80.3,10,188,73.6,24.8,10,17,125,77.6,10,81.5,23.5,3.2
22289,FDXM,5min,opposite_level,29.7092,4.845,2433,2024-03-28,84.0,25,83.0,22,83.5,22,83.0,22,83.0,22,500,84.0,25,188,78.4,19.2,19,43,125,81.8,22,87.2,66.0,4.3
29989,MNQ,3min,opposite_level,29.6923,4.892,1226,2024-04-22,96.8,29,93.0,26,87.2,24,81.3,24,80.2,23,500,96.8,29,187,91.3,5.6,22,44,126,94.6,24,87.2,0.1,10.4
18069,FDXM,3min,opposite_level,29.6897,5.778,1210,2024-03-28,98.4,18,96.8,17,96.8,17,96.8,17,96.8,17,500,98.4,18,188,90.4,6.4,17,32,125,95.2,18,93.3,49.8,3.9
19081,FDXM,3min,opposite_level,29.6466,5.23,1223,2024-03-28,95.7,18,92.6,18,92.0,17,91.5,17,91.5,17,500,95.7,18,188,94.4,4.8,22,46,125,95.2,22,93.0,47.6,3.9
14925,6E,5min,opposite_level,29.6123,5.077,3694,2024-04-29,95.2,11,94.1,11,93.0,11,91.4,10,90.9,10,500,95.2,11,187,96.8,1.6,12,19,126,95.8,11,96.5,52.1,40.7
37657,FDXM,3min,opposite_level,29.5767,5.256,6056,2024-03-28,79.3,12,71.3,11,70.7,11,70.7,11,70.7,11,500,79.3,12,188,76.8,23.2,11,19,125,78.3,11,82.7,41.4,3.7
18057,FDXM,3min,reversal_to_open,29.557,5.899,2435,2024-03-28,94.1,29,86.7,26,81.4,23,78.7,22,78.2,22,500,94.1,29,188,94.4,3.2,22,36,125,94.2,25,91.1,3.1,1.8
44309,MNQ,5min,reversal_to_open,29.4818,5.292,2382,2024-04-22,91.4,24,85.0,19,81.8,19,70.6,19,69.5,18,500,91.4,24,187,83.3,14.3,25,51,126,88.2,24,86.3,0.1,9.1
5061,MNQ,3min,reversal_to_open,29.4777,5.868,1238,2024-04-22,100.0,25,94.7,23,91.4,22,87.2,22,87.2,19,500,100.0,25,187,85.7,10.3,25,43,126,94.2,25,85.6,0.6,13.8
21269,FDXM,3min,opposite_level,29.4656,5.924,2422,2024-03-28,85.6,25,83.0,23,82.4,23,82.4,23,82.4,23,500,85.6,25,188,80.0,17.6,22,39,125,83.4,23,87.5,81.5,4.7
19577,FDXM,5min,reversal_to_open,29.4361,4.928,6017,2024-03-28,84.0,18,77.1,16,77.1,16,75.5,16,75.5,16,500,84.0,18,188,76.0,22.4,16,29,125,80.8,16,83.1,68.8,4.4
34721,FDXM,5min,opposite_level,29.4326,5.455,845,2024-03-28,100.0,31,97.9,24,95.7,23,93.0,23,93.0,22,500,100.0,31,187,95.2,0.0,25,44,124,98.1,29,37.9,2.7,1.9
10233,FDXM,3min,reversal_to_open,29.395,5.25,2820,2024-03-28,73.4,29,66.0,24,64.4,23,64.4,24,64.4,23,500,73.4,29,188,72.0,25.6,29,60,125,72.8,29,78.0,23.3,2.9
11153,FDXM,3min,reversal_to_open,29.334,5.646,4235,2024-03-28,85.1,18,81.4,18,80.3,16,80.9,16,80.9,16,500,85.1,18,188,83.2,14.4,16,36,125,84.3,18,86.9,76.6,4.5
25677,6E,5min,reversal_to_open,29.3089,5.232,3051,2024-04-29,98.4,15,95.7,12,94.1,12,93.0,11,93.0,11,500,98.4,15,187,94.4,3.2,12,25,126,96.8,15,90.1,23.3,33.4
37369,FDXM,3min,reversal_to_open,29.2986,5.94,965,2024-03-28,100.0,36,100.0,29,99.5,26,98.4,24,98.4,24,750,100.0,29,187,93.6,2.4,30,64,125,97.4,30,75.6,31.8,3.4
701,FDXM,5min,reversal_to_open,29.2716,5.174,2520,2024-03-28,94.1,17,91.0,16,89.9,16,86.2,15,86.2,15,500,94.1,17,188,91.2,6.4,19,36,125,93.0,17,89.1,36.9,3.4
4597,FDXM,3min,opposite_level,29.2498,5.662,1120,2024-03-28,95.7,23,95.2,19,93.6,17,93.1,17,92.0,16,500,95.7,23,188,95.2,0.8,23,37,125,95.5,23,82.1,15.5,2.6
23449,FDXM,3min,reversal_to_open,29.2372,6.668,769,2024-03-28,98.4,50,95.2,45,93.0,43,94.1,43,90.4,43,500,98.4,50,187,84.8,5.6,45,114,125,92.9,47,77.2,5.5,2.3
29945,FDXM,5min,opposite_level,29.2012,5.232,3663,2024-03-28,80.3,22,75.5,18,75.0,18,75.0,17,75.0,17,500,80.3,22,188,65.6,32.0,18,46,125,74.4,18,78.6,72.0,4.5
34097,MNQ,5min,reversal_to_open,29.187,5.635,1060,2024-04-22,96.3,30,92.5,29,88.8,29,85.6,24,83.4,24,500,96.3,30,187,93.7,0.0,30,57,126,95.2,30,83.7,0.8,10.6
38309,MNQ,3min,reversal_to_open,29.1673,4.396,3083,2024-04-22,78.1,17,73.3,17,69.0,15,68.4,15,67.4,15,500,78.1,17,187,84.1,12.7,19,39,126,80.5,18,86.3,18.5,24.3
20353,MNQ,5min,opposite_level,29.1412,3.951,5112,2024-04-22,60.4,24,52.9,22,51.9,22,50.3,19,50.3,19,500,60.4,24,187,47.6,50.0,29,47,126,55.3,26,65.2,27.1,29.6
36965,FDXM,5min,opposite_level,29.1142,4.423,7528,2024-03-28,79.8,10,71.3,10,66.5,10,66.0,9,66.5,9,500,79.8,10,188,70.4,28.8,9,18,125,76.0,10,79.2,35.8,3.5
33793,MNQ,3min,reversal_to_open,29.1054,5.829,1224,2024-04-22,93.6,26,88.8,25,85.6,24,84.5,24,83.4,22,500,93.6,26,187,86.5,10.3,31,73,126,90.7,29,93.0,36.9,33.7
40097,FDXM,3min,reversal_to_open,28.9973,6.049,1215,2024-03-28,97.9,26,98.4,23,98.4,25,98.4,23,98.4,23,750,98.4,23,188,96.8,0.8,23,36,125,97.8,23,96.2,90.5,4.9
20001,FDXM,3min,reversal_to_open,28.964,4.299,3623,2024-03-28,91.0,17,87.8,17,86.2,17,85.1,17,85.1,17,500,91.0,17,188,86.4,12.0,15,31,125,89.1,17,88.2,57.5,4.0
5777,FDXM,5min,reversal_to_open,28.9475,5.342,935,2024-03-28,100.0,74,92.6,54,94.1,54,92.6,54,93.1,52,500,100.0,74,188,90.4,1.6,66,134,125,96.2,71,85.0,7.9,1.9
39353,FDXM,5min,reversal_to_open,28.9197,5.272,3172,2024-03-28,98.9,19,97.9,18,96.3,18,96.8,18,96.8,16,500,98.9,19,188,98.4,1.6,16,33,125,98.7,18,90.4,31.0,3.3
44865,FDXM,3min,reversal_to_open,28.8955,6.563,1220,2024-03-28,96.8,23,96.3,23,96.8,23,96.3,19,96.8,19,1500,96.8,19,188,95.2,3.2,19,32,125,96.2,19,95.5,97.7,5.0
39517,6E,5min,opposite_level,28.8894,4.081,5797,2024-04-29,83.4,12,80.7,11,80.2,11,78.6,11,78.6,11,500,83.4,12,187,81.7,17.5,12,25,126,82.7,12,85.0,55.8,42.3
21145,FDXM,3min,opposite_level,28.8731,6.688,1672,2024-03-28,93.1,24,92.6,22,90.4,18,89.4,17,89.4,17,500,93.1,24,188,93.6,4.0,25,46,125,93.3,24,93.3,24.3,2.8
20021,FDXM,5min,opposite_level,28.8445,6.057,1062,2024-03-28,86.7,43,78.2,36,76.6,33,73.4,32,75.0,32,500,86.7,43,188,87.2,9.6,46,101,125,86.9,43,89.8,23.4,2.8
7577,MNQ,3min,opposite_level,28.8009,4.706,2482,2024-04-22,72.7,24,65.8,24,66.3,24,56.7,24,56.7,24,500,72.7,24,187,65.9,31.0,19,66,126,70.0,24,78.9,6.8,21.6
22881,FDXM,3min,reversal_to_open,28.7867,4.994,2402,2024-03-28,86.2,23,84.6,22,83.5,22,83.5,23,83.5,23,500,86.2,23,188,84.0,13.6,22,36,125,85.3,23,87.5,66.5,4.3
1289,FDXM,5min,reversal_to_open,28.7759,7.276,1205,2024-03-28,100.0,51,98.4,45,96.2,43,95.7,43,94.6,43,500,100.0,51,186,91.2,0.0,44,103,125,96.5,46,83.3,2.8,1.6
35793,MNQ,3min,opposite_level,28.7037,5.359,1192,2024-04-22,98.9,30,95.2,26,88.8,24,84.5,23,79.1,19,500,98.9,30,187,96.0,2.4,26,52,126,97.8,26,87.5,2.9,12.4
14009,6E,5min,reversal_to_open,28.6412,4.815,2342,2024-04-29,97.9,23,94.7,18,94.1,18,92.5,18,92.5,18,500,97.9,23,187,95.2,2.4,23,40,126,96.8,23,92.0,37.8,38.3
12189,FDXM,3min,opposite_level,28.6096,5.062,2984,2024-03-28,79.8,23,79.8,23,78.2,18,76.6,18,76.6,17,500,79.8,23,188,81.6,16.0,25,58,125,80.5,24,85.9,22.1,2.8
26229,FDXM,3min,reversal_to_open,28.5929,4.786,4552,2024-03-28,78.2,17,77.1,17,73.9,17,73.9,17,73.9,17,500,78.2,17,188,76.0,22.4,15,36,125,77.3,17,82.4,79.0,4.6
38241,MNQ,5min,reversal_to_open,28.578,4.809,1235,2024-04-22,96.3,22,93.6,22,87.7,22,83.4,22,83.4,22,500,96.3,22,187,92.1,5.6,18,39,126,94.6,19,90.7,0.5,14.5
2285,MNQ,3min,reversal_to_open,28.5593,5.066,1177,2024-04-22,87.2,32,83.4,29,80.2,29,75.4,25,73.8,24,500,87.2,32,187,84.1,12.7,36,67,126,85.9,32,88.5,9.4,19.6
14977,MNQ,3min,opposite_level,28.5558,4.419,2337,2024-04-22,89.3,17,83.4,17,76.5,15,66.8,12,67.4,12,500,89.3,17,187,78.6,18.3,18,38,126,85.0,17,88.2,2.3,14.8
14453,6E,5min,opposite_level,28.5485,5.269,677,2024-04-29,98.9,36,96.8,31,96.8,31,96.8,31,96.3,31,500,98.9,36,187,91.3,0.0,37,88,126,95.8,37,68.4,35.0,38.7
34417,FDXM,3min,reversal_to_open,28.5198,5.318,1022,2024-03-28,97.9,54,92.0,50,90.4,45,88.8,50,87.2,47,500,97.9,54,187,92.8,0.8,43,96,125,95.8,47,79.5,6.0,2.3
42261,FDXM,5min,opposite_level,28.5136,4.287,3396,2024-03-28,93.6,11,91.5,11,92.0,11,89.9,10,88.8,11,500,93.6,11,188,91.2,7.2,15,25,125,92.7,15,92.0,16.7,2.6
21177,FDXM,5min,opposite_level,28.4507,5.523,2132,2024-03-28,93.6,22,88.8,19,86.2,18,81.4,16,81.9,16,500,93.6,22,188,89.6,8.8,18,32,125,92.0,19,89.5,10.0,2.2
933,FDXM,3min,reversal_to_open,28.43,5.417,2430,2024-03-28,87.2,29,85.6,29,85.6,26,85.1,26,85.1,26,500,87.2,29,188,82.4,16.0,19,53,125,85.3,25,89.5,78.8,4.6
29353,MNQ,5min,reversal_to_open,28.4231,5.077,1548,2024-04-22,87.2,19,84.5,19,80.7,18,80.2,18,81.3,18,500,87.2,19,187,80.2,16.7,29,51,126,84.3,24,87.9,26.3,30.6
34085,MNQ,5min,opposite_level,28.4155,3.964,3054,2024-04-22,81.8,17,74.9,16,72.7,16,58.8,16,58.3,16,500,81.8,17,187,78.6,19.8,16,36,126,80.5,17,76.7,0.0,8.6
10225,MNQ,5min,reversal_to_open,28.4119,4.957,2333,2024-04-22,84.5,31,80.2,30,75.9,26,71.1,26,69.5,30,500,84.5,31,187,77.8,17.5,40,79,126,81.8,37,86.6,0.2,8.5
24125,MNQ,5min,opposite_level,28.3763,3.625,6122,2024-04-22,70.6,16,64.7,12,59.9,16,57.8,12,57.8,12,500,70.6,16,187,65.9,32.5,12,30,126,68.7,12,75.4,0.4,12.1
33189,FDXM,3min,reversal_to_open,28.362,5.851,1608,2024-03-28,95.7,38,91.0,32,85.6,31,84.6,29,84.0,29,500,95.7,38,188,94.4,1.6,29,61,125,95.2,33,86.3,5.0,1.9
45417,FDXM,3min,reversal_to_open,28.2931,4.399,1969,2024-03-28,96.3,22,94.1,19,93.1,19,91.5,18,91.5,18,500,96.3,22,188,92.0,5.6,22,54,125,94.6,22,92.0,34.3,3.3
39693,FDXM,3min,opposite_level,28.2615,4.586,4202,2024-03-28,81.4,17,77.1,16,72.3,15,72.9,15,72.9,15,500,81.4,17,188,80.0,19.2,16,31,125,80.8,16,84.3,45.8,3.8
16973,6E,5min,reversal_to_open,28.2589,4.058,3196,2024-04-29,88.8,23,89.3,23,89.3,23,89.3,23,89.3,23,750,89.3,23,187,86.5,10.3,24,44,126,88.2,24,89.1,96.9,49.7
14665,6E,5min,opposite_level,28.246,4.41,4406,2024-04-29,87.2,12,86.1,11,84.5,11,85.0,11,85.0,11,500,87.2,12,187,88.9,9.5,12,25,126,87.9,12,90.1,45.4,40.3
37685,6E,5min,reversal_to_open,28.0544,4.717,1187,2024-04-29,100.0,30,99.5,24,98.4,23,98.4,23,98.4,23,500,100.0,30,187,96.0,0.0,43,71,126,98.4,33,56.2,23.6,32.5
16705,6E,3min,reversal_to_open,27.7914,4.031,5760,2024-04-29,80.7,17,76.5,17,75.9,17,76.5,16,75.4,16,500,80.7,17,187,81.0,15.1,18,44,126,80.8,17,83.1,28.7,32.8
35933,6E,5min,opposite_level,27.7713,4.54,6133,2024-04-29,83.4,10,80.7,10,80.2,10,80.2,10,80.2,10,500,83.4,10,187,78.6,19.8,11,23,126,81.5,10,84.7,60.5,43.7
10117,FDXM,3min,opposite_level,27.6569,3.753,5934,2024-03-28,83.5,12,78.2,12,73.9,11,73.4,11,72.3,11,500,83.5,12,188,73.6,24.8,11,19,125,79.6,11,82.7,23.4,3.1
35529,6E,5min,opposite_level,27.546,4.084,2585,2024-04-29,69.0,31,67.4,30,66.3,31,66.8,31,65.8,30,500,69.0,31,187,84.9,11.1,26,54,126,75.4,29,80.2,32.1,36.8
29661,MNQ,3min,opposite_level,27.5457,4.607,3714,2024-04-22,69.5,22,65.2,22,61.0,18,60.4,18,60.4,18,500,69.5,22,187,49.2,48.4,25,51,126,61.3,23,69.3,46.9,36.9
3905,FDXM,3min,opposite_level,27.5229,3.276,28554,2024-03-28,78.7,8,76.6,8,75.0,8,76.1,5,77.7,8,500,78.7,8,188,71.2,28.8,8,15,125,75.7,8,79.2,43.0,3.6
20893,MNQ,5min,reversal_to_open,27.514,4.349,2354,2024-04-22,89.3,26,78.1,24,74.9,23,65.8,23,63.6,23,500,89.3,26,187,82.5,13.5,29,66,126,86.6,29,87.5,0.0,8.2
10797,FDXM,3min,opposite_level,27.5118,6.129,1694,2024-03-28,95.7,26,93.6,25,94.7,23,89.4,22,88.8,22,500,95.7,26,188,92.0,4.0,25,58,125,94.2,26,88.5,18.5,2.4
17217,FDXM,3min,opposite_level,27.4827,5.736,1706,2024-03-28,82.9,36,78.1,33,79.1,31,77.5,31,76.5,30,500,82.9,36,187,75.2,18.4,36,110,125,79.8,36,77.9,4.3,2.2
38917,FDXM,3min,reversal_to_open,27.4694,5.474,2508,2024-03-28,83.0,37,73.9,31,68.6,31,66.5,30,65.4,29,500,83.0,37,188,76.0,19.2,32,67,125,80.2,36,86.9,13.8,2.2
41241,FDXM,3min,reversal_to_open,27.456,4.287,1864,2024-03-28,93.6,24,92.6,22,92.0,22,92.6,22,92.6,22,500,93.6,24,188,91.2,4.8,26,54,125,92.7,25,92.7,55.7,4.0
4737,MNQ,5min,reversal_to_open,27.4486,5.308,2619,2024-04-22,80.2,43,70.6,39,65.2,37,64.2,33,61.0,33,500,80.2,43,187,76.2,20.6,40,123,126,78.6,40,84.3,2.2,8.5
11357,FDXM,3min,reversal_to_open,27.4224,5.217,2293,2024-03-28,77.7,31,69.1,26,69.1,26,67.6,25,68.1,25,500,77.7,31,188,83.2,14.4,37,67,125,79.9,32,83.1,10.0,2.3
26633,6E,5min,opposite_level,27.1577,4.671,4459,2024-04-29,89.8,15,88.2,12,87.7,12,87.7,12,87.2,12,500,89.8,15,187,95.2,3.2,12,26,126,92.0,15,92.7,77.4,46.4
36429,6E,5min,opposite_level,27.1356,5.951,1227,2024-04-29,100.0,18,98.9,15,97.9,12,97.9,12,97.9,12,500,100.0,18,187,97.6,0.0,17,26,126,99.0,18,51.8,25.7,32.4
1941,FDXM,3min,opposite_level,27.1252,3.792,3612,2024-03-28,85.1,16,81.4,16,78.7,16,79.3,16,78.7,16,500,85.1,16,188,73.6,24.8,17,31,125,80.5,16,82.4,49.3,3.9
27797,6E,3min,reversal_to_open,27.0814,4.671,1960,2024-04-29,94.7,25,90.4,23,89.8,23,88.2,23,87.2,19,500,94.7,25,187,85.7,8.7,37,67,126,91.1,30,87.5,20.8,33.0
34833,MNQ,5min,reversal_to_open,27.045,3.906,3676,2024-04-22,85.0,19,77.5,19,70.6,18,65.2,18,65.2,18,500,85.0,19,187,81.7,15.9,19,52,126,83.7,19,85.6,1.6,15.3
9573,FDXM,3min,reversal_to_open,26.9862,3.794,9455,2024-03-28,78.7,18,75.5,17,72.9,15,69.7,17,69.1,17,500,78.7,18,188,85.6,13.6,17,38,125,81.5,17,84.3,25.6,3.1
17689,MNQ,3min,reversal_to_open,26.9802,4.042,4345,2024-04-22,63.6,23,55.1,23,51.3,23,48.1,19,49.2,19,500,63.6,23,187,56.3,42.1,24,59,126,60.7,23,69.3,11.3,23.6
4045,6E,3min,opposite_level,26.9216,4.427,5357,2024-04-29,87.7,11,84.0,11,82.9,11,83.4,11,83.4,11,500,87.7,11,187,90.5,8.7,16,32,126,88.8,15,89.5,76.7,46.6
44797,FDXM,3min,reversal_to_open,26.8806,5.889,1701,2024-03-28,92.0,44,86.2,37,84.0,37,81.4,36,80.3,32,500,92.0,44,188,92.0,5.6,36,60,125,92.0,39,90.7,14.0,2.3
21785,6E,3min,reversal_to_open,26.8652,5.274,2370,2024-04-29,81.8,32,79.1,30,75.4,30,73.3,30,71.7,25,500,81.8,32,187,85.7,6.3,31,60,126,83.4,32,85.9,25.4,31.7
10337,MNQ,3min,opposite_level,26.817,4.491,1548,2024-04-22,89.3,19,80.2,18,75.4,17,72.7,17,73.3,17,500,89.3,19,187,80.2,16.7,22,37,126,85.6,19,89.5,3.4,20.1
14957,MNQ,3min,reversal_to_open,26.8125,3.925,6011,2024-04-22,78.1,22,73.3,17,65.8,17,60.4,17,58.3,17,500,78.1,22,187,77.0,19.8,19,43,126,77.6,19,82.7,0.1,9.2
42269,FDXM,3min,reversal_to_open,26.8102,5.146,2300,2024-03-28,84.6,24,84.0,24,84.6,24,84.0,24,84.0,24,500,84.6,24,188,80.8,17.6,19,45,125,83.1,22,85.9,71.3,4.5
30301,MNQ,3min,reversal_to_open,26.81,4.02,6156,2024-04-22,65.8,18,62.6,18,59.9,18,59.9,17,60.4,17,500,65.8,18,187,50.0,47.6,18,36,126,59.4,18,68.4,29.2,31.3
22817,FDXM,3min,reversal_to_open,26.7837,4.785,2300,2024-03-28,97.3,24,92.5,22,90.9,19,89.8,19,90.4,19,500,97.3,24,187,89.6,4.0,19,67,125,94.2,23,90.1,16.4,2.7
649,MNQ,3min,reversal_to_open,26.7823,4.827,3391,2024-04-22,75.4,32,66.3,31,59.9,31,56.7,30,55.6,26,500,75.4,32,187,73.8,23.0,39,75,126,74.8,33,78.3,0.0,8.6
26849,FDXM,3min,opposite_level,26.7146,5.15,1031,2024-03-28,100.0,31,96.8,25,95.7,22,93.6,19,93.6,19,500,100.0,31,188,92.0,3.2,32,50,125,96.8,31,74.8,18.1,2.4
20949,MNQ,5min,opposite_level,26.6394,4.648,2458,2024-04-22,86.1,22,78.1,18,74.9,18,61.5,18,62.6,18,500,86.1,22,187,73.8,23.8,17,53,126,81.2,18,82.7,0.2,10.8
12605,FDXM,3min,reversal_to_open,26.6248,4.075,5902,2024-03-28,74.5,26,64.4,24,62.2,24,61.7,24,61.7,25,500,74.5,26,188,74.4,25.6,19,40,125,74.4,24,78.6,24.0,3.0
4425,MNQ,3min,opposite_level,26.52,3.55,7663,2024-04-22,60.4,12,57.8,12,55.6,12,55.6,11,55.1,11,500,60.4,12,187,50.0,48.4,17,31,126,56.2,15,62.0,15.4,26.1
15069,MNQ,3min,opposite_level,26.4535,4.325,3901,2024-04-22,66.8,24,61.5,19,61.0,19,58.3,19,57.2,18,500,66.8,24,187,48.4,49.2,26,54,126,59.4,24,69.3,28.8,31.2
29033,MNQ,3min,opposite_level,26.387,3.824,2293,2024-04-22,87.7,22,82.9,19,78.1,18,66.3,17,65.8,16,500,87.7,22,187,83.3,15.1,22,43,126,85.9,22,83.4,0.4,10.7
29161,6E,5min,reversal_to_open,26.3269,4.164,3391,2024-04-29,91.4,22,89.8,19,89.8,19,89.8,19,89.8,19,500,91.4,22,187,91.3,6.3,19,36,126,91.4,19,92.0,88.3,48.5
43649,6E,3min,opposite_level,26.2942,3.784,3998,2024-04-29,87.7,15,81.8,12,81.3,12,81.3,12,81.8,12,500,87.7,15,187,81.0,17.5,18,40,126,85.0,16,85.0,53.3,41.7
45261,MNQ,3min,opposite_level,26.2645,5.096,2483,2024-04-22,81.8,22,78.1,17,77.5,17,74.9,17,73.3,17,500,81.8,22,187,65.1,31.7,23,39,126,75.1,22,81.8,30.2,30.9
10333,6E,3min,opposite_level,26.2627,4.803,1231,2024-04-29,100.0,18,99.5,17,98.9,17,97.9,17,97.9,17,500,100.0,18,187,97.6,0.0,17,29,126,99.0,18,66.1,31.8,37.0
6681,MNQ,3min,reversal_to_open,26.2459,4.724,3327,2024-04-22,62.6,30,62.0,25,58.3,23,59.9,23,59.4,19,500,62.6,30,187,64.3,32.5,26,72,126,63.3,29,69.3,24.4,29.4
44777,MNQ,3min,reversal_to_open,26.2196,4.093,1567,2024-04-22,87.2,39,73.8,38,67.4,37,56.7,36,57.2,36,500,87.2,39,187,88.9,10.3,36,87,126,87.9,38,88.8,0.1,10.0
44885,6E,3min,reversal_to_open,26.1734,4.153,4104,2024-04-29,93.6,15,92.0,15,92.0,15,92.0,15,92.0,15,500,93.6,15,187,92.9,6.3,15,26,126,93.3,15,93.0,75.3,46.7
31781,MNQ,5min,opposite_level,26.0249,4.618,1235,2024-04-22,97.9,26,93.6,23,85.0,22,78.6,17,77.5,17,500,97.9,26,187,92.1,5.6,26,52,126,95.5,26,86.6,2.8,13.4
39189,MNQ,3min,opposite_level,26.016,4.089,3688,2024-04-22,84.0,22,77.0,22,65.2,18,62.0,18,62.0,17,500,84.0,22,187,70.6,28.6,17,36,126,78.6,18,84.7,1.4,10.6
43793,6E,3min,reversal_to_open,25.9286,4.37,2459,2024-04-29,81.3,31,79.7,30,79.7,29,79.1,29,79.7,29,500,81.3,31,187,63.5,29.4,47,137,126,74.1,33,77.3,28.2,35.0
7413,6E,3min,reversal_to_open,25.9071,5.056,1244,2024-04-29,100.0,18,100.0,17,98.4,17,97.9,17,97.9,17,750,100.0,17,187,97.6,0.0,17,36,126,99.0,17,85.9,87.1,48.5
6709,MNQ,3min,opposite_level,25.8942,4.394,2484,2024-04-22,79.7,17,74.9,17,74.9,17,66.3,16,65.8,16,500,79.7,17,187,73.0,23.8,18,46,126,77.0,18,84.7,3.6,19.6
45393,MNQ,5min,reversal_to_open,25.8458,4.08,1488,2024-04-22,98.9,29,94.7,23,92.5,22,87.7,19,85.6,19,500,98.9,29,187,93.7,3.2,30,54,126,96.8,29,62.9,0.1,8.8
23629,MNQ,3min,opposite_level,25.836,3.6,5035,2024-04-22,69.5,17,61.5,16,59.4,16,54.5,16,54.5,15,500,69.5,17,187,67.5,31.0,17,37,126,68.7,17,74.8,1.6,14.6
19697,6E,3min,reversal_to_open,25.8214,3.971,2304,2024-04-29,94.7,17,94.7,17,93.0,16,93.0,16,93.6,16,500,94.7,17,187,84.1,10.3,22,43,126,90.4,19,86.6,62.9,44.4
36645,MNQ,5min,reversal_to_open,25.7775,3.458,4581,2024-04-22,76.5,15,64.7,15,58.3,12,54.0,12,53.5,12,500,76.5,15,187,71.4,27.0,15,38,126,74.4,15,81.2,0.7,16.4
1813,MNQ,3min,reversal_to_open,25.7634,4.259,3699,2024-04-22,64.7,23,62.6,22,56.7,19,57.8,19,58.3,18,500,64.7,23,187,64.3,32.5,19,47,126,64.5,22,72.8,17.0,27.4
28233,6E,3min,reversal_to_open,25.7461,5.035,688,2024-04-29,100.0,40,96.8,37,96.8,36,96.8,33,97.3,33,500,100.0,40,187,93.6,0.0,60,94,125,97.4,45,66.0,19.9,32.6
9613,6E,3min,reversal_to_open,25.6962,3.962,1926,2024-04-29,82.9,30,80.2,25,79.1,25,78.1,25,76.5,24,500,82.9,30,187,93.6,2.4,26,59,125,87.2,30,87.5,56.1,42.1
36345,6E,5min,opposite_level,25.6353,3.929,4576,2024-04-29,92.0,15,89.8,15,89.8,12,89.8,12,89.8,12,500,92.0,15,187,88.9,10.3,12,26,126,90.7,12,92.7,87.9,48.6
31853,MNQ,5min,opposite_level,25.5609,4.661,1211,2024-04-22,96.3,25,91.4,25,85.0,23,77.0,22,75.9,19,500,96.3,25,187,88.9,7.9,23,53,126,93.3,25,91.4,1.0,13.1
15985,MNQ,5min,opposite_level,25.5443,3.554,5418,2024-04-22,67.9,16,62.6,16,55.6,15,54.5,15,53.5,15,500,67.9,16,187,69.0,30.2,16,31,126,68.4,16,77.3,1.2,13.2
14081,MNQ,5min,reversal_to_open,25.5417,4.052,4569,2024-04-22,90.4,15,81.3,15,72.7,12,70.6,11,70.6,11,500,90.4,15,187,88.9,9.5,12,25,126,89.8,15,81.2,0.3,11.1
22125,6E,5min,reversal_to_open,25.5078,4.754,1241,2024-04-29,100.0,22,100.0,22,99.5,22,99.5,22,99.5,22,500,100.0,22,187,97.6,0.0,19,32,126,99.0,22,86.6,86.4,48.2
31641,MNQ,3min,reversal_to_open,25.5043,4.377,6083,2024-04-22,79.1,19,72.7,18,69.0,18,65.8,16,62.6,16,500,79.1,19,187,75.4,23.0,15,33,126,77.6,16,80.2,0.1,8.9
14717,MNQ,5min,reversal_to_open,25.361,4.952,2427,2024-04-22,94.1,16,86.6,16,80.7,15,68.4,11,67.9,11,500,94.1,16,187,92.9,5.6,16,30,126,93.6,16,82.7,0.1,11.0
28833,MNQ,5min,opposite_level,25.3572,3.51,4610,2024-04-22,70.6,12,64.2,12,50.3,12,48.7,12,47.6,12,500,70.6,12,187,72.2,27.0,15,31,126,71.2,12,79.2,0.5,12.7
44589,6E,3min,opposite_level,25.3491,3.772,3573,2024-04-29,88.2,17,87.7,16,87.7,16,87.7,16,87.7,16,500,88.2,17,187,88.9,9.5,18,30,126,88.5,17,89.8,76.1,46.7
25509,MNQ,3min,reversal_to_open,25.3322,3.696,3684,2024-04-22,79.1,18,73.3,17,66.8,17,64.2,16,63.1,15,500,79.1,18,187,64.3,34.1,22,60,126,73.2,22,79.6,5.6,20.6
12985,MNQ,5min,opposite_level,25.2652,3.601,4146,2024-04-22,80.2,16,74.9,16,71.1,16,65.8,12,63.6,12,500,80.2,16,187,65.9,31.7,18,38,126,74.4,17,83.4,14.4,21.8
36489,MNQ,3min,reversal_to_open,25.2455,4.331,2821,2024-04-22,64.2,33,57.2,33,54.0,32,50.3,29,48.1,26,500,64.2,33,187,64.3,32.5,33,68,126,64.2,33,72.5,4.3,14.3
27557,MNQ,5min,reversal_to_open,25.2271,4.276,3351,2024-04-22,65.8,24,57.8,24,51.9,24,51.9,22,51.9,22,500,65.8,24,187,57.1,40.5,25,59,126,62.3,24,70.6,15.8,26.2
21365,6E,5min,opposite_level,25.1986,4.212,2469,2024-04-29,85.0,23,83.4,19,81.8,19,78.1,19,78.1,19,500,85.0,23,187,72.2,23.8,29,45,126,79.9,24,80.5,15.1,30.3
12093,6E,3min,opposite_level,25.1725,3.502,6132,2024-04-29,87.2,12,86.6,12,86.1,12,86.6,12,86.6,11,500,87.2,12,187,83.3,12.7,12,30,126,85.6,12,88.2,72.6,45.7
25545,MNQ,5min,reversal_to_open,25.1443,3.507,4610,2024-04-22,72.2,15,65.8,15,58.3,12,54.5,12,54.0,12,500,72.2,15,187,74.6,23.8,17,50,126,73.2,15,81.2,0.6,16.3
601,MNQ,3min,opposite_level,25.1354,3.96,2237,2024-04-22,80.7,33,72.2,32,68.4,32,64.2,29,61.5,26,500,80.7,33,187,69.8,28.6,25,60,126,76.4,31,81.2,1.3,11.7
2393,6E,3min,reversal_to_open,25.0561,3.634,3089,2024-04-29,86.1,26,85.6,26,85.6,26,85.6,26,85.6,26,500,86.1,26,187,88.1,10.3,30,54,126,86.9,26,89.1,94.9,49.3
6089,MNQ,5min,reversal_to_open,25.0168,4.606,1547,2024-04-22,97.3,17,95.2,16,89.3,15,85.0,12,82.9,11,500,97.3,17,187,95.2,3.2,18,40,126,96.5,17,69.0,0.5,13.0
641,6E,3min,opposite_level,24.9547,3.889,2761,2024-04-29,90.4,15,88.2,12,87.7,12,86.6,12,86.1,11,500,90.4,15,187,77.8,16.7,16,36,126,85.3,15,79.6,29.5,36.5
9305,6E,3min,reversal_to_open,24.9504,4.921,1227,2024-04-29,100.0,23,100.0,23,100.0,23,100.0,22,100.0,22,1250,100.0,22,187,96.0,0.0,17,29,126,98.4,19,79.6,95.7,49.4
28137,6E,5min,opposite_level,24.93,3.586,3410,2024-04-29,80.2,18,78.1,17,73.8,16,72.7,17,72.2,17,500,80.2,18,187,77.8,19.0,19,45,126,79.2,18,79.9,18.6,32.5
30529,6E,5min,opposite_level,24.9218,3.6,3636,2024-04-29,80.2,12,74.9,10,72.2,10,72.2,10,73.3,10,500,80.2,12,187,83.3,14.3,12,30,126,81.5,12,88.2,39.6,39.9
37141,6E,3min,opposite_level,24.8782,4.389,3670,2024-04-29,89.3,11,89.3,11,87.7,15,87.7,11,87.7,11,500,89.3,11,187,91.3,7.9,11,29,126,90.1,11,91.4,66.2,45.1
921,MNQ,3min,reversal_to_open,24.8612,4.19,4315,2024-04-22,59.4,24,54.5,23,52.4,22,49.7,22,49.7,22,500,59.4,24,187,50.8,46.8,25,71,126,55.9,24,64.5,45.5,37.3
8125,MNQ,3min,reversal_to_open,24.8576,3.54,3656,2024-04-22,77.5,24,65.8,24,56.1,22,53.5,22,52.4,22,500,77.5,24,187,80.2,19.0,22,45,126,78.6,23,79.2,0.1,9.9
18793,MNQ,5min,reversal_to_open,24.8439,3.804,3087,2024-04-22,85.0,17,79.1,16,77.5,15,65.2,12,64.7,12,500,85.0,17,187,86.5,11.9,16,37,126,85.6,17,85.6,2.1,16.5
34329,MNQ,5min,opposite_level,24.8407,4.444,3702,2024-04-22,65.2,36,56.7,36,51.9,33,52.4,32,51.3,32,500,65.2,36,187,50.8,46.0,36,74,126,59.4,36,68.7,1.3,10.4
14149,MNQ,3min,opposite_level,24.8188,5.277,1579,2024-04-22,80.7,37,75.4,32,74.9,32,65.2,31,65.2,30,500,80.7,37,187,69.0,27.0,43,95,126,76.0,38,81.5,2.2,13.7
6921,MNQ,5min,opposite_level,24.8097,4.714,1163,2024-04-22,74.9,39,70.6,37,67.4,33,66.8,31,66.3,30,500,74.9,39,187,57.9,38.9,54,124,126,68.1,44,76.7,26.1,29.4
10669,6E,5min,reversal_to_open,24.8096,3.997,3497,2024-04-29,88.8,23,85.0,19,84.5,19,84.0,19,83.4,19,500,88.8,23,187,87.3,7.9,23,44,126,88.2,23,89.1,39.6,39.0
23661,6E,5min,reversal_to_open,24.7799,3.585,3059,2024-04-29,87.7,24,88.2,23,86.6,23,86.6,23,86.6,23,750,88.2,23,187,81.0,17.5,23,51,126,85.3,23,83.7,85.6,48.1
28017,MNQ,5min,reversal_to_open,24.7788,4.16,1207,2024-04-22,97.3,64,93.6,57,85.6,51,80.2,50,77.0,47,500,97.3,64,187,92.1,3.2,71,162,126,95.2,65,79.6,0.0,5.7
27749,MNQ,5min,opposite_level,24.7743,3.614,3694,2024-04-22,77.0,18,71.1,18,61.0,18,59.9,17,59.4,17,500,77.0,18,187,70.6,27.8,15,38,126,74.4,18,81.2,1.3,14.6
20633,MNQ,5min,reversal_to_open,24.7177,3.903,2979,2024-04-22,93.6,18,86.1,17,80.7,16,71.7,16,68.4,16,500,93.6,18,187,94.4,2.4,19,33,126,93.9,18,81.2,0.0,8.0
31333,6E,5min,reversal_to_open,24.6809,3.332,3692,2024-04-29,84.0,17,83.4,17,82.4,17,81.8,16,81.3,16,500,84.0,17,187,84.1,12.7,17,38,126,84.0,17,83.7,65.1,44.5
27269,6E,5min,reversal_to_open,24.6663,3.364,6177,2024-04-29,66.3,19,64.7,17,64.2,17,64.7,17,64.7,17,500,66.3,19,187,75.4,23.8,16,33,126,70.0,17,74.1,70.6,46.2
13665,6E,5min,reversal_to_open,24.5657,4.288,2224,2024-04-29,97.9,24,92.5,23,89.3,23,86.1,23,85.0,22,500,97.9,24,187,92.1,5.6,32,64,126,95.5,30,82.7,13.4,30.0
16005,6E,3min,reversal_to_open,24.5065,3.481,6075,2024-04-29,72.2,18,65.8,17,65.2,17,65.2,17,64.2,17,500,72.2,18,187,64.3,31.0,18,38,126,69.0,18,76.7,34.4,37.4
6157,6E,5min,opposite_level,24.492,4.038,2208,2024-04-29,89.3,15,86.1,15,86.1,15,87.7,15,87.7,12,500,89.3,15,187,90.5,5.6,18,39,126,89.8,17,87.2,56.2,42.8
38941,6E,3min,opposite_level,24.4359,3.599,3683,2024-04-29,89.8,16,88.2,16,88.2,16,88.2,16,88.8,16,500,89.8,16,187,89.7,6.3,16,30,126,89.8,16,90.1,81.3,47.4
20785,6E,5min,reversal_to_open,24.431,3.606,3144,2024-04-29,71.7,38,67.9,37,61.5,33,61.0,33,59.9,37,500,71.7,38,187,40.5,47.6,61,108,126,59.1,46,69.3,15.3,29.3
31933,6E,5min,opposite_level,24.4104,5.151,1166,2024-04-29,90.4,39,87.7,36,86.1,37,84.0,36,81.8,33,500,90.4,39,187,62.4,32.8,60,225,125,79.2,44,77.9,25.7,31.5
35185,MNQ,3min,reversal_to_open,24.4066,3.55,3120,2024-04-22,77.0,23,67.9,19,58.8,19,55.1,18,53.5,18,500,77.0,23,187,79.4,18.3,25,67,126,78.0,24,82.4,1.3,14.7
713,MNQ,3min,opposite_level,24.3424,3.861,3347,2024-04-22,62.0,24,59.4,23,54.0,23,50.8,22,50.8,22,500,62.0,24,187,60.3,38.1,18,57,126,61.3,22,70.9,5.9,20.3
20921,6E,5min,opposite_level,24.2286,4.501,2637,2024-04-29,94.1,15,90.4,15,87.7,12,86.6,12,86.6,12,500,94.1,15,187,92.9,5.6,16,31,126,93.6,15,84.0,32.2,35.9
39389,MNQ,5min,reversal_to_open,24.1488,3.849,3281,2024-04-22,89.8,19,82.9,18,76.5,16,71.7,16,68.4,15,500,89.8,19,187,90.5,8.7,22,43,126,90.1,19,83.7,0.2,10.0
42081,MNQ,3min,reversal_to_open,24.1067,4.286,3029,2024-04-22,64.2,25,63.1,24,62.6,23,61.5,22,61.5,22,500,64.2,25,187,60.3,37.3,26,72,126,62.6,25,69.0,47.7,38.1
5893,6E,5min,opposite_level,24.0894,4.576,1240,2024-04-29,98.4,19,97.9,16,97.3,16,97.3,15,96.8,15,500,98.4,19,187,96.0,0.0,16,26,126,97.4,18,59.7,28.1,33.3
2841,6E,5min,reversal_to_open,24.082,4.293,1247,2024-04-29,95.7,32,94.7,36,94.7,32,94.7,32,94.7,32,500,95.7,32,187,93.7,0.0,45,81,126,94.9,38,89.5,73.8,46.2
41029,6E,3min,reversal_to_open,24.0796,3.885,1437,2024-04-29,97.3,18,96.8,17,96.3,17,96.8,17,96.8,17,500,97.3,18,187,94.4,0.0,24,45,126,96.2,19,70.9,63.7,44.5
32121,MNQ,5min,reversal_to_open,24.063,3.464,6162,2024-04-22,73.8,16,70.1,16,68.4,15,67.9,11,69.0,15,500,73.8,16,187,57.1,39.7,15,37,126,67.1,16,73.5,28.0,29.4
45357,MNQ,5min,reversal_to_open,24.0629,4.796,1239,2024-04-22,85.6,39,83.4,36,79.1,30,74.9,29,74.3,25,500,85.6,39,187,77.8,18.3,39,81,126,82.4,39,87.9,20.4,26.3
44341,6E,5min,reversal_to_open,24.018,3.405,4275,2024-04-29,90.9,17,91.4,18,91.4,18,91.4,18,90.9,17,750,91.4,18,187,81.7,15.9,24,50,126,87.5,19,87.5,85.7,47.9
897,6E,5min,reversal_to_open,23.9979,3.341,5611,2024-04-29,87.2,16,82.4,16,82.4,16,81.8,16,82.4,16,500,87.2,16,187,80.2,15.9,16,30,126,84.3,16,86.3,58.9,43.8
19953,6E,5min,opposite_level,23.9931,6.794,2511,2024-04-29,96.3,18,93.0,17,88.8,16,88.2,16,87.7,16,500,96.3,18,187,95.2,3.2,17,44,126,95.8,18,94.9,25.8,31.3
37877,6E,3min,reversal_to_open,23.9758,3.617,4539,2024-04-29,86.1,22,86.6,19,86.1,19,85.6,19,85.6,19,750,86.6,19,187,93.7,4.8,18,32,126,89.5,19,89.8,98.2,49.7
43817,6E,5min,reversal_to_open,23.9751,3.712,2694,2024-04-29,86.6,16,84.0,15,85.6,16,85.6,16,85.6,15,500,86.6,16,187,81.7,12.7,19,47,126,84.7,17,85.9,70.5,46.1
9005,MNQ,3min,reversal_to_open,23.9511,3.873,4401,2024-04-22,57.8,22,54.5,19,50.3,19,50.8,19,50.8,19,500,57.8,22,187,49.2,48.4,24,66,126,54.3,23,62.3,29.1,32.3
37585,MNQ,3min,reversal_to_open,23.9393,3.126,7343,2024-04-22,74.9,11,67.9,10,65.2,10,61.5,10,60.4,9,500,74.9,11,187,80.2,18.3,12,26,126,77.0,11,80.8,2.3,15.4
24285,6E,3min,reversal_to_open,23.8911,4.287,1240,2024-04-29,99.5,22,97.3,19,97.3,18,97.3,18,97.3,18,500,99.5,22,187,97.6,0.0,18,32,126,98.7,19,85.0,65.9,45.2
21669,MNQ,3min,reversal_to_open,23.8787,3.636,6141,2024-04-22,62.0,19,56.1,19,54.5,19,54.5,18,54.5,18,500,62.0,19,187,52.4,44.4,18,40,126,58.1,18,68.4,2.2,18.8
8177,MNQ,3min,opposite_level,23.8422,3.577,3412,2024-04-22,54.0,26,49.7,26,46.0,26,46.5,25,47.1,26,500,54.0,26,187,42.1,54.8,32,66,126,49.2,29,61.0,17.0,28.3
21089,MNQ,5min,reversal_to_open,23.8415,5.452,2711,2024-04-22,86.1,36,76.5,32,70.6,30,66.8,30,66.3,30,500,86.1,36,187,81.0,15.9,32,68,126,84.0,33,85.9,0.1,7.7
1425,6E,5min,reversal_to_open,23.8287,3.852,1488,2024-04-29,98.9,26,97.3,26,95.7,29,95.7,29,95.7,26,500,98.9,26,187,88.9,4.8,46,68,126,94.9,32,85.3,62.6,44.2
27309,6E,5min,reversal_to_open,23.8175,4.382,2170,2024-04-29,95.2,19,93.0,18,92.5,17,93.0,17,93.0,17,500,95.2,19,187,92.1,5.6,22,43,126,93.9,19,81.5,40.9,39.1
37477,MNQ,5min,reversal_to_open,23.7681,3.92,5587,2024-04-22,86.6,22,79.7,19,71.1,19,65.2,19,62.6,18,500,86.6,22,187,77.8,19.0,19,46,126,83.1,22,86.6,0.0,6.3
30333,6E,5min,reversal_to_open,23.7039,3.734,2460,2024-04-29,87.7,26,86.1,26,85.0,25,85.0,25,85.0,25,500,87.7,26,187,94.4,2.4,30,50,126,90.4,26,81.2,53.9,41.1
32481,6E,3min,reversal_to_open,23.7019,3.915,3742,2024-04-29,87.2,16,85.0,16,86.6,16,86.1,16,86.6,16,500,87.2,16,187,88.9,9.5,16,30,126,87.9,16,89.1,70.6,45.9
32849,MNQ,5min,opposite_level,23.6831,3.315,12149,2024-04-22,70.1,15,64.7,15,62.6,15,58.8,15,57.2,15,500,70.1,15,187,65.1,33.3,10,31,126,68.1,12,73.8,0.0,6.1
969,6E,5min,opposite_level,23.6613,5.058,782,2024-04-29,99.5,30,97.3,30,95.2,30,95.2,26,94.7,26,500,99.5,30,187,93.7,1.6,45,103,126,97.1,36,72.2,46.0,40.4
15093,6E,5min,opposite_level,23.658,3.346,5756,2024-04-29,82.9,11,81.8,15,81.3,11,80.7,11,80.7,11,500,82.9,11,187,81.0,16.7,15,30,126,82.1,15,85.9,65.5,44.7
11609,MNQ,5min,reversal_to_open,23.6496,3.897,3688,2024-04-22,78.6,17,69.0,16,59.4,16,57.8,15,58.3,16,500,78.6,17,187,73.8,23.8,18,52,126,76.7,18,80.8,0.6,16.0
19065,6E,5min,reversal_to_open,23.6365,3.777,3194,2024-04-29,86.6,16,86.6,16,85.6,16,85.0,16,85.0,16,500,86.6,16,187,73.8,20.6,22,46,126,81.5,17,85.6,55.2,43.3
29897,MNQ,5min,reversal_to_open,23.5943,3.179,7600,2024-04-22,66.3,12,61.0,12,54.5,12,49.2,11,49.2,11,500,66.3,12,187,71.4,26.2,11,25,126,68.4,11,74.1,0.6,14.6
24757,6E,5min,reversal_to_open,23.5556,3.231,3488,2024-04-29,80.7,23,80.2,23,80.7,22,80.7,22,80.7,22,1000,80.7,22,187,84.9,14.3,19,40,126,82.4,22,85.9,98.1,49.8
10993,MNQ,3min,reversal_to_open,23.546,3.339,3451,2024-04-22,72.2,23,65.8,22,61.0,22,59.4,18,55.6,17,500,72.2,23,187,59.5,36.5,36,81,126,67.1,24,76.0,4.2,18.0
801,6E,3min,reversal_to_open,23.5334,5.6,1103,2024-04-29,100.0,24,99.5,23,99.5,23,99.5,23,99.5,23,500,100.0,24,187,96.8,0.0,24,40,126,98.7,24,82.1,83.7,47.4
6285,MNQ,5min,opposite_level,23.482,3.104,12651,2024-04-22,70.6,15,64.7,15,58.3,12,55.6,15,52.9,12,500,70.6,15,187,65.9,32.5,12,31,126,68.7,12,75.1,0.0,5.5
7189,6E,3min,reversal_to_open,23.4518,4.877,2956,2024-04-29,91.4,19,87.7,19,86.1,17,84.0,17,82.4,17,500,91.4,19,187,95.2,1.6,16,37,126,93.0,18,88.8,17.4,28.1
40325,MNQ,3min,opposite_level,23.3923,3.806,2465,2024-04-22,79.1,19,71.1,17,69.0,17,57.8,17,57.2,17,500,79.1,19,187,77.8,19.0,19,38,126,78.6,19,84.7,0.6,15.4
14897,MNQ,3min,opposite_level,23.3352,3.334,6177,2024-04-22,54.5,18,50.8,18,49.2,18,46.5,18,47.1,18,500,54.5,18,187,48.4,50.0,12,40,126,52.1,16,62.0,2.2,18.6
36897,6E,3min,reversal_to_open,23.2631,4.645,2024,2024-04-29,85.6,44,82.9,36,80.7,32,80.7,32,80.7,32,500,85.6,44,187,83.3,11.1,36,89,126,84.7,39,85.6,28.8,35.4
4509,MNQ,5min,opposite_level,23.2192,3.361,4302,2024-04-22,51.9,33,47.1,29,44.9,30,43.9,26,43.9,25,500,51.9,33,187,54.0,44.4,29,46,126,52.7,32,62.3,23.1,29.5
33505,6E,5min,reversal_to_open,23.1526,3.827,2417,2024-04-29,92.5,24,92.0,24,92.0,24,92.0,24,92.0,24,500,92.5,24,187,93.7,4.0,25,44,126,93.0,24,93.9,91.5,49.0
14193,MNQ,3min,opposite_level,23.1325,5.323,1488,2024-04-22,87.2,40,78.1,40,72.7,37,63.6,37,63.1,33,500,87.2,40,187,83.3,14.3,36,74,126,85.6,39,87.2,2.7,14.4
7485,MNQ,3min,opposite_level,23.1009,2.793,22627,2024-04-22,48.1,11,47.6,11,47.6,11,46.0,10,44.9,10,500,48.1,11,187,42.9,56.3,12,31,126,46.0,11,56.9,25.4,27.5
29253,MNQ,3min,reversal_to_open,23.0781,3.756,6158,2024-04-22,61.0,18,56.7,18,55.6,18,56.1,16,56.1,16,500,61.0,18,187,56.3,41.3,19,43,126,59.1,18,67.7,16.0,27.1
45449,MNQ,3min,reversal_to_open,23.0638,4.329,1219,2024-04-22,88.2,30,80.2,29,75.9,24,72.7,23,71.7,23,500,88.2,30,187,86.5,9.5,36,64,126,87.5,32,90.1,2.9,16.3
629,MNQ,5min,opposite_level,23.0242,4.301,1016,2024-04-22,89.3,60,81.3,59,73.3,58,58.3,58,56.7,57,500,89.3,60,187,73.0,21.4,67,107,126,82.7,64,88.8,0.2,8.4
40821,6E,5min,opposite_level,22.9553,3.983,3692,2024-04-29,90.4,15,86.1,15,85.6,15,85.6,15,85.6,15,500,90.4,15,187,87.3,11.1,15,29,126,89.1,15,90.7,74.8,46.6
38537,MNQ,5min,reversal_to_open,22.9338,5.002,2017,2024-04-22,99.5,37,88.2,30,85.0,30,77.5,29,76.5,29,500,99.5,37,187,95.2,1.6,31,52,126,97.8,36,83.4,0.0,6.3
37989,6E,3min,reversal_to_open,22.8804,3.683,1488,2024-04-29,100.0,26,98.9,22,96.3,22,95.7,19,96.3,19,500,100.0,26,187,84.1,7.1,29,50,126,93.6,26,62.9,40.9,39.3
7917,MNQ,3min,reversal_to_open,22.8761,3.859,2448,2024-04-22,84.5,24,75.4,23,72.2,19,65.2,19,64.7,19,500,84.5,24,187,69.0,27.0,26,66,126,78.3,24,84.7,5.2,18.7
9141,MNQ,5min,opposite_level,22.8704,2.989,5285,2024-04-22,75.9,12,63.6,11,58.8,11,54.0,12,54.5,11,500,75.9,12,187,69.0,30.2,15,29,126,73.2,12,78.0,0.2,11.5
18201,MNQ,5min,reversal_to_open,22.8689,3.58,1535,2024-04-22,90.4,18,81.8,17,74.3,16,65.2,15,63.6,15,500,90.4,18,187,88.1,8.7,22,53,126,89.5,18,85.0,0.5,17.2
31449,6E,3min,reversal_to_open,22.8651,3.467,5461,2024-04-29,92.5,10,92.5,10,91.4,10,90.4,9,90.4,9,500,92.5,10,187,92.1,6.3,11,24,126,92.3,10,87.2,67.2,43.4
31629,6E,5min,reversal_to_open,22.8439,3.692,3229,2024-04-29,78.1,26,75.9,26,73.8,24,73.3,24,73.3,24,500,78.1,26,187,84.1,11.9,24,54,126,80.5,26,80.5,75.9,46.7
9989,6E,5min,opposite_level,22.7793,3.048,10742,2024-04-29,81.3,11,79.1,11,77.0,11,76.5,11,76.5,10,500,81.3,11,187,71.4,24.6,11,24,126,77.3,11,85.0,34.3,37.0
2805,MNQ,5min,opposite_level,22.7629,4.407,2239,2024-04-22,81.8,24,75.4,23,71.1,23,58.3,17,56.7,18,500,81.8,24,187,71.4,27.0,24,58,126,77.6,24,79.9,0.7,10.3
8165,6E,5min,reversal_to_open,22.7426,3.341,4670,2024-04-29,85.0,31,75.4,25,71.1,24,69.0,23,65.2,23,500,85.0,31,187,77.8,17.5,30,57,126,82.1,31,81.8,6.9,20.9
36217,MNQ,3min,reversal_to_open,22.6977,5.065,1242,2024-04-22,92.5,31,90.4,30,87.2,30,86.6,30,86.6,26,500,92.5,31,187,83.3,13.5,40,109,126,88.8,33,92.0,44.4,36.8
29921,MNQ,5min,reversal_to_open,22.6927,3.511,4635,2024-04-22,72.2,31,63.1,31,57.2,30,52.4,30,49.7,30,500,72.2,31,187,73.0,23.0,26,60,126,72.5,30,78.9,0.1,8.8
12909,MNQ,3min,reversal_to_open,22.6919,3.985,1235,2024-04-22,92.0,26,85.6,23,84.5,23,80.7,22,77.0,19,500,92.0,26,187,87.3,7.9,36,93,126,90.1,30,89.1,6.2,20.2
38869,MNQ,3min,reversal_to_open,22.6811,4.035,2310,2024-04-22,70.6,24,66.8,24,62.6,23,53.5,22,53.5,19,500,70.6,24,187,76.2,21.4,38,74,126,72.8,29,79.9,2.9,13.2
22981,6E,5min,opposite_level,22.6691,3.112,5848,2024-04-29,81.3,12,78.1,12,78.1,12,78.1,12,78.1,12,500,81.3,12,187,80.2,17.5,12,26,126,80.8,12,84.3,69.6,45.3
36045,MNQ,3min,reversal_to_open,22.6628,2.967,4609,2024-04-22,67.9,18,59.4,16,55.1,15,51.9,12,52.9,12,500,67.9,18,187,65.1,32.5,17,32,126,66.8,17,74.8,5.6,21.3
22949,6E,3min,reversal_to_open,22.641,3.046,5292,2024-04-29,77.0,17,70.6,15,71.1,15,70.1,15,69.0,15,500,77.0,17,187,74.6,21.4,19,40,126,76.0,18,79.9,30.3,35.6
20641,MNQ,5min,opposite_level,22.6325,3.377,3728,2024-04-22,81.3,17,71.1,16,65.8,15,59.4,15,58.3,15,500,81.3,17,187,66.7,30.2,25,57,126,75.4,18,81.2,0.9,11.9
33645,6E,3min,reversal_to_open,22.6113,3.427,4239,2024-04-29,86.6,22,81.8,18,77.5,18,75.4,17,73.8,17,500,86.6,22,187,67.5,28.6,31,71,126,78.9,23,81.8,24.4,34.5
43077,6E,5min,opposite_level,22.6102,4.887,1540,2024-04-29,100.0,16,99.5,12,99.5,11,97.3,10,97.3,10,500,100.0,16,187,98.4,0.0,15,23,126,99.4,16,55.0,36.4,35.7
4329,6E,3min,reversal_to_open,22.5813,3.672,2354,2024-04-29,94.7,26,89.3,24,88.2,24,87.2,24,86.6,24,500,94.7,26,187,74.6,18.3,37,79,126,86.6,30,87.2,40.7,39.5
21501,6E,5min,reversal_to_open,22.5765,3.72,2138,2024-04-29,86.6,26,87.2,25,87.2,25,86.6,25,86.1,25,750,87.2,25,187,92.1,5.6,30,61,126,89.1,26,80.8,86.5,48.2
20689,MNQ,3min,reversal_to_open,22.5755,3.667,1952,2024-04-22,81.8,39,72.2,36,65.2,32,61.5,31,58.8,31,500,81.8,39,187,82.5,14.3,45,121,126,82.1,40,87.9,0.4,10.7
4489,6E,3min,reversal_to_open,22.5445,3.108,4783,2024-04-29,76.5,19,74.9,19,74.3,18,74.3,18,74.3,18,500,76.5,19,187,87.3,11.1,22,36,126,80.8,22,83.7,82.6,47.5
21609,MNQ,5min,reversal_to_open,22.5126,3.359,6176,2024-04-22,56.1,18,46.0,18,45.5,18,43.3,18,43.3,17,500,56.1,18,187,52.4,45.2,24,59,126,54.6,18,63.9,3.3,20.0
40125,6E,5min,opposite_level,22.4985,4.623,843,2024-04-29,100.0,50,100.0,37,100.0,30,96.3,25,96.8,24,1000,100.0,30,187,89.7,6.3,36,66,126,95.8,31,55.6,45.6,40.0
11913,MNQ,3min,opposite_level,22.4919,3.58,1476,2024-04-22,69.5,26,66.3,29,62.0,24,58.3,23,56.1,22,500,69.5,26,187,80.2,15.9,45,93,126,73.8,36,82.4,5.7,18.6
23601,MNQ,5min,opposite_level,22.4434,3.747,1548,2024-04-22,92.5,19,83.4,18,73.3,17,63.1,16,58.8,15,500,92.5,19,187,87.3,7.1,19,39,126,90.4,19,88.8,0.7,13.7
7213,6E,5min,reversal_to_open,22.3771,3.849,1628,2024-04-29,97.9,30,95.2,26,94.7,24,94.1,24,93.6,26,500,97.9,30,187,97.6,0.0,33,73,126,97.8,31,74.8,37.0,38.7
9201,6E,3min,reversal_to_open,22.301,3.852,3678,2024-04-29,90.9,16,91.4,16,91.4,16,91.4,16,91.4,16,750,91.4,16,187,95.2,2.4,16,29,126,93.0,16,93.9,97.1,49.7
34773,6E,5min,opposite_level,22.2904,5.374,1950,2024-04-29,75.9,37,72.7,30,74.9,30,73.8,30,73.3,29,500,75.9,37,187,54.0,34.1,92,225,126,67.1,50,74.8,21.9,29.1
23101,6E,5min,reversal_to_open,22.2828,3.331,3190,2024-04-29,85.0,19,85.0,19,84.5,19,84.0,19,83.4,19,500,85.0,19,187,80.2,14.3,31,67,126,83.1,25,84.3,75.9,46.5
17145,6E,3min,reversal_to_open,22.1831,3.089,7388,2024-04-29,80.7,11,80.2,11,79.7,11,79.7,11,79.7,11,500,80.7,11,187,83.3,15.1,9,22,126,81.8,10,85.3,78.6,47.3
11417,6E,3min,opposite_level,22.146,3.707,5999,2024-04-29,88.2,11,86.6,11,86.1,10,86.1,10,86.1,10,500,88.2,11,187,89.7,9.5,10,22,126,88.8,10,90.1,79.6,47.3
32717,6E,3min,reversal_to_open,22.1294,3.559,3698,2024-04-29,86.6,19,85.6,19,85.6,19,85.6,19,85.6,19,500,86.6,19,187,93.7,4.0,16,33,126,89.5,19,92.3,91.6,49.0
12821,MNQ,3min,reversal_to_open,22.1278,2.744,23654,2024-04-22,69.5,10,61.5,9,58.3,9,57.2,9,55.6,9,500,69.5,10,187,60.3,38.1,10,17,126,65.8,10,74.8,0.9,14.0
38833,6E,3min,reversal_to_open,22.0304,3.99,1845,2024-04-29,86.1,37,78.6,33,79.1,33,79.1,33,78.6,33,500,86.1,37,187,64.3,29.4,58,134,126,77.3,45,80.5,47.2,40.3
26917,MNQ,3min,opposite_level,22.0134,2.893,6057,2024-04-22,48.1,17,45.5,17,43.3,15,41.7,15,41.2,16,500,48.1,17,187,42.1,56.3,18,38,126,45.7,18,58.8,4.5,19.6
5437,6E,3min,reversal_to_open,21.9851,3.365,2725,2024-04-29,93.0,23,90.4,23,88.8,23,88.8,23,88.8,23,500,93.0,23,187,77.8,15.9,26,52,126,86.9,24,84.7,78.8,46.9
7553,MNQ,3min,opposite_level,21.9718,3.705,1175,2024-04-22,86.6,30,78.1,30,74.3,24,66.3,22,63.6,19,500,86.6,30,187,79.4,15.1,38,85,126,83.7,36,82.4,1.0,13.1
13645,MNQ,3min,reversal_to_open,21.9695,4.075,1238,2024-04-22,76.5,36,73.8,36,73.3,36,70.6,36,70.6,33,500,76.5,36,187,75.4,20.6,46,103,126,76.0,40,81.5,50.7,39.4
4773,MNQ,3min,opposite_level,21.9625,3.266,3720,2024-04-22,55.1,25,52.4,24,49.2,23,48.7,23,48.1,23,500,55.1,25,187,42.1,56.3,29,66,126,49.8,29,62.9,37.3,33.9
20705,6E,3min,reversal_to_open,21.9126,3.461,3310,2024-04-29,88.2,19,75.9,17,72.7,17,71.7,16,71.7,16,500,88.2,19,187,85.7,10.3,22,47,126,87.2,22,85.3,17.0,31.9
13081,MNQ,3min,reversal_to_open,21.8434,4.056,2454,2024-04-22,88.8,19,77.5,19,74.9,18,64.2,18,64.2,18,500,88.8,19,187,83.3,12.7,19,45,126,86.6,19,88.8,1.3,16.3
33501,6E,3min,reversal_to_open,21.7521,3.741,2464,2024-04-29,90.4,22,88.2,18,88.2,18,88.2,18,88.2,18,500,90.4,22,187,93.7,4.8,22,36,126,91.7,22,92.7,78.8,47.3
29725,MNQ,3min,reversal_to_open,21.7121,3.309,3409,2024-04-22,80.7,26,70.6,25,63.6,25,57.2,25,56.1,26,500,80.7,26,187,75.4,23.0,26,60,126,78.6,26,79.6,0.0,9.2
29385,6E,3min,reversal_to_open,21.701,3.352,4035,2024-04-29,77.0,22,78.1,19,79.1,19,78.1,19,78.1,19,1000,79.1,19,187,83.3,15.1,24,57,126,80.8,22,83.1,92.1,49.0
27329,MNQ,3min,reversal_to_open,21.6769,3.47,2459,2024-04-22,74.9,24,66.8,24,66.8,23,64.2,22,61.5,22,500,74.9,24,187,62.7,34.1,45,100,126,70.0,30,78.6,9.1,24.6
39949,MNQ,3min,reversal_to_open,21.6535,2.941,4608,2024-04-22,76.5,16,66.8,16,60.4,16,59.4,15,57.8,15,500,76.5,16,187,76.2,21.4,16,40,126,76.4,16,78.9,1.9,18.0
41625,6E,3min,reversal_to_open,21.6424,3.125,4656,2024-04-29,75.9,23,70.1,22,69.0,18,67.4,18,66.8,16,500,75.9,23,187,79.4,14.3,26,43,126,77.3,23,82.7,20.7,32.8
23717,MNQ,3min,opposite_level,21.6115,3.337,6018,2024-04-22,61.0,16,55.6,16,52.9,15,50.8,12,50.8,12,500,61.0,16,187,57.1,41.3,17,31,126,59.4,16,69.6,3.1,16.5
39945,MNQ,3min,opposite_level,21.595,3.033,3706,2024-04-22,55.1,24,49.2,23,41.7,18,39.6,18,40.1,17,500,55.1,24,187,51.6,46.0,23,60,126,53.7,24,66.1,4.5,20.8
8257,6E,3min,opposite_level,21.5809,3.643,2566,2024-04-29,92.5,16,85.6,15,83.4,12,83.4,12,83.4,12,500,92.5,16,187,89.7,8.7,16,36,126,91.4,16,87.9,49.6,40.3
28597,MNQ,3min,reversal_to_open,21.4629,3.14,5575,2024-04-22,67.4,24,60.4,23,56.1,23,52.9,19,49.2,18,500,67.4,24,187,63.5,31.0,31,96,126,65.8,25,73.5,5.1,12.6
12213,MNQ,3min,reversal_to_open,21.4475,4.091,2071,2024-04-22,87.2,65,71.1,57,69.5,61,65.8,61,64.2,61,500,87.2,65,187,74.6,16.7,71,135,126,82.1,68,86.3,0.5,6.6
18005,MNQ,3min,reversal_to_open,21.4077,5.43,1238,2024-04-22,92.5,36,87.2,29,85.0,26,85.0,26,82.4,23,500,92.5,36,187,80.2,14.3,31,71,126,87.5,33,92.7,20.7,27.1
9817,6E,3min,reversal_to_open,21.3991,2.928,5823,2024-04-29,72.7,18,70.1,18,70.6,18,70.1,18,70.1,18,500,72.7,18,187,64.3,30.2,23,50,126,69.3,22,77.3,84.2,48.0
5937,6E,3min,opposite_level,21.0056,3.729,4035,2024-04-29,81.8,16,80.2,12,79.7,11,78.1,11,76.5,11,500,81.8,16,187,73.0,22.2,17,33,126,78.3,17,75.1,25.2,32.1
43729,6E,3min,opposite_level,20.9002,3.595,2098,2024-04-29,79.1,33,73.8,31,73.8,31,74.9,31,75.4,31,500,79.1,33,187,51.6,42.9,64,148,126,68.1,38,74.4,52.2,41.1
22161,6E,3min,opposite_level,20.8569,3.245,2744,2024-04-29,85.6,23,82.9,19,80.2,19,77.5,19,77.0,19,500,85.6,23,187,70.6,23.8,39,78,126,79.6,24,74.1,41.1,38.2
31173,6E,3min,reversal_to_open,20.8061,2.775,6107,2024-04-29,74.3,22,72.7,22,72.7,22,71.7,22,71.7,22,500,74.3,22,187,75.4,21.4,23,64,126,74.8,23,79.9,83.9,47.6
37893,6E,3min,reversal_to_open,20.7856,3.244,2442,2024-04-29,84.0,22,80.2,19,78.6,18,78.1,18,78.6,18,500,84.0,22,187,88.1,8.7,22,39,126,85.6,22,83.7,60.9,43.6
32029,6E,3min,opposite_level,20.6892,4.465,1084,2024-04-29,97.9,25,95.2,25,95.7,24,96.3,24,96.3,24,500,97.9,25,187,96.0,0.0,25,44,126,97.1,25,89.1,70.6,45.2
35377,6E,3min,opposite_level,20.6397,3.31,3097,2024-04-29,87.2,19,86.1,19,86.1,19,86.1,19,86.1,19,500,87.2,19,187,95.2,2.4,17,32,126,90.4,18,93.0,95.3,49.5
41345,6E,3min,reversal_to_open,20.5991,3.679,1550,2024-04-29,94.1,33,93.0,33,93.0,33,93.0,31,93.0,33,500,94.1,33,187,87.3,8.7,40,82,126,91.4,36,84.0,68.8,45.1
40657,6E,3min,reversal_to_open,20.4767,4.312,1242,2024-04-29,97.9,23,97.9,19,97.9,18,97.9,18,97.9,18,1000,97.9,18,187,94.4,0.0,19,38,126,96.5,19,83.7,97.3,49.8
24069,6E,3min,opposite_level,20.3483,3.231,3687,2024-04-29,79.1,18,80.7,18,80.2,18,80.2,18,80.2,18,750,80.7,18,187,86.5,11.1,18,30,126,83.1,18,86.9,95.4,49.5
257,6E,3min,reversal_to_open,20.2719,3.26,3690,2024-04-29,81.8,22,80.7,19,80.7,19,80.7,19,80.7,19,500,81.8,22,187,84.9,10.3,18,32,126,83.1,19,88.2,91.9,49.1
7793,6E,3min,reversal_to_open,20.2691,4.099,1244,2024-04-29,99.5,22,99.5,22,99.5,22,99.5,22,99.5,22,500,99.5,22,187,97.6,0.0,22,39,126,98.7,22,86.3,78.9,47.3
34001,6E,3min,reversal_to_open,20.05,2.911,5961,2024-04-29,70.1,22,69.0,19,69.0,19,69.0,19,69.0,19,500,70.1,22,187,65.1,28.6,25,57,126,68.1,23,76.7,86.2,48.2
35977,6E,3min,reversal_to_open,19.9894,3.219,1985,2024-04-29,80.2,32,77.5,32,77.0,32,76.5,29,77.0,30,500,80.2,32,187,64.3,26.2,43,99,126,73.8,36,79.2,69.3,44.8
27501,6E,3min,reversal_to_open,19.8658,2.961,2085,2024-04-29,82.9,31,81.3,31,80.7,31,79.1,29,79.1,29,500,82.9,31,187,61.9,31.7,47,123,126,74.4,33,80.8,81.4,47.5
2713,6E,3min,reversal_to_open,19.8448,3.472,2406,2024-04-29,88.8,25,87.7,24,86.6,24,86.6,24,86.6,24,500,88.8,25,187,92.1,3.2,19,33,126,90.1,22,91.7,89.6,48.7
45333,6E,3min,reversal_to_open,19.8062,3.833,1220,2024-04-29,100.0,30,97.9,24,97.3,19,96.3,19,95.7,19,500,100.0,30,187,95.2,0.0,30,47,126,98.1,30,63.6,26.2,32.3
43749,6E,3min,reversal_to_open,19.7432,2.799,3923,2024-04-29,74.3,30,75.4,30,74.9,30,74.3,30,74.3,30,750,75.4,30,187,73.0,22.2,37,65,126,74.4,32,76.0,94.0,49.2
37729,6E,3min,reversal_to_open,19.703,2.998,3672,2024-04-29,82.4,24,76.5,23,69.0,22,69.0,19,69.0,19,500,82.4,24,187,84.1,14.3,23,43,126,83.1,23,80.8,18.9,32.6
5770,FDXM,5min,opposite_level,61.5188,8.939,2675,2024-03-28,100.0,10,100.0,10,100.0,9,97.3,9,95.7,9,1000,100.0,9,188,94.4,5.6,9,17,125,97.8,9,94.9,34.3,3.4
4990,FDXM,5min,opposite_level,56.2336,9.82,2409,2024-03-28,99.5,11,100.0,11,97.9,11,97.3,10,95.7,10,750,100.0,11,188,96.8,3.2,10,17,125,98.7,11,97.1,28.7,3.1
4566,FDXM,5min,opposite_level,53.9041,12.472,1527,2024-03-28,97.9,25,94.7,25,89.9,24,89.4,23,89.4,23,500,97.9,25,188,95.2,2.4,29,58,125,96.8,25,97.1,13.9,2.3
3430,FDXM,5min,opposite_level,47.4376,9.211,2829,2024-03-28,100.0,9,99.5,8,98.9,8,96.3,8,95.2,8,500,100.0,9,188,99.2,0.8,9,17,125,99.7,9,88.8,13.9,2.4
16514,FDXM,5min,reversal_to_open,47.1648,6.221,5901,2024-03-28,97.3,18,89.9,17,84.6,17,79.3,17,79.3,17,500,97.3,18,188,96.8,2.4,15,26,125,97.1,17,94.9,6.4,2.0
19906,FDXM,3min,opposite_level,45.602,6.404,3630,2024-03-28,95.7,10,94.1,10,88.3,9,86.7,9,86.7,10,500,95.7,10,188,88.0,10.4,10,23,125,92.7,10,92.0,23.5,2.9
20850,FDXM,5min,opposite_level,44.5333,6.609,3112,2024-03-28,98.4,12,97.9,11,95.7,11,94.1,11,93.6,11,500,98.4,12,188,97.6,2.4,12,23,125,98.1,12,94.2,28.6,2.9
19214,FDXM,5min,reversal_to_open,44.2619,7.573,3050,2024-03-28,93.1,23,89.9,19,84.0,18,82.4,17,81.9,17,500,93.1,23,188,92.0,6.4,18,36,125,92.7,22,93.6,8.6,2.2
398,FDXM,5min,opposite_level,42.5609,5.83,6003,2024-03-28,95.7,9,93.6,9,92.0,9,89.4,9,88.8,9,500,95.7,9,188,91.2,8.8,11,18,125,93.9,9,94.2,20.9,2.7
1006,FDXM,3min,reversal_to_open,42.2678,6.888,3503,2024-03-28,93.6,23,87.2,19,80.3,17,78.7,17,79.3,17,500,93.6,23,188,92.0,5.6,18,32,125,93.0,19,91.7,11.5,2.3
45438,FDXM,5min,opposite_level,42.2539,6.989,3591,2024-03-28,96.8,10,95.7,9,92.6,9,91.0,9,90.4,9,500,96.8,10,188,92.8,7.2,10,22,125,95.2,10,94.9,28.7,3.0
19350,FDXM,5min,opposite_level,42.0923,7.775,1214,2024-03-28,99.5,18,99.5,17,98.4,15,97.3,12,96.3,12,750,99.5,17,188,98.4,0.0,12,24,125,99.0,15,78.6,23.2,2.8
32494,FDXM,5min,reversal_to_open,42.0762,5.973,3445,2024-03-28,98.4,12,97.9,11,94.7,10,93.1,10,91.5,10,500,98.4,12,188,96.8,3.2,11,19,125,97.8,11,91.1,28.4,3.1
34158,FDXM,5min,reversal_to_open,41.9398,6.267,2710,2024-03-28,92.6,26,86.7,25,84.6,25,83.5,24,83.0,24,500,92.6,26,188,91.2,4.8,25,59,125,92.0,25,86.6,1.3,1.8
27486,FDXM,3min,reversal_to_open,41.6423,6.502,3046,2024-03-28,87.2,18,85.6,18,84.6,18,84.6,18,84.6,18,500,87.2,18,188,86.4,11.2,18,33,125,86.9,18,88.8,60.8,4.2
42298,FDXM,3min,reversal_to_open,41.4786,6.841,4123,2024-03-28,90.4,17,85.6,16,85.6,16,85.6,16,85.6,16,500,90.4,17,188,89.6,9.6,16,33,125,90.1,16,91.4,72.0,4.4
15430,FDXM,5min,opposite_level,41.4504,9.008,2355,2024-03-28,96.8,19,93.1,18,86.2,17,84.6,17,84.6,16,500,96.8,19,188,96.8,1.6,18,39,125,96.8,19,93.9,10.9,2.2
44834,FDXM,5min,reversal_to_open,41.4487,5.858,4493,2024-03-28,94.1,16,89.4,15,88.8,12,87.2,12,84.6,12,500,94.1,16,188,90.4,8.0,12,24,125,92.7,15,87.5,6.3,1.8
44554,FDXM,5min,opposite_level,40.604,6.88,3617,2024-03-28,98.4,10,95.7,10,91.5,9,91.0,9,90.4,9,500,98.4,10,188,94.4,5.6,10,22,125,96.8,10,93.9,12.5,2.5
24498,FDXM,3min,opposite_level,40.583,6.663,2424,2024-03-28,95.2,12,93.1,11,93.6,11,93.1,11,92.6,11,500,95.2,12,188,94.4,4.8,12,22,125,94.9,12,94.2,30.2,3.1
5602,FDXM,5min,opposite_level,40.4423,7.274,1222,2024-03-28,100.0,18,97.9,16,98.4,15,96.3,11,96.3,11,500,100.0,18,188,96.8,1.6,22,39,125,98.7,18,81.5,15.7,2.5
13774,FDXM,5min,opposite_level,40.0031,7.229,1217,2024-03-28,100.0,19,100.0,18,99.5,16,100.0,15,98.4,15,1250,100.0,15,188,93.6,4.8,12,26,125,97.4,15,90.7,55.4,4.1
36954,MNQ,5min,reversal_to_open,39.9452,5.367,6115,2024-04-22,84.0,12,74.9,12,72.2,12,70.1,12,70.6,12,500,84.0,12,187,75.4,22.2,11,19,126,80.5,12,84.3,1.6,14.6
2794,FDXM,3min,reversal_to_open,39.8929,6.389,3347,2024-03-28,97.3,11,96.3,9,94.7,9,93.6,9,92.0,9,500,97.3,11,188,93.6,4.8,11,19,125,95.8,11,85.0,24.4,2.9
23338,FDXM,3min,reversal_to_open,39.8258,6.684,2980,2024-03-28,99.5,12,98.4,11,96.8,11,96.3,11,95.7,11,500,99.5,12,187,92.8,5.6,12,24,125,96.8,12,96.2,56.5,3.9
44410,FDXM,5min,reversal_to_open,39.7626,6.989,2188,2024-03-28,94.1,19,92.6,18,93.1,18,93.1,18,93.1,18,500,94.1,19,188,93.6,4.8,18,33,125,93.9,18,93.9,66.0,4.3
5690,FDXM,3min,opposite_level,39.191,7.629,1209,2024-03-28,100.0,19,98.9,16,98.4,15,98.4,15,97.9,12,500,100.0,19,188,98.4,0.0,19,36,125,99.4,19,72.2,12.8,2.4
19118,6E,3min,reversal_to_open,38.9115,5.25,3647,2024-04-29,85.0,17,86.1,17,86.6,17,86.6,15,87.2,15,1500,87.2,15,187,82.5,14.3,18,36,126,85.3,18,86.6,98.3,49.8
21390,FDXM,3min,opposite_level,38.754,9.287,1595,2024-03-28,97.9,24,95.2,23,94.1,19,89.8,18,88.8,18,500,97.9,24,187,93.6,3.2,23,46,125,96.2,24,90.1,18.7,2.4
32474,FDXM,3min,opposite_level,38.7356,6.854,1213,2024-03-28,100.0,18,100.0,16,100.0,15,98.9,11,98.9,11,1000,100.0,15,188,95.2,4.0,15,29,125,98.1,15,89.5,36.0,3.4
43090,FDXM,3min,opposite_level,38.7276,5.999,3268,2024-03-28,97.3,12,96.8,12,96.3,12,96.8,12,96.8,12,500,97.3,12,188,92.0,7.2,12,25,125,95.2,12,94.9,58.2,3.9
33686,FDXM,5min,reversal_to_open,38.7031,6.739,3044,2024-03-28,94.7,16,93.6,15,92.6,15,91.0,15,90.4,15,500,94.7,16,188,93.6,4.8,12,22,125,94.2,15,95.5,54.0,4.0
3426,6E,5min,reversal_to_open,38.5584,6.507,2444,2024-04-29,97.9,15,94.1,12,94.1,12,94.1,12,94.1,12,500,97.9,15,187,92.1,5.6,12,29,126,95.5,15,84.7,29.4,36.1
44910,FDXM,5min,opposite_level,38.4152,5.477,5970,2024-03-28,95.2,9,91.5,9,92.6,9,91.0,9,89.4,9,500,95.2,9,188,87.2,12.0,9,17,125,92.0,9,91.7,18.7,2.7
25930,FDXM,5min,reversal_to_open,38.29,5.693,2193,2024-03-28,95.7,15,93.1,12,92.6,12,92.0,12,92.0,12,500,95.7,15,188,96.8,2.4,15,29,125,96.2,15,86.9,24.8,3.0
40270,FDXM,3min,opposite_level,38.0309,8.048,1211,2024-03-28,100.0,19,99.5,16,99.5,15,99.5,12,98.4,12,500,100.0,19,188,94.4,0.8,18,36,125,97.8,19,65.5,16.4,2.4
14638,MNQ,3min,opposite_level,37.7355,5.582,3653,2024-04-22,71.7,25,64.7,22,62.0,22,59.4,19,58.8,19,500,71.7,25,187,56.3,41.3,26,52,126,65.5,25,72.8,36.2,33.3
3342,FDXM,3min,reversal_to_open,37.688,6.092,3620,2024-03-28,93.6,12,92.6,10,89.9,10,88.3,10,88.8,10,500,93.6,12,188,86.4,11.2,12,24,125,90.7,12,87.2,15.5,2.7
24166,MNQ,3min,opposite_level,37.4255,5.733,3688,2024-04-22,74.3,23,69.5,23,65.2,19,63.6,18,62.6,17,500,74.3,23,187,62.7,35.7,23,54,126,69.6,23,76.7,25.5,28.9
2386,FDXM,3min,opposite_level,37.3109,6.003,3633,2024-03-28,94.1,12,91.5,11,90.4,11,89.9,11,90.4,11,500,94.1,12,188,88.0,11.2,12,24,125,91.7,12,93.9,42.0,3.6
33106,MNQ,3min,opposite_level,37.203,6.278,1242,2024-04-22,94.1,24,87.2,24,83.4,24,82.9,23,82.4,23,500,94.1,24,187,77.8,19.0,33,75,126,87.5,26,91.4,22.9,28.5
42754,MNQ,5min,reversal_to_open,37.1444,6.431,2879,2024-04-22,93.0,26,86.6,25,79.7,25,72.7,24,73.3,24,500,93.0,26,187,85.7,10.3,30,52,126,90.1,26,90.1,0.4,8.8
38186,FDXM,5min,reversal_to_open,37.138,6.408,3488,2024-03-28,89.9,15,84.6,12,82.4,12,81.4,12,80.9,12,500,89.9,15,188,90.4,6.4,15,24,125,90.1,15,92.3,35.4,3.5
5374,6E,5min,reversal_to_open,37.1329,5.339,7453,2024-04-29,94.1,9,92.5,8,92.0,8,91.4,8,91.4,8,500,94.1,9,187,92.1,5.6,9,17,126,93.3,9,91.7,35.7,37.1
26918,FDXM,3min,opposite_level,36.9456,6.349,2344,2024-03-28,98.9,16,96.8,15,95.7,15,92.6,12,90.4,12,500,98.9,16,188,93.6,4.8,16,26,125,96.8,16,88.2,12.8,2.2
41202,MNQ,5min,opposite_level,36.9365,5.877,2470,2024-04-22,78.6,25,71.7,25,69.5,23,66.3,23,65.8,23,500,78.6,25,187,66.7,30.2,22,43,126,73.8,23,79.9,30.0,31.2
12086,FDXM,5min,reversal_to_open,36.8556,6.272,1130,2024-03-28,100.0,24,100.0,19,98.4,18,98.4,18,97.9,17,750,100.0,19,187,94.4,2.4,18,38,125,97.8,19,86.5,29.6,3.2
5198,FDXM,3min,opposite_level,36.6541,6.077,3646,2024-03-28,90.4,15,85.1,15,80.9,15,81.4,15,81.4,12,500,90.4,15,188,79.2,19.2,16,30,125,85.9,15,88.2,55.2,4.1
30150,FDXM,5min,reversal_to_open,36.6421,6.633,3633,2024-03-28,90.4,18,86.7,16,83.5,16,83.0,16,83.0,16,500,90.4,18,188,90.4,7.2,15,29,125,90.4,16,92.3,64.5,4.3
4838,FDXM,5min,reversal_to_open,36.5645,6.651,1095,2024-03-28,100.0,24,98.4,23,96.8,22,95.7,18,95.7,18,500,100.0,24,188,96.0,0.0,22,36,125,98.4,23,76.4,16.7,2.7
33658,FDXM,3min,reversal_to_open,36.5519,6.537,2263,2024-03-28,94.1,23,93.1,23,92.0,23,92.0,19,92.0,19,500,94.1,23,188,91.2,7.2,19,37,125,93.0,23,93.9,77.3,4.6
5790,FDXM,5min,reversal_to_open,36.5282,5.198,5751,2024-03-28,92.0,18,85.1,17,77.7,16,76.6,16,75.5,16,500,92.0,18,188,88.8,10.4,17,33,125,90.7,17,89.5,8.2,2.1
40422,FDXM,3min,reversal_to_open,36.4978,6.201,2394,2024-03-28,94.1,18,93.6,17,93.1,17,91.5,16,91.5,16,500,94.1,18,188,89.6,8.0,16,32,125,92.3,17,90.7,38.8,3.5
7218,6E,5min,opposite_level,36.3822,6.691,3031,2024-04-29,88.8,19,85.0,18,82.9,18,81.3,18,80.7,18,500,88.8,19,187,88.9,9.5,17,29,126,88.8,18,87.9,26.7,34.2
37206,MNQ,5min,reversal_to_open,36.2993,6.81,1239,2024-04-22,94.1,23,89.3,22,88.8,22,85.6,19,85.0,19,500,94.1,23,187,85.7,7.9,33,61,126,90.7,26,93.3,25.8,28.5
24150,FDXM,3min,reversal_to_open,36.2401,6.312,3034,2024-03-28,94.7,16,92.6,15,92.6,15,92.0,15,92.0,15,500,94.7,16,188,92.8,6.4,15,26,125,93.9,15,95.2,69.1,4.4
5158,MNQ,5min,reversal_to_open,36.206,5.859,1548,2024-04-22,96.8,17,95.2,17,92.0,17,85.6,16,85.0,16,500,96.8,17,187,91.3,6.3,17,33,126,94.6,17,93.3,5.7,19.3
11162,FDXM,5min,reversal_to_open,36.1478,5.339,4453,2024-03-28,85.6,16,81.4,12,77.7,12,78.2,12,78.2,11,500,85.6,16,188,80.8,18.4,16,33,125,83.7,16,85.6,35.0,3.5
10710,MNQ,5min,reversal_to_open,36.105,5.938,4600,2024-04-22,88.2,15,82.9,12,76.5,12,74.9,12,73.8,12,500,88.2,15,187,86.5,11.1,15,32,126,87.5,15,87.5,0.1,8.8
19970,FDXM,5min,reversal_to_open,35.8917,6.329,1572,2024-03-28,94.7,43,94.1,38,89.4,33,84.0,33,84.6,31,500,94.7,43,188,94.4,2.4,36,80,125,94.6,37,86.6,7.1,1.9
33746,MNQ,3min,opposite_level,35.5369,4.686,6096,2024-04-22,70.1,17,59.9,15,58.3,15,58.8,15,58.3,15,500,70.1,17,187,55.6,42.9,17,31,126,64.2,17,70.6,34.6,31.9
32782,FDXM,5min,reversal_to_open,35.3254,5.721,3065,2024-03-28,69.1,37,61.2,37,60.1,37,59.0,33,57.4,36,500,69.1,37,188,62.4,36.0,36,71,125,66.5,36,72.2,22.6,2.8
35794,FDXM,5min,opposite_level,35.3066,8.23,1440,2024-03-28,96.8,31,88.8,29,88.8,24,86.2,23,85.6,22,500,96.8,31,188,87.2,7.2,37,79,125,93.0,36,88.8,21.0,2.5
15290,MNQ,5min,opposite_level,35.1234,4.938,2460,2024-04-22,84.5,19,75.4,18,72.7,17,63.1,17,62.6,17,500,84.5,19,187,79.4,19.0,17,32,126,82.4,18,87.5,0.7,14.7
34002,FDXM,5min,opposite_level,35.0252,7.842,1704,2024-03-28,97.3,24,95.2,19,92.0,18,89.3,17,88.8,17,500,97.3,24,187,92.8,1.6,24,46,125,95.5,24,80.1,12.6,2.1
8346,6E,5min,reversal_to_open,34.9504,4.877,6133,2024-04-29,92.0,11,91.4,11,91.4,11,92.0,11,92.0,11,500,92.0,11,187,95.2,2.4,11,24,126,93.3,11,93.6,73.3,45.8
45330,6E,5min,opposite_level,34.9262,6.506,1013,2024-04-29,90.9,53,87.7,50,85.6,47,81.3,46,81.3,45,500,90.9,53,187,78.4,6.4,57,99,125,85.9,53,87.5,11.6,27.2
26278,6E,5min,reversal_to_open,34.8342,6.279,2838,2024-04-29,89.3,23,82.9,23,81.8,22,82.4,19,82.9,18,500,89.3,23,187,90.4,8.0,18,37,125,89.7,22,88.8,28.4,35.7
25310,FDXM,5min,reversal_to_open,34.7968,6.373,1215,2024-03-28,100.0,24,98.9,22,97.9,18,97.3,18,97.9,17,500,100.0,24,188,98.4,0.0,19,32,125,99.4,22,55.6,9.4,2.1
17398,MNQ,3min,reversal_to_open,34.769,6.633,3021,2024-04-22,85.0,29,80.7,25,75.9,25,71.1,24,70.6,23,500,85.0,29,187,81.7,15.9,30,50,126,83.7,29,87.2,1.2,10.5
12626,6E,5min,reversal_to_open,34.758,4.856,7662,2024-04-29,87.7,10,85.0,10,85.0,10,85.6,10,86.1,10,500,87.7,10,187,84.1,15.1,10,18,126,86.3,10,86.3,65.7,44.7
19606,MNQ,5min,reversal_to_open,34.75,5.999,1428,2024-04-22,93.6,37,88.2,33,81.3,31,71.7,30,70.6,25,500,93.6,37,187,85.6,8.8,38,89,125,90.4,37,90.4,0.4,7.4
36842,FDXM,5min,reversal_to_open,34.6166,6.473,1092,2024-03-28,100.0,24,98.9,23,97.9,19,96.8,18,95.2,18,500,100.0,24,187,96.8,0.0,24,40,125,98.7,24,77.2,21.9,2.8
20594,FDXM,5min,reversal_to_open,34.5736,4.243,14695,2024-03-28,76.6,16,68.6,16,63.3,15,61.2,15,60.6,15,500,76.6,16,188,73.6,25.6,15,29,125,75.4,15,80.2,3.6,1.9
5434,FDXM,3min,opposite_level,34.5441,6.509,2906,2024-03-28,82.4,23,77.7,22,73.9,17,72.3,17,73.4,19,500,82.4,23,188,86.4,12.8,22,40,125,84.0,22,85.6,9.8,2.3
26746,FDXM,5min,reversal_to_open,34.5281,5.892,6029,2024-03-28,82.4,15,77.1,15,76.6,11,75.5,11,75.5,11,500,82.4,15,188,72.8,25.6,15,25,125,78.6,15,81.8,62.8,4.2
10698,FDXM,3min,opposite_level,34.5244,5.13,5920,2024-03-28,86.2,10,80.9,9,76.6,9,75.5,9,75.5,9,500,86.2,10,188,82.4,16.8,10,22,125,84.7,10,87.2,56.1,4.0
18418,6E,5min,opposite_level,34.4236,5.273,2464,2024-04-29,98.4,12,95.7,12,95.2,12,95.2,12,95.7,12,500,98.4,12,187,98.4,0.8,15,26,126,98.4,15,93.3,45.2,40.2
41570,FDXM,3min,reversal_to_open,34.4018,4.671,4462,2024-03-28,93.1,11,91.0,11,92.0,11,91.0,9,88.8,9,500,93.1,11,188,89.6,8.8,11,19,125,91.7,11,88.8,24.8,2.9
4158,FDXM,5min,reversal_to_open,34.3707,6.738,2010,2024-03-28,98.9,24,96.8,19,93.6,19,93.0,19,92.0,17,500,98.9,24,187,93.6,4.8,19,44,125,96.8,23,85.9,9.6,2.2
20810,FDXM,5min,reversal_to_open,34.3672,7.447,1213,2024-03-28,100.0,23,100.0,19,98.9,17,99.5,16,98.9,16,750,100.0,19,188,99.2,0.0,19,33,125,99.7,19,76.0,17.6,2.6
15854,FDXM,5min,opposite_level,34.3439,6.433,2434,2024-03-28,91.0,16,88.8,15,87.8,15,86.2,12,85.1,12,500,91.0,16,188,94.4,4.8,16,26,125,92.3,16,93.0,32.9,3.4
6422,FDXM,3min,opposite_level,34.2912,4.91,3852,2024-03-28,96.8,11,94.7,11,93.6,10,93.6,11,93.6,11,500,96.8,11,187,90.4,8.8,11,19,125,94.2,11,96.2,46.0,3.7
38330,MNQ,5min,opposite_level,34.1386,5.099,3712,2024-04-22,79.1,16,70.6,15,61.5,16,60.4,16,62.0,16,500,79.1,16,187,69.8,28.6,12,31,126,75.4,15,82.1,0.8,14.5
36994,FDXM,5min,reversal_to_open,34.1251,5.648,2121,2024-03-28,96.8,18,94.1,16,93.6,16,94.7,16,94.7,16,500,96.8,18,188,93.6,3.2,12,26,125,95.5,16,88.2,20.3,2.9
37022,FDXM,5min,reversal_to_open,34.042,7.357,2430,2024-03-28,91.0,17,89.4,16,89.4,16,87.8,16,86.7,16,500,91.0,17,188,96.0,4.0,16,30,125,93.0,17,93.0,47.7,3.8
11954,FDXM,5min,opposite_level,33.6624,5.632,2463,2024-03-28,82.4,26,78.2,23,71.8,19,70.2,17,71.3,16,500,82.4,26,188,80.0,18.4,24,45,125,81.5,24,84.0,19.0,2.6
12286,MNQ,3min,opposite_level,33.5659,5.279,3282,2024-04-22,87.2,26,79.1,24,69.0,22,66.3,22,67.4,22,500,87.2,26,187,77.0,21.4,19,36,126,83.1,23,83.4,0.0,8.1
30694,FDXM,5min,reversal_to_open,33.509,6.879,791,2024-03-28,100.0,47,98.4,47,96.3,46,95.2,44,92.5,44,500,100.0,47,187,94.4,0.0,40,107,125,97.8,45,76.6,1.5,1.9
40530,FDXM,3min,reversal_to_open,33.4901,6.889,2268,2024-03-28,94.7,22,93.6,18,93.1,18,92.6,18,92.6,18,500,94.7,22,188,91.2,6.4,18,32,125,93.3,18,94.9,74.7,4.5
22966,FDXM,3min,opposite_level,33.4708,6.369,2436,2024-03-28,93.1,16,92.6,16,92.0,12,91.5,12,91.5,12,500,93.1,16,188,90.4,7.2,12,25,125,92.0,16,95.2,45.6,3.8
34362,MNQ,5min,opposite_level,33.4521,4.994,3075,2024-04-22,72.7,18,68.4,17,66.8,17,62.0,17,62.6,16,500,72.7,18,187,65.9,32.5,24,38,126,70.0,22,79.6,19.3,27.7
44478,FDXM,5min,opposite_level,33.2931,5.777,5244,2024-03-28,86.2,15,81.9,11,81.4,11,80.3,11,81.4,11,500,86.2,15,188,75.2,24.0,16,30,125,81.8,15,84.3,58.9,4.1
45094,MNQ,3min,reversal_to_open,33.2742,6.431,935,2024-04-22,97.3,32,95.7,31,90.9,29,87.7,25,85.0,25,500,97.3,32,187,95.2,2.4,37,58,126,96.5,36,92.3,1.5,12.8
11694,FDXM,5min,reversal_to_open,33.2328,5.359,3000,2024-03-28,97.9,18,95.7,16,93.6,15,88.8,12,84.6,12,500,97.9,18,188,92.8,5.6,16,26,125,95.8,17,90.7,7.9,2.1
7070,6E,5min,reversal_to_open,33.2171,5.517,4583,2024-04-29,96.8,10,96.3,10,95.2,10,94.7,10,94.7,9,500,96.8,10,187,97.6,0.8,10,19,126,97.1,10,89.8,40.1,37.1
13626,FDXM,5min,opposite_level,33.1814,5.217,3640,2024-03-28,95.7,11,94.7,11,93.0,11,92.0,11,91.4,11,500,95.7,11,187,91.2,8.0,12,25,125,93.9,11,95.2,49.3,3.8
9882,FDXM,3min,reversal_to_open,33.1404,5.527,3210,2024-03-28,92.6,18,91.0,17,88.8,16,87.8,16,87.8,16,500,92.6,18,188,94.4,3.2,16,37,125,93.3,17,86.3,16.9,2.8
38982,6E,5min,reversal_to_open,33.107,5.272,1508,2024-04-29,100.0,15,99.5,12,99.5,12,99.5,12,99.5,12,500,100.0,15,187,95.2,2.4,18,32,126,98.1,16,59.1,39.9,39.2
7542,FDXM,3min,opposite_level,33.0369,4.769,2850,2024-03-28,91.5,17,86.7,16,83.5,16,81.9,16,80.9,16,500,91.5,17,188,84.0,15.2,16,31,125,88.5,17,89.8,22.9,2.9
19938,FDXM,3min,opposite_level,32.9954,6.279,2062,2024-03-28,93.1,30,86.7,24,85.1,23,83.5,19,84.6,19,500,93.1,30,188,90.4,6.4,23,50,125,92.0,26,89.1,12.2,2.2
30182,6E,5min,reversal_to_open,32.8939,6.32,1231,2024-04-29,100.0,19,100.0,18,100.0,16,100.0,16,100.0,16,1000,100.0,16,187,96.8,0.0,15,25,126,98.7,16,77.0,76.4,46.7
12386,MNQ,5min,opposite_level,32.8506,4.826,2483,2024-04-22,84.0,18,78.1,17,72.7,17,58.3,17,59.4,17,500,84.0,18,187,81.0,17.5,16,37,126,82.7,17,87.5,0.6,14.3
26890,FDXM,3min,opposite_level,32.8424,5.298,2277,2024-03-28,92.0,18,89.9,18,88.3,18,86.7,18,85.6,16,500,92.0,18,188,92.8,6.4,16,29,125,92.3,18,93.6,45.3,3.8
20370,MNQ,3min,opposite_level,32.8288,6.627,1239,2024-04-22,96.8,24,90.9,23,87.7,18,86.6,18,85.6,17,500,96.8,24,187,86.5,10.3,29,53,126,92.7,25,94.9,20.1,26.6
25246,MNQ,5min,reversal_to_open,32.8119,6.383,2266,2024-04-22,77.5,33,69.0,32,64.2,29,63.6,29,62.6,29,500,77.5,33,187,72.2,24.6,32,66,126,75.4,33,81.8,1.9,12.8
34422,FDXM,3min,reversal_to_open,32.7829,5.619,5414,2024-03-28,83.0,15,77.1,12,76.6,12,76.6,11,76.1,11,500,83.0,15,188,83.2,16.0,15,25,125,83.1,15,86.3,63.6,4.3
28970,FDXM,5min,opposite_level,32.7621,5.783,1514,2024-03-28,98.9,16,97.9,12,95.7,11,96.3,11,95.2,10,500,98.9,16,188,96.0,0.8,16,31,125,97.8,16,76.7,27.4,2.8
21582,FDXM,3min,opposite_level,32.7528,5.956,2403,2024-03-28,94.1,17,91.0,15,89.4,15,88.8,15,88.8,15,500,94.1,17,188,94.4,4.0,15,26,125,94.2,17,96.5,48.3,3.9
29270,FDXM,3min,opposite_level,32.597,4.795,3636,2024-03-28,92.0,12,87.2,12,81.4,11,80.3,11,81.4,11,500,92.0,12,188,87.2,12.8,11,22,125,90.1,12,92.7,17.8,2.7
36558,FDXM,5min,reversal_to_open,32.5619,6.9,1303,2024-03-28,100.0,30,100.0,23,99.5,19,95.7,18,93.6,18,750,100.0,23,188,92.8,0.8,23,40,125,97.1,23,81.2,24.0,2.8
31554,FDXM,5min,reversal_to_open,32.4875,6.387,1936,2024-03-28,92.6,33,87.2,29,86.7,26,82.4,24,81.4,23,500,92.6,33,188,86.4,8.8,30,57,125,90.1,31,85.3,14.6,2.1
25822,MNQ,5min,reversal_to_open,32.4713,5.51,3722,2024-04-22,84.5,17,77.5,16,68.4,15,65.2,15,65.2,11,500,84.5,17,187,78.6,19.0,11,25,126,82.1,16,84.0,0.5,13.6
5694,FDXM,3min,opposite_level,32.4144,6.015,2428,2024-03-28,90.4,17,87.8,15,85.1,12,84.6,15,84.6,15,500,90.4,17,188,90.4,8.0,15,26,125,90.4,17,94.2,45.2,3.8
28526,MNQ,3min,reversal_to_open,32.3572,5.365,3725,2024-04-22,82.9,18,76.5,17,69.5,17,66.3,17,65.2,17,500,82.9,18,187,77.8,19.0,17,45,126,80.8,18,85.6,1.8,16.3
44298,FDXM,3min,reversal_to_open,32.3198,5.148,2232,2024-03-28,95.2,17,91.5,17,90.4,16,89.4,16,89.9,16,500,95.2,17,188,93.6,4.8,16,40,125,94.6,17,85.6,29.1,3.2
44322,FDXM,3min,reversal_to_open,32.3057,4.611,2861,2024-03-28,89.9,17,87.2,17,85.6,16,84.6,16,84.6,15,500,89.9,17,188,87.2,9.6,16,38,125,88.8,16,90.4,33.3,3.4
16074,FDXM,3min,reversal_to_open,32.1589,6.376,3642,2024-03-28,90.4,16,87.2,16,81.9,16,81.9,16,81.9,16,500,90.4,16,188,84.0,14.4,16,33,125,87.9,16,89.8,62.0,4.2
12654,6E,5min,opposite_level,32.1561,6.535,2101,2024-04-29,98.9,17,97.3,15,95.7,15,94.7,15,94.1,15,500,98.9,17,187,96.0,2.4,15,26,126,97.8,17,85.3,18.4,30.9
34850,MNQ,3min,opposite_level,32.1216,5.966,1234,2024-04-22,95.7,29,92.5,25,89.3,19,84.5,19,83.4,19,500,95.7,29,187,88.9,8.7,23,44,126,93.0,26,93.0,10.9,19.2
42158,MNQ,3min,opposite_level,32.0855,4.881,3641,2024-04-22,72.2,25,69.0,24,65.8,24,61.5,24,60.4,23,500,72.2,25,187,51.6,46.8,25,52,126,63.9,25,72.2,27.3,29.9
32134,FDXM,5min,opposite_level,32.0244,6.912,3380,2024-03-28,94.1,15,92.6,15,89.4,12,88.3,12,88.3,12,500,94.1,15,188,92.0,6.4,15,26,125,93.3,15,94.9,70.7,4.4
6502,FDXM,3min,reversal_to_open,31.9779,5.154,3957,2024-03-28,79.8,19,77.1,19,76.6,18,76.1,17,76.1,17,500,79.8,19,188,74.4,22.4,18,44,125,77.6,19,82.1,61.5,4.3
18458,FDXM,3min,reversal_to_open,31.9157,5.339,2307,2024-03-28,94.7,22,89.9,19,86.7,17,87.8,17,85.6,17,500,94.7,22,188,97.6,0.8,19,38,125,95.8,19,91.4,17.8,2.8
28978,FDXM,5min,reversal_to_open,31.8242,4.9,3171,2024-03-28,95.7,31,88.8,26,85.6,26,79.8,26,79.8,24,500,95.7,31,188,82.4,13.6,22,61,125,90.4,29,88.2,5.2,2.2
9398,FDXM,5min,reversal_to_open,31.742,5.228,3038,2024-03-28,88.8,17,86.7,16,86.2,15,84.6,15,82.4,15,500,88.8,17,188,88.0,10.4,12,25,125,88.5,16,91.4,54.5,4.1
24594,FDXM,5min,opposite_level,31.7257,5.625,1217,2024-03-28,95.7,18,95.7,17,93.6,17,93.1,17,93.1,17,750,95.7,17,188,96.8,3.2,15,24,125,96.2,17,94.6,57.8,4.2
16346,FDXM,5min,reversal_to_open,31.718,6.35,835,2024-03-28,87.7,73,81.3,64,82.4,67,81.3,65,81.8,66,500,87.7,73,187,88.0,0.8,60,149,125,87.8,66,90.1,5.0,2.1
25218,6E,5min,reversal_to_open,31.6902,5.083,3683,2024-04-29,95.2,16,93.6,16,92.5,12,92.5,12,92.5,12,500,95.2,16,187,92.1,3.2,16,25,126,93.9,16,94.6,67.9,45.1
28090,FDXM,3min,opposite_level,31.6379,5.509,2392,2024-03-28,87.8,17,83.5,17,81.9,15,81.9,15,81.4,15,500,87.8,17,188,83.2,14.4,18,32,125,85.9,17,90.4,41.5,3.7
16794,MNQ,3min,opposite_level,31.5993,5.661,1236,2024-04-22,88.8,31,80.7,29,77.5,26,74.9,29,74.9,29,500,88.8,31,187,75.4,21.4,32,67,126,83.4,32,88.2,32.9,32.6
9310,FDXM,5min,reversal_to_open,31.4973,5.433,5291,2024-03-28,88.3,19,77.7,18,74.5,17,72.3,17,70.7,16,500,88.3,19,188,82.4,16.0,16,33,125,85.9,17,88.5,4.7,1.9
31622,6E,5min,opposite_level,31.4173,5.283,4110,2024-04-29,88.2,17,83.4,16,81.8,16,79.1,16,75.9,12,500,88.2,17,187,94.4,4.0,17,31,126,90.7,17,90.4,18.2,30.0
2414,FDXM,5min,opposite_level,31.4026,5.507,1216,2024-03-28,98.9,18,98.9,17,97.3,16,97.3,16,97.3,12,750,98.9,17,188,92.8,3.2,17,37,125,96.5,17,86.6,51.6,3.7
43342,6E,3min,reversal_to_open,31.3822,4.948,2128,2024-04-29,98.4,17,97.9,16,95.7,16,94.7,16,95.2,16,500,98.4,17,187,95.2,0.0,17,36,126,97.1,17,83.4,39.9,38.5
43646,MNQ,5min,reversal_to_open,31.3588,5.436,1587,2024-04-22,89.3,52,82.4,45,71.1,44,68.4,44,66.3,39,500,89.3,52,187,73.6,16.8,53,107,125,83.0,52,86.9,1.0,8.0
43398,FDXM,5min,reversal_to_open,31.3195,5.413,1438,2024-03-28,86.2,52,77.7,52,75.0,50,72.9,45,72.3,44,500,86.2,52,188,84.0,6.4,43,113,125,85.3,47,85.9,13.0,2.4
26290,FDXM,5min,opposite_level,31.2694,6.776,1344,2024-03-28,76.1,43,75.5,39,73.9,32,75.0,36,74.5,32,500,76.1,43,188,84.0,14.4,39,82,125,79.2,40,80.5,12.0,2.2
7126,FDXM,5min,opposite_level,31.2541,5.457,3078,2024-03-28,89.4,22,81.9,19,74.5,18,73.9,16,73.9,16,500,89.4,22,188,86.4,12.0,18,30,125,88.2,19,91.4,11.5,2.3
8586,FDXM,5min,opposite_level,31.2052,5.111,2250,2024-03-28,92.0,17,87.2,17,84.6,15,84.6,15,84.6,15,500,92.0,17,188,87.2,10.4,24,50,125,90.1,18,88.8,23.9,2.8
31994,FDXM,3min,reversal_to_open,31.192,5.501,2301,2024-03-28,93.1,22,89.9,22,88.8,22,88.3,22,88.3,22,500,93.1,22,188,90.4,7.2,19,33,125,92.0,22,93.9,64.7,4.3
16534,MNQ,3min,reversal_to_open,31.0295,5.209,3698,2024-04-22,75.4,17,71.1,16,69.0,16,68.4,16,70.1,16,500,75.4,17,187,69.0,28.6,23,66,126,72.8,19,81.2,33.6,31.9
42874,FDXM,5min,reversal_to_open,31.0244,3.979,15696,2024-03-28,72.3,10,67.6,10,66.0,10,66.5,10,66.5,10,500,72.3,10,188,69.6,30.4,10,22,125,71.2,10,74.4,35.9,3.6
24078,FDXM,5min,reversal_to_open,30.9964,4.491,7448,2024-03-28,90.4,10,86.7,10,87.2,10,86.7,10,86.7,10,500,90.4,10,188,82.4,16.0,9,17,125,87.2,10,89.5,44.7,3.6
28186,MNQ,3min,opposite_level,30.9381,5.899,1239,2024-04-22,87.7,23,81.3,22,78.1,22,76.5,19,76.5,19,500,87.7,23,187,83.3,13.5,26,52,126,85.9,23,90.4,14.4,25.1
40246,FDXM,3min,reversal_to_open,30.898,5.499,1299,2024-03-28,100.0,40,97.3,37,93.1,36,91.0,36,91.0,36,500,100.0,40,188,93.6,2.4,33,68,125,97.4,36,79.6,6.2,2.3
6774,6E,5min,reversal_to_open,30.8835,4.899,3589,2024-04-29,93.0,15,92.0,12,92.0,12,92.0,12,91.4,12,500,93.0,15,187,92.9,5.6,15,29,126,93.0,15,91.4,58.1,43.3
32038,FDXM,5min,reversal_to_open,30.8438,5.654,1142,2024-03-28,100.0,19,100.0,18,98.9,16,98.4,16,97.9,15,750,100.0,18,188,97.6,0.8,15,26,125,99.0,16,74.4,35.1,3.5
29842,FDXM,5min,reversal_to_open,30.8016,4.083,19257,2024-03-28,80.9,10,73.9,10,72.9,10,72.3,10,72.3,10,500,80.9,10,188,76.0,23.2,11,18,125,78.9,10,80.8,57.2,4.0
24438,FDXM,3min,opposite_level,30.7938,5.553,2853,2024-03-28,96.8,15,96.3,15,94.7,11,93.6,11,93.1,11,500,96.8,15,188,91.2,7.2,15,24,125,94.6,15,94.9,59.4,4.1
19814,FDXM,5min,opposite_level,30.632,4.74,2913,2024-03-28,94.1,15,90.4,15,88.8,12,87.2,12,84.6,12,500,94.1,15,188,87.2,11.2,15,26,125,91.4,15,92.0,22.6,2.8
19562,6E,3min,reversal_to_open,30.6239,4.222,5009,2024-04-29,97.3,10,93.6,10,92.0,9,90.9,9,90.9,9,500,97.3,10,187,94.4,4.0,11,23,126,96.2,11,86.3,29.4,33.8
19918,FDXM,3min,reversal_to_open,30.6121,5.573,1523,2024-03-28,97.3,17,94.1,16,94.1,16,94.1,16,94.1,16,500,97.3,17,188,96.8,3.2,16,24,125,97.1,16,87.2,38.4,3.6
17818,FDXM,3min,reversal_to_open,30.5624,5.111,3475,2024-03-28,93.6,22,87.2,19,82.4,19,81.9,18,80.3,18,500,93.6,22,188,93.6,4.0,16,33,125,93.6,19,92.3,18.8,2.8
33086,6E,3min,reversal_to_open,30.5305,4.811,4605,2024-04-29,90.4,11,87.7,11,86.6,11,86.6,11,86.6,11,500,90.4,11,187,94.4,4.8,11,22,126,92.0,11,92.0,63.8,44.5
27590,MNQ,3min,reversal_to_open,30.5289,4.567,5092,2024-04-22,72.2,19,57.8,18,56.1,18,51.9,18,52.9,17,500,72.2,19,187,69.8,28.6,18,40,126,71.2,18,76.4,4.6,18.6
34438,FDXM,5min,reversal_to_open,30.5245,5.52,1496,2024-03-28,98.4,17,96.8,16,95.2,15,96.8,15,95.2,15,500,98.4,17,188,91.2,5.6,15,25,125,95.5,16,86.9,27.3,3.2
3026,6E,5min,reversal_to_open,30.4613,5.307,2489,2024-04-29,95.7,15,92.5,15,91.4,15,90.9,15,90.9,15,500,95.7,15,187,96.8,2.4,15,29,126,96.2,15,95.5,53.2,42.5
42722,FDXM,3min,reversal_to_open,30.414,5.291,3555,2024-03-28,91.5,18,84.6,17,78.7,16,77.1,16,78.2,16,500,91.5,18,188,76.8,22.4,17,32,125,85.6,17,89.5,11.3,2.5
20198,FDXM,3min,reversal_to_open,30.3161,5.289,968,2024-03-28,98.4,39,98.4,32,98.9,29,96.8,26,94.1,25,1000,98.9,29,188,88.0,8.0,24,46,125,94.6,26,88.8,35.1,3.4
35366,MNQ,3min,opposite_level,30.29,5.523,1205,2024-04-22,86.6,32,79.7,29,77.0,29,73.8,29,72.7,26,500,86.6,32,187,76.2,21.4,32,58,126,82.4,32,87.9,24.6,28.4
43826,FDXM,3min,opposite_level,30.2898,4.137,7511,2024-03-28,85.1,10,79.8,9,77.7,9,77.7,9,75.5,9,500,85.1,10,188,70.4,28.8,9,18,125,79.2,9,83.7,22.5,3.1
1354,MNQ,5min,opposite_level,30.2541,5.289,1364,2024-04-22,96.3,23,93.0,19,88.2,19,82.4,17,80.7,17,500,96.3,23,187,93.7,4.0,23,50,126,95.2,23,91.1,2.1,14.3
17326,FDXM,3min,reversal_to_open,30.2534,4.917,4376,2024-03-28,84.0,16,78.2,15,76.6,12,76.1,12,76.6,12,500,84.0,16,188,84.8,14.4,12,26,125,84.3,15,85.0,46.0,3.8
27614,FDXM,5min,reversal_to_open,30.1671,4.502,5956,2024-03-28,88.3,11,85.6,11,83.0,11,81.9,11,81.4,11,500,88.3,11,188,81.6,16.8,11,23,125,85.6,11,87.5,22.9,3.0
34094,MNQ,5min,reversal_to_open,30.1529,4.657,1874,2024-04-22,92.0,37,82.9,36,71.1,31,62.0,29,61.5,30,500,92.0,37,187,88.1,11.1,32,78,126,90.4,36,89.8,0.0,8.6
36322,MNQ,5min,opposite_level,30.1226,6.25,2094,2024-04-22,82.9,30,77.0,30,70.6,26,67.9,25,68.4,25,500,82.9,30,187,84.9,13.5,22,58,126,83.7,26,84.0,0.1,8.8
38814,FDXM,5min,reversal_to_open,30.0992,4.348,2954,2024-03-28,98.4,29,89.8,24,86.1,23,82.4,24,78.6,23,500,98.4,29,187,93.6,2.4,23,50,125,96.5,24,90.4,4.7,2.0
28050,FDXM,3min,opposite_level,30.0729,4.891,6034,2024-03-28,83.0,16,76.1,16,76.1,15,75.5,15,73.9,15,500,83.0,16,188,70.4,28.0,16,30,125,78.0,16,80.5,76.2,4.5
16846,FDXM,5min,reversal_to_open,29.9588,5.575,2281,2024-03-28,91.0,33,85.1,31,81.9,29,79.8,26,78.2,26,500,91.0,33,188,82.4,15.2,31,59,125,87.5,31,87.5,9.0,1.8
23698,6E,5min,opposite_level,29.9378,4.735,2433,2024-04-29,92.5,12,90.4,12,89.3,12,87.7,12,88.8,12,500,92.5,12,187,89.7,7.9,12,29,126,91.4,12,85.3,33.7,37.4
44278,MNQ,5min,opposite_level,29.876,4.103,6140,2024-04-22,76.5,10,70.6,10,68.4,10,66.3,10,66.8,10,500,76.5,10,187,61.1,37.3,10,24,126,70.3,10,75.1,1.2,14.2
7890,FDXM,3min,opposite_level,29.8553,7.122,1524,2024-03-28,96.8,17,95.2,17,94.7,16,94.7,16,94.7,16,500,96.8,17,188,97.6,2.4,18,32,125,97.1,17,96.2,75.8,4.5
44350,FDXM,3min,opposite_level,29.8476,5.608,2134,2024-03-28,94.7,16,94.1,15,93.1,15,91.5,15,90.4,15,500,94.7,16,188,92.0,7.2,15,26,125,93.6,16,90.4,40.6,3.5
19422,FDXM,5min,reversal_to_open,29.8286,4.748,1430,2024-03-28,95.2,29,92.6,29,91.5,29,91.5,25,91.5,24,500,95.2,29,188,89.6,4.8,23,44,125,93.0,25,90.4,26.1,3.3
29178,6E,5min,reversal_to_open,29.8229,4.52,3619,2024-04-29,92.5,17,89.3,16,87.2,16,87.2,16,87.7,16,500,92.5,17,187,88.1,8.7,17,32,126,90.7,17,88.5,40.5,39.2
21458,MNQ,5min,opposite_level,29.7727,4.624,3441,2024-04-22,71.1,32,65.8,31,63.1,31,60.4,31,60.4,30,500,71.1,32,187,51.6,43.7,32,95,126,63.3,32,72.5,3.4,9.4
31270,MNQ,5min,reversal_to_open,29.7608,4.237,7385,2024-04-22,80.2,10,72.2,10,69.0,10,66.3,9,64.2,9,500,80.2,10,187,85.7,13.5,10,22,126,82.4,10,82.7,0.9,13.1
7926,6E,5min,opposite_level,29.7506,5.138,4234,2024-04-29,87.2,18,82.4,15,80.7,12,78.1,12,78.1,12,500,87.2,18,187,86.5,11.1,15,26,126,86.9,17,86.6,19.6,30.8
38526,FDXM,3min,reversal_to_open,29.745,4.758,2434,2024-03-28,89.4,17,87.2,17,85.6,16,84.0,16,83.5,16,500,89.4,17,188,86.4,12.0,16,32,125,88.2,17,88.8,42.8,3.7
10858,FDXM,5min,reversal_to_open,29.6337,4.912,3609,2024-03-28,91.5,18,88.3,17,86.2,18,85.6,18,85.6,18,500,91.5,18,188,89.6,9.6,15,29,125,90.7,17,90.1,27.7,3.1
39350,FDXM,3min,reversal_to_open,29.6211,4.677,4878,2024-03-28,93.1,10,91.0,10,90.4,10,88.8,10,86.7,10,500,93.1,10,188,87.2,12.8,10,18,125,90.7,10,87.9,32.5,3.1
18790,FDXM,5min,opposite_level,29.5881,6.127,2945,2024-03-28,90.4,16,89.9,16,88.8,16,89.4,16,89.4,16,500,90.4,16,188,90.4,8.0,16,29,125,90.4,16,92.3,76.6,4.6
17134,FDXM,3min,opposite_level,29.5673,4.954,3033,2024-03-28,84.0,19,81.4,19,81.4,19,80.9,19,80.9,19,500,84.0,19,188,76.0,23.2,18,46,125,80.8,19,85.0,78.9,4.6
25366,FDXM,3min,reversal_to_open,29.5472,5.365,2431,2024-03-28,87.8,19,87.2,19,81.4,18,80.3,17,80.9,17,500,87.8,19,188,88.0,10.4,17,29,125,87.9,18,90.7,37.0,3.5
11986,FDXM,3min,reversal_to_open,29.5199,5.394,931,2024-03-28,95.2,40,94.7,39,93.1,39,89.4,38,91.0,38,500,95.2,40,188,96.8,0.8,54,81,125,95.8,46,87.2,34.0,3.4
20898,FDXM,5min,opposite_level,29.4374,3.863,15982,2024-03-28,78.2,12,67.0,10,64.9,10,62.2,10,61.2,10,500,78.2,12,188,74.4,24.8,10,19,125,76.7,12,81.2,3.6,1.9
2162,FDXM,5min,opposite_level,29.4043,4.875,2313,2024-03-28,89.9,19,86.7,19,83.5,17,82.4,17,83.5,17,500,89.9,19,188,73.6,23.2,23,44,125,83.4,22,87.9,46.4,3.6
43822,MNQ,3min,opposite_level,29.3623,4.7,3426,2024-04-22,76.5,31,71.7,30,64.7,25,59.9,25,61.0,25,500,76.5,31,187,77.8,19.0,32,66,126,77.0,31,79.6,0.0,7.9
14582,FDXM,3min,opposite_level,29.3309,5.66,1220,2024-03-28,96.8,18,95.7,17,95.2,16,95.2,16,94.7,16,500,96.8,18,188,95.2,1.6,19,37,125,96.2,18,83.1,29.9,3.0
16186,MNQ,5min,opposite_level,29.1557,3.957,4985,2024-04-22,64.2,23,58.3,19,58.3,23,54.0,23,51.9,23,500,64.2,23,187,54.8,43.7,25,54,126,60.4,24,71.6,10.3,22.1
21382,MNQ,3min,reversal_to_open,29.0846,4.754,2478,2024-04-22,89.3,23,80.7,18,77.5,17,68.4,17,66.8,17,500,89.3,23,187,84.9,11.9,18,37,126,87.5,19,87.9,0.4,13.2
19498,MNQ,3min,reversal_to_open,29.0695,5.302,2378,2024-04-22,74.9,24,72.2,24,72.2,24,71.1,23,71.1,23,500,74.9,24,187,63.5,33.3,31,95,126,70.3,25,75.1,43.6,36.4
13842,6E,3min,opposite_level,29.0334,4.577,2980,2024-04-29,89.8,19,87.7,17,82.9,16,81.8,16,80.2,16,500,89.8,19,187,88.9,9.5,19,32,126,89.5,19,85.0,22.6,31.7
35118,MNQ,3min,opposite_level,28.9736,4.323,3684,2024-04-22,79.1,23,73.8,18,61.5,18,58.3,17,58.8,17,500,79.1,23,187,73.8,24.6,17,43,126,77.0,22,83.4,0.2,10.4
8942,6E,5min,reversal_to_open,28.9061,6.024,2065,2024-04-29,99.5,18,98.4,17,97.3,17,94.1,17,94.7,16,500,99.5,18,187,96.0,1.6,16,32,126,98.1,18,84.3,12.7,29.4
19166,MNQ,5min,reversal_to_open,28.8979,5.296,2474,2024-04-22,78.1,24,74.3,23,72.7,23,69.0,22,68.4,19,500,78.1,24,187,68.3,27.8,36,64,126,74.1,26,81.2,25.1,29.9
35298,FDXM,5min,reversal_to_open,28.8488,5.202,1805,2024-03-28,87.8,32,80.9,29,79.3,29,74.5,25,75.0,25,500,87.8,32,188,84.8,11.2,31,57,125,86.6,32,86.9,15.1,2.5
12586,MNQ,3min,reversal_to_open,28.8255,4.275,6520,2024-04-22,77.0,12,71.7,12,66.3,11,61.5,11,59.9,11,500,77.0,12,187,81.7,16.7,10,23,126,78.9,12,83.4,1.3,13.5
32890,MNQ,3min,reversal_to_open,28.8195,5.734,1537,2024-04-22,97.9,22,93.6,19,89.3,18,85.6,17,84.5,16,500,97.9,22,187,94.4,2.4,19,33,126,96.5,22,93.0,2.7,14.1
14918,6E,3min,reversal_to_open,28.7395,7.509,773,2024-04-29,98.9,72,94.7,66,92.5,65,90.9,66,89.3,66,500,98.9,72,187,75.4,5.6,100,214,126,89.5,78,92.7,13.5,29.9
27006,6E,3min,reversal_to_open,28.6681,3.86,6855,2024-04-29,81.3,16,79.7,16,79.7,16,79.1,16,79.1,16,500,81.3,16,187,83.3,15.9,15,29,126,82.1,16,84.3,89.6,48.3
41422,MNQ,3min,opposite_level,28.6623,4.826,1540,2024-04-22,89.8,18,82.9,18,78.1,17,73.3,17,73.3,16,500,89.8,18,187,86.5,11.1,19,53,126,88.5,18,90.4,2.7,18.6
42070,FDXM,5min,reversal_to_open,28.6074,4.92,3027,2024-03-28,80.9,30,75.0,26,68.1,23,68.1,24,68.6,23,500,80.9,30,188,71.2,26.4,33,59,125,77.0,31,82.7,17.2,2.5
614,FDXM,5min,reversal_to_open,28.5503,3.932,5515,2024-03-28,86.7,15,84.6,15,86.7,12,86.7,12,86.7,12,1000,86.7,12,188,88.0,10.4,10,24,125,87.2,12,89.5,64.6,4.3
9958,FDXM,3min,reversal_to_open,28.5396,4.314,2347,2024-03-28,88.3,17,88.8,17,88.8,17,88.3,17,88.3,17,750,88.8,17,188,83.2,14.4,16,36,125,86.6,16,85.9,66.3,4.4
44438,FDXM,5min,reversal_to_open,28.4636,6.209,3419,2024-03-28,92.0,17,88.8,17,86.7,17,86.7,17,86.7,17,500,92.0,17,188,90.4,7.2,15,32,125,91.4,17,93.6,74.3,4.5
36758,6E,5min,opposite_level,28.4215,4.763,3710,2024-04-29,92.5,17,89.3,15,87.7,16,87.7,16,87.7,16,500,92.5,17,187,90.5,7.9,15,31,126,91.7,16,93.6,80.2,47.3
24038,FDXM,3min,reversal_to_open,28.4207,6.133,997,2024-03-28,91.4,78,85.0,74,79.1,67,78.6,64,77.0,64,500,91.4,78,187,88.0,6.4,53,165,125,90.1,67,92.0,16.9,2.7
18610,FDXM,3min,opposite_level,28.3569,5.424,781,2024-03-28,90.9,85,88.2,75,83.4,85,83.4,81,83.4,88,500,90.9,85,187,75.2,9.6,61,131,125,84.6,74,90.7,25.9,3.0
19950,MNQ,5min,reversal_to_open,28.356,4.416,4623,2024-04-22,78.1,18,66.8,18,61.0,17,57.8,16,57.2,16,500,78.1,18,187,81.7,15.9,15,30,126,79.6,16,83.7,0.2,11.7
41390,MNQ,5min,opposite_level,28.2921,4.689,3595,2024-04-22,86.1,12,84.5,12,70.1,12,66.3,12,66.3,11,500,86.1,12,187,81.0,17.5,15,26,126,84.0,15,86.9,0.3,10.3
16554,FDXM,3min,opposite_level,28.2292,5.375,1220,2024-03-28,94.7,24,92.6,23,91.5,19,90.4,19,90.4,19,500,94.7,24,188,91.2,8.0,25,52,125,93.3,24,93.6,65.2,4.3
30462,FDXM,3min,reversal_to_open,28.1739,4.623,3654,2024-03-28,96.8,15,95.2,12,93.1,12,92.6,12,92.6,12,500,96.8,15,188,89.6,10.4,12,24,125,93.9,15,90.1,46.5,3.6
14546,FDXM,3min,reversal_to_open,28.1213,5.33,4823,2024-03-28,82.4,18,77.7,16,77.1,16,78.2,16,78.2,16,500,82.4,18,188,80.0,17.6,19,37,125,81.5,18,83.4,76.2,4.5
550,MNQ,5min,reversal_to_open,28.1172,6.268,1426,2024-04-22,96.3,64,89.8,58,82.9,57,79.7,57,74.3,50,500,96.3,64,187,93.6,4.0,46,85,125,95.2,57,92.3,0.0,7.4
41858,6E,5min,opposite_level,28.1164,3.945,5461,2024-04-29,83.4,16,80.7,12,80.7,12,81.8,11,81.8,12,500,83.4,16,187,82.5,15.9,16,31,126,83.1,16,86.3,53.2,42.1
15710,6E,5min,reversal_to_open,28.0948,4.894,2472,2024-04-29,95.2,18,93.6,16,93.6,16,93.0,16,93.0,16,500,95.2,18,187,95.2,2.4,15,25,126,95.2,16,94.9,70.6,45.7
16990,6E,5min,opposite_level,28.0794,3.848,6024,2024-04-29,80.2,12,78.1,12,77.0,12,77.0,12,76.5,11,500,80.2,12,187,74.6,23.0,11,22,126,78.0,12,82.1,45.0,40.1
594,MNQ,3min,reversal_to_open,28.0487,4.432,2788,2024-04-22,88.2,31,79.7,29,72.7,29,64.2,24,63.1,24,500,88.2,31,187,88.9,7.9,25,52,126,88.5,30,84.7,0.0,6.9
39146,MNQ,3min,opposite_level,27.9726,4.702,3143,2024-04-22,78.1,30,71.1,26,65.2,25,60.4,24,60.4,23,500,78.1,30,187,70.6,27.0,24,60,126,75.1,26,81.8,0.4,8.1
40662,MNQ,3min,reversal_to_open,27.8136,4.211,3637,2024-04-22,73.8,25,65.2,23,62.0,23,58.8,22,56.7,22,500,73.8,25,187,66.7,30.2,31,60,126,70.9,29,78.0,0.5,11.6
3966,MNQ,3min,opposite_level,27.7838,5.131,1233,2024-04-22,97.9,25,96.8,24,90.4,23,81.8,22,79.1,18,500,97.9,25,187,94.4,4.8,29,78,126,96.5,25,83.4,0.6,9.6
37834,FDXM,3min,reversal_to_open,27.674,5.107,3642,2024-03-28,77.7,24,77.7,24,76.6,24,76.6,24,76.6,24,500,77.7,24,188,71.2,27.2,18,47,125,75.1,22,80.5,75.6,4.5
38770,FDXM,3min,reversal_to_open,27.6186,5.505,4278,2024-03-28,87.8,22,87.8,22,85.1,22,86.2,22,85.6,22,500,87.8,22,188,80.8,17.6,18,39,125,85.0,19,88.5,78.0,4.6
30094,FDXM,3min,opposite_level,27.6113,4.637,3605,2024-03-28,82.4,17,78.7,16,72.3,15,71.3,15,70.7,11,500,82.4,17,188,72.0,27.2,18,44,125,78.3,17,81.2,19.6,2.8
16234,MNQ,3min,opposite_level,27.6019,3.555,7703,2024-04-22,66.3,11,63.1,11,62.6,10,58.8,11,58.3,10,500,66.3,11,187,54.8,43.7,11,29,126,61.7,11,69.0,9.9,22.9
8006,MNQ,5min,opposite_level,27.5933,4.451,2429,2024-04-22,84.0,22,77.5,18,73.3,18,60.4,17,59.9,17,500,84.0,22,187,76.2,21.4,18,43,126,80.8,18,82.7,0.2,10.9
606,MNQ,5min,opposite_level,27.5706,4.507,1978,2024-04-22,94.7,19,85.0,18,82.9,18,70.6,18,70.1,17,500,94.7,19,187,88.9,9.5,17,39,126,92.3,18,87.2,0.2,9.3
39946,6E,5min,reversal_to_open,27.5549,5.016,2039,2024-04-29,92.5,30,87.7,25,85.0,24,80.7,24,80.7,24,500,92.5,30,187,90.5,7.1,39,67,126,91.7,32,87.2,15.4,30.2
19726,6E,3min,opposite_level,27.5088,4.435,2468,2024-04-29,94.1,16,94.1,12,94.1,12,93.6,12,93.0,12,750,94.1,12,187,95.2,2.4,12,24,126,94.6,12,94.9,73.5,46.2
23526,6E,5min,opposite_level,27.465,5.059,2528,2024-04-29,79.7,25,77.5,24,75.4,24,74.3,24,74.9,24,500,79.7,25,187,81.7,10.3,30,53,126,80.5,29,84.0,18.1,31.9
9646,6E,3min,reversal_to_open,27.4485,4.564,3371,2024-04-29,93.0,17,92.0,17,92.0,17,92.0,17,92.0,17,500,93.0,17,187,90.5,7.1,17,32,126,92.0,17,90.4,75.1,46.5
15814,6E,5min,reversal_to_open,27.4315,4.028,3991,2024-04-29,88.8,17,84.5,15,85.0,15,85.0,15,85.0,15,500,88.8,17,187,86.5,12.7,15,29,126,87.9,16,89.8,80.4,47.5
10794,6E,5min,opposite_level,27.429,3.765,13102,2024-04-29,81.8,11,79.7,11,78.1,11,77.5,10,77.5,10,500,81.8,11,187,76.2,20.6,11,26,126,79.6,11,85.0,5.4,23.3
25814,MNQ,3min,reversal_to_open,27.3559,4.417,5208,2024-04-22,69.5,16,62.6,15,60.4,15,56.1,12,55.6,11,500,69.5,16,187,61.9,35.7,16,37,126,66.5,16,72.8,18.6,26.5
1678,MNQ,5min,reversal_to_open,27.2714,4.838,1242,2024-04-22,95.2,23,87.7,22,81.8,18,79.1,18,79.1,18,500,95.2,23,187,89.7,7.9,23,53,126,93.0,23,91.1,0.5,15.4
21070,MNQ,3min,reversal_to_open,27.2369,4.64,2457,2024-04-22,82.4,23,76.5,22,74.9,18,67.4,16,67.9,16,500,82.4,23,187,83.3,14.3,22,43,126,82.7,22,86.6,12.3,23.2
2194,MNQ,5min,reversal_to_open,27.2237,4.512,2472,2024-04-22,71.1,23,66.8,23,64.2,19,60.4,19,60.4,19,500,71.1,23,187,64.3,33.3,26,68,126,68.4,24,77.6,18.9,28.4
6674,6E,5min,reversal_to_open,27.2235,5.519,880,2024-04-29,95.7,65,92.5,53,90.4,52,87.7,52,87.2,52,500,95.7,65,187,83.2,5.6,65,100,125,90.7,65,87.2,27.6,34.0
35034,6E,5min,reversal_to_open,27.2086,3.817,3443,2024-04-29,88.2,24,87.7,23,87.7,23,86.6,23,86.6,23,500,88.2,24,187,83.3,12.7,26,59,126,86.3,25,85.9,63.6,44.3
45154,MNQ,5min,opposite_level,27.1644,5.044,1243,2024-04-22,80.2,24,73.8,24,71.1,23,70.6,23,71.1,23,500,80.2,24,187,72.2,23.8,36,66,126,77.0,29,85.0,27.8,31.8
42186,6E,5min,reversal_to_open,27.1429,6.277,2467,2024-04-29,100.0,15,97.9,12,97.9,10,97.3,10,97.3,10,500,100.0,15,187,99.2,0.0,12,26,126,99.7,15,79.2,32.8,34.4
44142,FDXM,3min,reversal_to_open,27.11,4.907,3447,2024-03-28,86.7,23,85.1,19,81.9,19,82.4,19,82.4,19,500,86.7,23,188,79.2,19.2,18,46,125,83.7,19,85.6,74.1,4.5
16102,MNQ,5min,reversal_to_open,27.0978,3.986,3761,2024-04-22,86.6,31,77.5,29,73.3,29,70.6,29,66.8,29,500,86.6,31,187,82.5,14.3,32,78,126,85.0,31,84.3,0.0,5.6
40566,6E,5min,reversal_to_open,27.0254,4.557,1498,2024-04-29,87.2,29,83.4,24,82.9,23,82.9,23,81.8,23,500,87.2,29,187,95.2,0.8,31,64,126,90.4,30,77.3,17.3,30.1
21598,MNQ,3min,reversal_to_open,27.0119,4.358,2471,2024-04-22,69.5,26,65.2,24,62.0,24,60.4,24,60.4,24,500,69.5,26,187,65.9,31.0,24,54,126,68.1,25,76.7,15.1,26.9
17158,MNQ,5min,reversal_to_open,26.9679,4.394,2467,2024-04-22,69.0,26,65.2,26,64.2,25,62.0,23,61.5,23,500,69.0,26,187,64.3,32.5,25,51,126,67.1,26,73.8,28.7,31.7
16398,FDXM,3min,reversal_to_open,26.9636,4.851,1178,2024-03-28,100.0,33,100.0,26,100.0,25,98.4,23,97.3,23,1000,100.0,25,188,92.0,4.8,18,37,125,96.8,22,73.5,31.1,3.5
16138,FDXM,3min,opposite_level,26.9623,5.04,2453,2024-03-28,78.7,26,74.5,22,70.2,22,70.2,22,70.2,19,500,78.7,26,188,73.6,25.6,26,50,125,76.7,26,81.2,16.8,2.7
14362,FDXM,3min,opposite_level,26.9568,4.046,3468,2024-03-28,78.7,19,73.4,19,73.9,19,73.4,19,73.4,19,500,78.7,19,188,68.8,29.6,19,45,125,74.8,19,79.9,58.7,4.2
24486,FDXM,3min,opposite_level,26.9458,6.327,1194,2024-03-28,89.2,46,79.0,43,79.6,40,75.3,37,75.8,36,500,89.2,46,186,80.8,12.0,47,116,125,85.9,46,85.2,1.8,1.8
12042,FDXM,3min,opposite_level,26.9347,3.809,5829,2024-03-28,77.1,16,68.6,15,67.0,15,66.5,15,67.0,15,500,77.1,16,188,73.6,25.6,15,26,125,75.7,15,79.9,23.7,3.1
42610,6E,3min,reversal_to_open,26.9161,4.188,4433,2024-04-29,93.6,16,92.0,15,92.0,15,92.0,15,92.0,15,500,93.6,16,187,96.0,2.4,15,29,126,94.6,15,94.2,80.5,47.3
29882,MNQ,3min,reversal_to_open,26.8061,4.718,2310,2024-04-22,95.2,19,85.6,18,83.4,16,77.5,15,75.9,12,500,95.2,19,187,89.7,7.1,19,36,126,93.0,19,90.7,1.9,14.8
31730,MNQ,5min,reversal_to_open,26.7971,4.733,2691,2024-04-22,76.5,43,66.8,37,64.7,37,62.0,36,60.4,36,500,76.5,43,187,65.9,31.7,44,85,126,72.2,44,78.6,0.0,9.4
42274,FDXM,3min,opposite_level,26.773,5.78,892,2024-03-28,81.4,60,75.0,60,73.9,53,76.6,54,76.6,51,500,81.4,60,188,76.0,20.8,58,114,125,79.2,60,84.3,6.6,2.2
36746,6E,3min,opposite_level,26.7323,5.066,1198,2024-04-29,100.0,18,99.5,17,95.7,16,95.2,15,95.2,15,500,100.0,18,187,97.6,0.0,18,36,126,99.0,18,63.3,36.4,37.0
31186,6E,3min,reversal_to_open,26.6537,4.533,2156,2024-04-29,97.3,19,93.0,18,92.0,18,90.9,18,90.9,18,500,97.3,19,187,96.0,0.0,19,37,126,96.8,19,86.6,42.5,38.9
38242,FDXM,3min,reversal_to_open,26.6437,4.171,4109,2024-03-28,89.9,23,83.5,19,79.3,19,74.5,19,71.8,19,500,89.9,23,188,84.8,12.0,24,44,125,87.9,23,86.3,5.6,2.2
13642,6E,5min,reversal_to_open,26.6078,4.244,2408,2024-04-29,95.7,16,93.6,15,93.6,15,93.6,15,93.0,15,500,95.7,16,187,84.9,9.5,17,36,126,91.4,16,84.7,59.6,43.4
30874,MNQ,3min,reversal_to_open,26.5362,4.081,3652,2024-04-22,84.0,22,77.0,18,70.6,18,69.5,17,67.9,17,500,84.0,22,187,77.8,20.6,25,57,126,81.5,22,84.3,4.9,19.7
11390,6E,5min,reversal_to_open,26.5224,4.406,3423,2024-04-29,96.3,18,95.7,18,95.7,18,95.7,18,95.7,18,500,96.3,18,187,95.2,4.0,22,38,126,95.8,22,96.2,90.7,48.9
42370,6E,5min,reversal_to_open,26.4876,3.861,3728,2024-04-29,90.9,22,87.7,18,88.2,18,88.8,18,88.8,18,500,90.9,22,187,89.7,9.5,17,31,126,90.4,18,91.7,81.2,47.5
29034,FDXM,3min,reversal_to_open,26.426,4.8,1216,2024-03-28,97.3,31,94.7,26,94.7,25,94.1,24,94.1,24,500,97.3,31,188,94.4,4.0,24,40,125,96.2,29,87.5,45.7,3.5
5730,6E,5min,reversal_to_open,26.4064,4.668,1514,2024-04-29,98.9,16,98.9,15,97.9,15,97.9,15,97.9,15,750,98.9,15,187,96.8,1.6,12,23,126,98.1,15,85.3,83.9,48.1
43222,FDXM,3min,reversal_to_open,26.386,3.956,2595,2024-03-28,90.4,17,86.2,17,86.2,17,86.7,16,86.7,16,500,90.4,17,188,86.4,9.6,16,32,125,88.8,16,88.2,46.2,3.8
3002,MNQ,5min,reversal_to_open,26.3449,4.642,1238,2024-04-22,87.2,23,84.5,23,80.7,23,77.5,22,77.5,22,500,87.2,23,187,81.0,15.1,33,68,126,84.7,24,88.2,9.7,23.5
24574,MNQ,5min,reversal_to_open,26.3306,3.775,5112,2024-04-22,70.6,19,61.5,17,55.6,17,52.9,15,53.5,17,500,70.6,19,187,65.9,32.5,18,38,126,68.7,18,76.0,2.5,15.8
31742,6E,5min,opposite_level,26.2879,3.43,6874,2024-04-29,73.3,11,69.0,11,67.9,11,68.4,11,68.4,11,500,73.3,11,187,75.4,23.0,12,31,126,74.1,12,78.0,63.0,44.2
7562,MNQ,5min,reversal_to_open,26.2753,3.775,6189,2024-04-22,70.1,17,59.9,16,58.3,16,55.1,16,55.6,16,500,70.1,17,187,65.1,32.5,18,45,126,68.1,17,76.0,0.7,15.3
38902,MNQ,3min,opposite_level,26.2644,4.826,1215,2024-04-22,81.8,31,73.8,31,70.6,29,70.1,29,70.1,29,500,81.8,31,187,73.8,23.0,31,66,126,78.6,31,85.9,32.0,33.6
24930,6E,5min,opposite_level,26.1277,4.256,3895,2024-04-29,80.2,17,79.7,15,79.7,15,80.2,15,80.2,15,1250,80.2,15,187,86.5,11.9,15,29,126,82.7,15,84.7,97.9,49.8
16142,6E,5min,opposite_level,26.0814,4.722,2621,2024-04-29,78.1,24,76.5,23,74.3,23,74.3,22,74.9,23,500,78.1,24,187,86.5,11.1,22,45,126,81.5,23,82.1,21.4,33.6
26510,MNQ,5min,opposite_level,26.0262,4.066,2473,2024-04-22,69.5,26,61.0,25,59.9,23,55.6,23,56.1,23,500,69.5,26,187,66.7,31.7,26,46,126,68.4,26,75.7,9.2,23.7
16134,6E,5min,opposite_level,25.9714,3.304,7645,2024-04-29,80.2,12,79.7,12,80.2,15,80.2,15,80.2,15,500,80.2,12,187,76.2,21.4,11,29,126,78.6,12,82.4,91.2,49.0
37654,6E,3min,opposite_level,25.9674,4.441,2478,2024-04-29,92.0,18,91.4,18,91.4,18,91.4,17,91.4,17,500,92.0,18,187,92.1,5.6,18,33,126,92.0,18,93.0,78.0,47.1
19958,MNQ,3min,reversal_to_open,25.9217,4.758,2462,2024-04-22,70.1,29,68.4,26,67.9,25,66.8,23,66.3,22,500,70.1,29,187,65.1,31.7,26,71,126,68.1,29,76.7,37.3,34.0
30030,MNQ,3min,opposite_level,25.9081,5.53,1518,2024-04-22,81.8,50,74.3,44,69.0,39,64.7,38,64.7,37,500,81.8,50,187,69.0,26.2,58,106,126,76.7,51,82.7,3.4,12.2
43230,MNQ,3min,reversal_to_open,25.8988,4.157,3713,2024-04-22,58.3,30,57.8,25,53.5,23,54.5,22,54.5,22,500,58.3,30,187,54.8,42.9,25,53,126,56.9,26,67.1,30.2,32.6
4250,6E,3min,reversal_to_open,25.8224,4.108,4269,2024-04-29,85.0,23,85.0,23,85.0,23,85.0,23,85.0,23,500,85.0,23,187,87.3,11.1,24,51,126,85.9,23,88.5,93.8,49.3
8250,MNQ,5min,opposite_level,25.6239,2.989,13929,2024-04-22,62.6,17,56.7,17,52.9,17,51.9,16,51.3,17,500,62.6,17,187,49.2,48.4,17,51,126,57.2,17,69.0,1.8,8.0
15314,6E,5min,opposite_level,25.5207,4.809,3381,2024-04-29,87.2,19,82.9,18,80.2,17,78.1,17,77.5,17,500,87.2,19,187,90.5,7.1,23,58,126,88.5,23,74.8,2.1,20.5
11710,MNQ,5min,opposite_level,25.4523,4.221,1513,2024-04-22,90.4,22,81.8,18,74.3,17,70.6,15,68.4,15,500,90.4,22,187,86.5,11.1,19,38,126,88.8,22,88.5,1.1,13.6
36806,MNQ,3min,reversal_to_open,25.3838,3.947,6070,2024-04-22,64.2,16,54.5,15,50.8,15,48.7,15,48.1,15,500,64.2,16,187,62.7,35.7,16,33,126,63.6,16,70.6,9.2,21.1
16470,6E,5min,opposite_level,25.3373,4.018,2468,2024-04-29,95.2,16,92.5,16,92.5,12,90.9,12,90.9,12,500,95.2,16,187,96.0,2.4,16,26,126,95.5,16,84.7,38.6,36.5
7942,MNQ,5min,opposite_level,25.3174,5.111,1255,2024-04-22,84.5,51,75.9,46,73.3,46,63.6,44,63.1,38,500,84.5,51,187,79.4,15.1,60,169,126,82.4,52,84.3,1.8,10.6
31154,6E,5min,opposite_level,25.2401,3.479,3802,2024-04-29,73.3,19,70.1,22,69.0,19,69.0,19,69.5,22,500,73.3,19,187,71.4,27.0,17,38,126,72.5,17,78.9,74.1,46.7
12382,6E,5min,reversal_to_open,25.2157,5.022,1197,2024-04-29,100.0,25,100.0,23,98.9,19,98.4,19,97.9,19,750,100.0,23,187,97.6,0.0,19,38,126,99.0,23,77.6,52.1,42.3
9542,6E,3min,reversal_to_open,25.1872,2.843,22243,2024-04-29,80.2,10,79.1,10,77.0,10,77.0,10,76.5,10,500,80.2,10,187,81.0,15.1,10,23,126,80.5,10,86.6,75.7,46.0
16110,6E,3min,opposite_level,25.1092,4.021,2290,2024-04-29,90.4,15,88.2,15,87.2,15,86.1,15,86.1,15,500,90.4,15,187,78.6,19.0,17,36,126,85.6,16,81.5,57.4,43.1
5762,MNQ,3min,reversal_to_open,25.1013,4.391,2470,2024-04-22,64.7,30,61.0,30,60.4,25,59.4,25,58.8,25,500,64.7,30,187,69.0,27.8,36,79,126,66.5,32,74.4,27.9,31.3
41166,MNQ,5min,reversal_to_open,25.0665,3.914,5518,2024-04-22,78.6,15,71.7,15,63.6,15,62.0,12,60.4,12,500,78.6,15,187,78.6,19.0,11,25,126,78.6,12,84.3,0.2,11.2
38990,MNQ,5min,reversal_to_open,25.0448,3.577,6756,2024-04-22,74.9,12,66.8,11,59.4,11,55.6,11,53.5,11,500,74.9,12,187,81.0,16.7,11,23,126,77.3,12,81.5,0.5,10.8
1870,6E,5min,opposite_level,25.0251,4.012,3654,2024-04-29,85.0,15,81.8,12,79.7,15,78.6,12,78.6,12,500,85.0,15,187,85.7,11.9,15,31,126,85.3,15,85.0,44.0,39.8
7514,6E,5min,opposite_level,25.002,4.432,3819,2024-04-29,93.6,15,89.8,11,89.3,11,89.3,11,89.3,11,500,93.6,15,187,88.9,10.3,15,29,126,91.7,15,91.7,80.3,47.2
8026,6E,5min,opposite_level,24.9126,3.569,6012,2024-04-29,93.0,11,91.4,11,89.8,11,89.3,11,89.3,11,500,93.0,11,187,89.7,8.7,12,24,126,91.7,12,91.4,66.5,43.5
43274,6E,5min,opposite_level,24.817,3.201,8277,2024-04-29,73.8,11,75.4,10,74.3,10,74.3,10,74.3,10,750,75.4,10,187,65.1,33.3,11,24,126,71.2,10,80.8,67.3,45.1
8782,MNQ,3min,reversal_to_open,24.7797,4.342,2473,2024-04-22,64.2,31,61.5,31,61.0,31,61.0,29,61.0,29,500,64.2,31,187,54.8,41.3,31,57,126,60.4,31,69.0,52.4,39.7
29950,6E,5min,reversal_to_open,24.7205,3.804,3945,2024-04-29,90.4,12,87.7,11,86.1,11,85.6,11,86.1,11,500,90.4,12,187,94.4,4.0,12,29,126,92.0,12,85.0,43.2,37.3
20562,6E,5min,opposite_level,24.6819,3.033,19279,2024-04-29,82.9,8,80.7,8,80.7,8,80.2,8,80.2,8,500,82.9,8,187,77.8,21.4,8,16,126,80.8,8,84.7,61.5,43.2
34634,6E,3min,reversal_to_open,24.6815,3.866,2478,2024-04-29,89.3,24,88.2,24,88.2,24,88.2,24,88.2,24,500,89.3,24,187,93.7,2.4,25,45,126,91.1,25,92.0,92.5,49.0
37814,6E,3min,opposite_level,24.6808,3.634,5344,2024-04-29,80.7,12,74.3,11,73.3,11,72.7,11,72.7,11,500,80.7,12,187,84.9,14.3,16,29,126,82.4,15,84.0,28.9,36.6
21742,MNQ,3min,reversal_to_open,24.6671,4.263,1136,2024-04-22,89.8,33,85.6,31,85.6,31,78.1,26,77.5,25,500,89.8,33,187,89.7,4.0,33,81,126,89.8,33,81.5,5.1,16.3
12790,6E,3min,reversal_to_open,24.6433,3.82,4198,2024-04-29,89.8,19,89.8,19,89.8,19,89.8,19,89.8,19,500,89.8,19,187,95.2,4.0,17,33,126,92.0,18,92.7,92.8,49.2
32658,MNQ,3min,reversal_to_open,24.6173,3.676,3635,2024-04-22,75.9,19,65.8,18,59.9,16,57.8,16,57.2,16,500,75.9,19,187,72.2,24.6,23,44,126,74.4,22,82.4,4.1,18.8
22882,6E,5min,opposite_level,24.5603,4.967,1237,2024-04-29,98.9,16,98.4,15,97.9,15,97.9,15,97.9,15,500,98.9,16,187,96.0,1.6,16,25,126,97.8,16,83.1,64.4,44.9
36282,6E,3min,reversal_to_open,24.5224,3.616,2768,2024-04-29,92.5,18,89.3,17,87.7,17,86.6,17,86.1,16,500,92.5,18,187,86.5,11.9,18,39,126,90.1,18,81.5,42.0,39.0
20138,6E,5min,opposite_level,24.4836,3.274,7494,2024-04-29,75.9,11,74.3,11,74.9,11,74.9,11,74.9,11,500,75.9,11,187,72.2,26.2,10,22,126,74.4,11,80.2,72.6,46.4
16214,6E,5min,reversal_to_open,24.4245,4.098,4478,2024-04-29,88.2,15,85.0,15,84.5,16,84.0,16,83.4,16,500,88.2,15,187,77.0,19.0,22,52,126,83.7,17,84.0,54.4,42.4
44150,MNQ,5min,reversal_to_open,24.3872,3.857,4544,2024-04-22,84.0,12,74.9,12,65.8,12,61.0,11,57.8,11,500,84.0,12,187,84.9,12.7,15,32,126,84.3,15,86.3,0.1,11.4
43910,MNQ,3min,reversal_to_open,24.3611,4.135,1521,2024-04-22,98.4,25,94.1,23,88.2,19,79.1,18,76.5,17,500,98.4,25,187,92.9,2.4,25,45,126,96.2,25,78.9,0.5,12.0
10222,MNQ,3min,reversal_to_open,24.3381,4.505,2465,2024-04-22,78.1,25,70.1,23,67.9,22,64.2,18,64.2,18,500,78.1,25,187,72.2,24.6,18,50,126,75.7,22,81.8,6.7,22.0
43926,6E,3min,opposite_level,24.3018,4.076,3658,2024-04-29,83.4,15,82.4,15,79.7,12,79.7,12,79.7,12,500,83.4,15,187,88.1,10.3,15,26,126,85.3,15,87.5,45.9,40.7
34690,6E,5min,opposite_level,24.3004,3.684,2825,2024-04-29,85.6,17,81.8,17,80.2,16,80.2,16,80.2,16,500,85.6,17,187,73.0,19.8,24,54,126,80.5,19,82.1,56.3,43.3
42998,6E,5min,opposite_level,24.2974,3.776,4655,2024-04-29,88.2,16,86.6,16,86.6,15,86.6,16,86.6,16,500,88.2,16,187,90.5,8.7,15,36,126,89.1,15,90.7,83.3,47.4
2918,MNQ,5min,opposite_level,24.2936,3.811,2480,2024-04-22,75.4,23,69.0,19,67.4,19,56.7,18,56.1,18,500,75.4,23,187,71.4,26.2,19,39,126,73.8,23,81.5,0.7,16.4
33866,MNQ,3min,reversal_to_open,24.2825,3.705,2459,2024-04-22,81.3,22,70.1,18,68.4,18,62.6,17,63.6,17,500,81.3,22,187,73.0,23.0,23,57,126,78.0,22,81.5,2.3,19.3
26906,MNQ,5min,reversal_to_open,24.2363,4.643,790,2024-04-22,93.0,57,86.6,50,79.7,45,75.4,44,73.8,43,500,93.0,57,187,83.3,9.5,52,99,126,89.1,54,91.7,0.8,10.7
32190,MNQ,3min,opposite_level,24.1984,4.795,1239,2024-04-22,88.8,37,79.7,30,77.5,25,73.8,24,71.1,24,500,88.8,37,187,77.0,19.0,43,86,126,84.0,38,89.8,11.0,21.3
9722,MNQ,5min,opposite_level,24.172,3.781,3679,2024-04-22,63.1,22,56.7,22,49.2,18,48.1,17,48.1,17,500,63.1,22,187,54.0,43.7,25,71,126,59.4,23,69.0,3.9,19.0
7746,6E,5min,opposite_level,24.164,3.693,6127,2024-04-29,80.2,15,80.7,16,80.2,16,80.2,16,80.2,16,750,80.7,16,187,87.3,10.3,15,30,126,83.4,15,86.9,97.2,49.7
9754,MNQ,5min,reversal_to_open,24.1489,3.716,3588,2024-04-22,79.7,23,74.9,19,70.6,19,65.2,18,64.2,18,500,79.7,23,187,74.6,22.2,23,40,126,77.6,23,82.1,1.7,16.4
8786,6E,5min,opposite_level,24.1311,5.069,1184,2024-04-29,100.0,19,99.5,16,99.5,15,99.5,15,99.5,15,500,100.0,19,187,97.6,0.0,19,29,126,99.0,19,53.7,33.8,34.9
40454,6E,3min,opposite_level,24.041,4.334,5942,2024-04-29,89.8,15,88.2,12,88.2,12,87.7,12,87.7,12,500,89.8,15,187,88.9,10.3,11,25,126,89.5,12,89.1,89.9,48.7
10282,MNQ,5min,reversal_to_open,23.9603,4.091,1238,2024-04-22,95.2,32,87.2,25,84.0,24,78.6,24,78.6,22,500,95.2,32,187,92.9,1.6,29,50,126,94.2,30,80.5,3.5,16.6
17786,6E,3min,opposite_level,23.925,4.276,2075,2024-04-29,89.8,25,88.8,24,87.2,24,87.2,24,86.6,24,500,89.8,25,187,92.9,3.2,19,39,126,91.1,24,92.7,53.8,41.7
37510,MNQ,5min,reversal_to_open,23.8759,3.7,3552,2024-04-22,80.2,19,68.4,18,63.6,18,59.9,18,57.8,18,500,80.2,19,187,72.2,25.4,23,52,126,77.0,19,82.7,2.4,16.6
42102,6E,3min,reversal_to_open,23.852,3.522,5951,2024-04-29,66.8,17,62.6,16,63.1,15,63.1,15,63.1,15,500,66.8,17,187,69.0,25.4,16,38,126,67.7,17,76.4,31.2,36.7
8358,MNQ,3min,reversal_to_open,23.8483,3.924,1133,2024-04-22,84.5,40,79.7,39,74.9,33,66.8,31,64.7,29,500,84.5,40,187,75.4,16.7,45,96,126,80.8,43,85.0,2.7,17.2
25166,MNQ,3min,reversal_to_open,23.8155,4.334,1223,2024-04-22,98.9,31,90.9,26,84.0,24,76.5,23,75.4,23,500,98.9,31,187,91.3,3.2,31,51,126,95.8,31,78.6,0.2,11.0
15098,MNQ,3min,reversal_to_open,23.8135,4.451,1238,2024-04-22,82.9,26,77.5,25,79.1,23,76.5,23,75.9,23,500,82.9,26,187,71.4,25.4,32,86,126,78.3,29,84.3,15.0,27.1
9166,MNQ,3min,reversal_to_open,23.8036,3.84,6177,2024-04-22,61.5,19,56.7,19,56.1,19,57.2,18,57.8,18,500,61.5,19,187,59.5,37.3,16,46,126,60.7,18,70.6,6.2,22.1
6214,6E,3min,reversal_to_open,23.7961,3.731,6163,2024-04-29,87.7,18,87.7,17,87.7,17,87.7,17,87.7,17,750,87.7,17,187,84.9,11.9,12,24,126,86.6,15,89.8,96.8,49.6
3194,6E,5min,opposite_level,23.7588,6.143,1238,2024-04-29,100.0,17,100.0,15,99.5,12,99.5,12,99.5,12,750,100.0,15,187,98.4,0.0,15,26,126,99.4,15,71.6,60.4,42.8
13922,6E,5min,opposite_level,23.7429,3.439,2304,2024-04-29,88.8,19,81.3,16,78.6,15,76.5,15,74.9,15,500,88.8,19,187,81.7,15.1,23,53,126,85.9,22,74.1,17.5,32.6
2510,MNQ,5min,opposite_level,23.7337,3.35,3613,2024-04-22,69.5,19,64.7,18,51.9,16,51.3,16,50.3,15,500,69.5,19,187,67.5,31.0,22,40,126,68.7,19,78.9,1.7,16.5
1674,MNQ,5min,reversal_to_open,23.7119,3.151,7617,2024-04-22,63.1,11,56.1,11,51.3,11,45.5,11,44.9,11,500,63.1,11,187,69.0,27.8,12,25,126,65.5,12,73.2,0.4,14.7
15666,6E,3min,reversal_to_open,23.6937,3.959,3656,2024-04-29,95.2,15,92.5,12,92.5,12,90.9,12,90.4,12,500,95.2,15,187,96.0,2.4,16,29,126,95.5,15,88.2,54.4,40.6
15502,MNQ,3min,opposite_level,23.6703,3.813,2449,2024-04-22,65.2,31,58.3,31,56.7,31,55.1,31,54.0,25,500,65.2,31,187,57.9,39.7,29,57,126,62.3,29,74.1,7.7,24.2
17066,6E,5min,reversal_to_open,23.6664,3.941,4242,2024-04-29,84.0,19,81.3,18,80.2,18,80.2,18,80.7,18,500,84.0,19,187,75.4,23.0,23,46,126,80.5,19,82.7,62.9,44.4
36050,MNQ,3min,opposite_level,23.659,4.335,2615,2024-04-22,69.5,38,58.3,32,55.6,32,49.2,31,48.7,30,500,69.5,38,187,56.3,41.3,52,116,126,64.2,40,73.8,2.9,13.6
20990,MNQ,3min,reversal_to_open,23.6357,3.63,4581,2024-04-22,61.5,22,55.6,22,50.8,19,49.7,18,50.3,18,500,61.5,22,187,54.8,43.7,18,50,126,58.8,19,69.6,6.4,22.2
12458,6E,3min,reversal_to_open,23.6159,3.678,4614,2024-04-29,88.8,12,89.8,12,88.2,12,88.2,12,88.2,12,750,89.8,12,187,92.9,6.3,11,25,126,91.1,12,93.3,93.0,49.3
15538,6E,5min,reversal_to_open,23.5799,3.712,3453,2024-04-29,93.0,18,88.2,18,88.8,18,89.3,17,89.3,17,500,93.0,18,187,86.5,10.3,18,37,126,90.4,18,89.1,57.8,43.1
10842,MNQ,3min,reversal_to_open,23.5516,6.841,895,2024-04-22,73.8,100,69.0,89,61.5,72,59.4,67,59.4,58,500,73.8,100,187,59.5,25.4,88,152,126,68.1,95,78.6,11.6,18.8
25806,6E,5min,opposite_level,23.5419,4.438,3033,2024-04-29,94.7,15,91.4,15,89.8,12,89.3,12,88.2,12,500,94.7,15,187,91.3,7.1,15,26,126,93.3,15,84.7,24.9,32.8
2174,MNQ,5min,reversal_to_open,23.4795,3.765,2850,2024-04-22,77.5,39,72.2,38,65.2,38,63.6,38,63.1,36,500,77.5,39,187,79.4,17.5,57,92,126,78.3,43,81.2,0.0,7.3
7426,6E,5min,reversal_to_open,23.4794,4.871,1068,2024-04-29,100.0,33,98.9,26,98.4,24,97.9,24,97.9,24,500,100.0,33,187,97.6,0.0,39,75,126,99.0,37,65.5,18.0,31.4
36514,MNQ,5min,opposite_level,23.469,4.907,1239,2024-04-22,96.3,23,92.0,19,86.1,18,82.9,18,80.2,18,500,96.3,23,187,95.2,2.4,26,53,126,95.8,24,87.5,2.3,12.6
10894,6E,3min,opposite_level,23.4393,5.471,1109,2024-04-29,99.5,22,99.5,17,96.8,16,96.8,16,95.7,16,750,99.5,17,187,96.0,1.6,17,31,126,98.1,17,79.9,52.9,42.2
32306,MNQ,5min,reversal_to_open,23.4389,4.415,973,2024-04-22,85.6,108,77.0,107,73.3,95,67.9,95,65.8,92,500,85.6,108,187,59.2,36.8,134,232,125,75.0,116,75.0,0.0,8.5
42550,MNQ,5min,reversal_to_open,23.4128,4.152,1223,2024-04-22,83.4,36,78.6,30,71.7,31,67.9,25,67.9,24,500,83.4,36,187,60.3,32.5,53,99,126,74.1,38,80.2,7.2,20.1
44170,MNQ,5min,reversal_to_open,23.3508,3.461,3830,2024-04-22,75.9,22,66.3,18,60.4,17,52.9,17,50.8,16,500,75.9,22,187,74.6,23.0,22,45,126,75.4,22,80.2,0.6,14.2
16998,6E,5min,opposite_level,23.3248,3.306,3709,2024-04-29,80.7,22,75.4,19,73.8,19,71.7,18,70.6,16,500,80.7,22,187,74.6,22.2,26,53,126,78.3,23,77.6,21.8,29.5
7194,MNQ,3min,opposite_level,23.2726,3.85,6184,2024-04-22,51.9,29,47.6,25,49.7,25,50.3,23,49.7,22,500,51.9,29,187,42.1,56.3,25,44,126,47.9,26,56.2,35.6,34.0
24366,6E,3min,reversal_to_open,23.264,3.615,2472,2024-04-29,90.9,19,87.7,18,87.2,17,86.6,18,86.6,18,500,90.9,19,187,88.9,7.9,19,38,126,90.1,19,85.9,61.8,44.3
7854,6E,3min,opposite_level,23.2528,3.728,1888,2024-04-29,92.0,22,90.9,18,89.8,18,88.8,18,88.8,18,500,92.0,22,187,86.5,6.3,24,64,126,89.8,23,86.3,71.6,45.3
40086,MNQ,5min,opposite_level,23.2326,3.389,5660,2024-04-22,54.5,22,46.5,19,44.4,18,44.4,19,44.9,18,500,54.5,22,187,42.1,54.8,26,59,126,49.5,24,60.4,6.0,19.9
33150,MNQ,3min,reversal_to_open,23.2223,4.278,2479,2024-04-22,70.1,25,64.2,23,63.6,23,62.6,23,63.1,23,500,70.1,25,187,59.5,36.5,30,79,126,65.8,29,74.4,35.1,34.7
24898,MNQ,3min,reversal_to_open,23.1856,4.15,2335,2024-04-22,66.8,51,56.7,47,54.5,46,50.3,44,49.7,39,500,66.8,51,187,56.3,35.7,82,201,126,62.6,64,70.9,6.6,13.6
26566,6E,3min,reversal_to_open,23.1713,3.782,3226,2024-04-29,75.4,24,71.1,24,69.0,22,69.5,22,69.5,22,500,75.4,24,187,78.6,19.0,25,50,126,76.7,24,79.2,30.2,35.1
11678,MNQ,5min,opposite_level,23.1668,3.56,3618,2024-04-22,74.9,19,68.4,17,54.0,15,52.9,15,51.9,15,500,74.9,19,187,65.9,32.5,22,44,126,71.2,19,78.6,4.2,17.3
36878,6E,5min,opposite_level,23.1657,3.781,3078,2024-04-29,90.9,12,88.2,11,87.7,11,87.2,11,87.2,11,500,90.9,12,187,91.3,7.9,10,23,126,91.1,11,93.6,56.7,43.5
14666,MNQ,5min,reversal_to_open,23.1557,3.676,3681,2024-04-22,77.0,19,70.6,19,61.0,17,59.4,16,58.8,16,500,77.0,19,187,77.0,19.0,19,38,126,77.0,19,82.1,1.6,16.6
31338,6E,5min,opposite_level,23.1388,3.282,5594,2024-04-29,72.7,18,71.1,17,70.6,17,70.6,17,70.1,17,500,72.7,18,187,75.4,23.8,17,44,126,73.8,18,79.2,72.0,45.5
28038,MNQ,5min,reversal_to_open,23.1363,3.464,5933,2024-04-22,66.8,16,57.2,16,51.3,16,46.0,16,46.0,16,500,66.8,16,187,73.8,23.0,16,32,126,69.6,16,77.6,0.4,14.7
44446,6E,3min,opposite_level,23.1066,3.071,14012,2024-04-29,75.4,9,74.9,9,73.3,9,74.3,9,74.9,9,500,75.4,9,187,73.0,25.4,9,22,126,74.4,9,80.2,48.3,40.5
3346,MNQ,5min,reversal_to_open,23.0998,3.433,3624,2024-04-22,73.8,23,65.8,22,58.3,19,56.1,16,54.5,18,500,73.8,23,187,76.2,21.4,26,60,126,74.8,25,82.1,7.8,20.5
6870,6E,5min,reversal_to_open,23.0937,3.829,1617,2024-04-29,88.2,38,88.8,38,85.6,33,85.0,37,85.0,37,750,88.8,38,187,82.5,14.3,44,86,126,86.3,39,79.6,79.2,46.9
30634,6E,5min,reversal_to_open,23.0514,3.372,3255,2024-04-29,88.2,19,84.5,19,84.0,19,83.4,22,83.4,22,500,88.2,19,187,77.0,19.0,29,52,126,83.7,23,82.1,73.7,45.8
40946,6E,5min,reversal_to_open,23.0198,4.95,2574,2024-04-29,89.3,25,82.4,22,80.2,19,78.6,18,75.4,18,500,89.3,25,187,92.9,1.6,22,44,126,90.7,23,89.1,19.9,28.8
22262,MNQ,3min,opposite_level,22.9623,3.37,3714,2024-04-22,69.0,17,61.5,17,49.7,16,47.6,16,46.0,17,500,69.0,17,187,53.2,43.7,22,50,126,62.6,17,75.7,1.9,18.1
30690,MNQ,5min,opposite_level,22.9405,3.342,4213,2024-04-22,59.4,22,50.3,22,39.0,18,39.6,19,39.6,18,500,59.4,22,187,50.8,47.6,25,57,126,55.9,23,67.4,0.9,16.7
33706,MNQ,3min,opposite_level,22.9356,3.354,6183,2024-04-22,43.9,23,41.2,23,36.9,22,35.8,22,36.4,19,500,43.9,23,187,36.5,61.9,23,38,126,40.9,23,53.0,3.9,21.9
19710,6E,3min,reversal_to_open,22.9203,3.909,2237,2024-04-29,98.4,24,96.8,24,94.7,22,94.7,22,94.7,22,500,98.4,24,187,89.7,8.7,40,81,126,94.9,26,77.0,42.7,38.7
250,6E,5min,reversal_to_open,22.9177,3.344,4396,2024-04-29,77.5,19,75.4,19,71.7,18,72.7,18,72.7,18,500,77.5,19,187,85.7,12.7,23,46,126,80.8,19,81.2,47.6,40.4
8162,6E,3min,opposite_level,22.9082,2.862,12474,2024-04-29,68.4,15,65.2,15,63.6,12,62.0,12,61.5,12,500,68.4,15,187,61.1,35.7,15,36,126,65.5,15,73.2,42.5,39.2
16758,6E,5min,reversal_to_open,22.897,3.742,2392,2024-04-29,78.6,39,74.9,40,72.7,39,70.1,36,68.4,36,500,78.6,39,187,65.1,29.4,59,120,126,73.2,43,77.0,29.4,35.4
3398,MNQ,5min,reversal_to_open,22.8876,3.866,3186,2024-04-22,85.6,33,77.0,31,70.1,31,65.8,29,64.7,29,500,85.6,33,187,81.7,15.1,36,74,126,84.0,33,81.2,0.0,6.1
39238,6E,3min,reversal_to_open,22.8856,4.426,1232,2024-04-29,87.7,38,86.1,37,84.0,37,82.9,37,82.4,37,500,87.7,38,187,86.4,8.8,39,66,125,87.2,38,87.8,55.4,42.3
4498,MNQ,3min,reversal_to_open,22.8839,3.922,3634,2024-04-22,58.8,29,53.5,26,51.9,26,48.7,25,48.1,23,500,58.8,29,187,54.0,43.7,33,93,126,56.9,30,63.9,26.0,30.7
34826,MNQ,5min,reversal_to_open,22.8612,4.041,2180,2024-04-22,95.7,45,91.4,44,85.6,39,77.5,38,74.3,37,500,95.7,45,187,92.9,2.4,33,54,126,94.6,38,78.0,0.0,6.3
37802,6E,5min,reversal_to_open,22.8069,3.814,1210,2024-04-29,97.3,24,96.8,24,97.3,23,96.8,23,96.8,23,1000,97.3,23,187,93.7,0.0,38,65,126,95.8,29,84.0,98.0,49.8
37906,6E,5min,reversal_to_open,22.7935,3.433,3285,2024-04-29,82.9,17,80.2,17,79.1,17,78.6,17,78.6,17,500,82.9,17,187,87.3,9.5,23,45,126,84.7,18,85.3,61.0,43.6
25074,6E,3min,reversal_to_open,22.7905,3.107,7675,2024-04-29,80.2,12,78.6,12,78.6,12,78.6,12,78.6,12,500,80.2,12,187,88.1,10.3,11,24,126,83.4,12,86.3,87.8,48.5
27342,6E,3min,opposite_level,22.7648,2.835,11282,2024-04-29,65.2,11,61.5,11,60.4,11,60.4,11,59.9,11,500,65.2,11,187,62.7,34.9,16,32,126,64.2,15,71.9,48.3,41.0
31090,6E,3min,opposite_level,22.7474,3.004,6138,2024-04-29,78.6,12,75.9,12,72.7,12,73.3,12,73.3,12,500,78.6,12,187,73.8,23.0,12,25,126,76.7,12,83.4,63.4,43.3
37566,MNQ,5min,reversal_to_open,22.7297,3.589,3424,2024-04-22,79.1,22,66.8,22,56.7,19,51.9,19,50.8,18,500,79.1,22,187,67.5,29.4,24,61,126,74.4,22,81.2,0.5,15.2
24510,6E,5min,reversal_to_open,22.6723,2.906,15896,2024-04-29,82.4,10,79.1,10,76.5,9,75.4,9,75.9,9,500,82.4,10,187,81.0,15.9,11,23,126,81.8,10,85.6,31.9,36.4
34622,MNQ,5min,opposite_level,22.6609,3.342,3735,2024-04-22,52.9,31,43.9,30,41.2,30,40.6,30,40.1,29,500,52.9,31,187,41.3,56.3,43,87,126,48.2,31,58.5,19.2,28.4
20630,6E,3min,opposite_level,22.6431,3.088,5908,2024-04-29,78.1,15,76.5,15,75.9,11,75.9,11,75.9,11,500,78.1,15,187,69.8,28.6,15,32,126,74.8,15,79.6,64.7,44.5
28066,6E,5min,fixed_rr,22.6264,3.246,2221,2024-04-29,90.4,15,86.1,15,81.8,15,80.2,15,79.7,15,500,90.4,15,187,81.0,13.5,16,30,126,86.6,15,83.4,46.2,40.5
16458,MNQ,5min,reversal_to_open,22.619,3.134,3632,2024-04-22,59.9,22,53.5,23,49.2,23,47.6,22,47.1,22,500,59.9,22,187,59.5,38.1,36,61,126,59.7,26,70.9,10.7,26.3
39574,MNQ,5min,reversal_to_open,22.6133,4.847,712,2024-04-22,92.5,40,90.9,38,90.4,40,85.6,37,83.4,33,500,92.5,40,187,85.7,3.2,47,82,126,89.8,43,79.9,0.0,7.5
37034,MNQ,5min,reversal_to_open,22.5898,3.782,2470,2024-04-22,73.8,23,65.8,22,64.7,22,56.7,19,56.7,19,500,73.8,23,187,73.8,23.8,23,59,126,73.8,23,79.9,1.1,16.7
41562,6E,5min,opposite_level,22.5806,3.501,3500,2024-04-29,85.6,17,84.0,16,82.9,12,82.9,12,82.9,12,500,85.6,17,187,84.1,13.5,16,24,126,85.0,16,85.0,49.3,41.0
26826,MNQ,3min,opposite_level,22.5762,3.725,1222,2024-04-22,90.9,33,83.4,32,77.0,31,67.4,30,65.8,26,500,90.9,33,187,86.5,9.5,33,82,126,89.1,33,87.2,0.8,11.8
10454,MNQ,5min,opposite_level,22.5576,3.586,3095,2024-04-22,63.1,24,55.1,23,54.5,22,49.7,19,48.1,19,500,63.1,24,187,51.6,46.8,24,44,126,58.5,24,70.3,5.9,22.9
42614,MNQ,5min,opposite_level,22.5544,3.616,1226,2024-04-22,82.9,25,75.9,25,67.9,24,65.8,24,62.0,24,500,82.9,25,187,80.2,18.3,25,47,126,81.8,25,86.9,0.7,15.8
19694,6E,5min,opposite_level,22.5387,4.453,1641,2024-04-29,93.6,36,88.8,29,85.0,25,80.2,23,77.0,23,500,93.6,36,187,93.7,2.4,30,68,126,93.6,32,67.4,7.0,22.2
28214,6E,3min,opposite_level,22.5064,5.974,2201,2024-04-29,99.5,15,97.9,15,96.3,15,96.3,15,96.3,15,500,99.5,15,187,98.4,0.0,15,29,126,99.0,15,93.3,71.4,45.0
43698,MNQ,3min,opposite_level,22.4623,3.528,5573,2024-04-22,52.4,22,45.5,22,44.4,18,44.9,22,45.5,18,500,52.4,22,187,39.7,58.7,30,80,126,47.3,23,60.4,13.8,25.3
17058,MNQ,3min,reversal_to_open,22.4549,4.303,1240,2024-04-22,95.7,24,93.6,23,86.6,18,78.6,18,75.9,17,500,95.7,24,187,91.3,4.0,23,44,126,93.9,24,85.0,1.0,16.0
3702,MNQ,3min,reversal_to_open,22.4481,3.789,3503,2024-04-22,74.3,29,67.9,26,63.1,24,58.8,24,59.4,24,500,74.3,29,187,69.8,23.0,31,54,126,72.5,29,80.2,11.6,17.3
6710,MNQ,5min,reversal_to_open,22.4161,3.552,2417,2024-04-22,80.2,19,72.2,17,70.6,17,65.8,17,63.1,16,500,80.2,19,187,83.3,14.3,19,44,126,81.5,19,86.3,3.3,17.6
3098,6E,3min,reversal_to_open,22.3747,2.938,5089,2024-04-29,82.4,18,80.2,18,80.7,18,80.7,18,80.7,18,500,82.4,18,187,73.8,23.8,26,60,126,78.9,19,82.1,77.3,46.3
16402,6E,5min,opposite_level,22.3698,3.296,3704,2024-04-29,77.5,17,78.6,18,79.1,18,79.1,18,79.1,18,1000,79.1,18,187,75.4,23.0,18,40,126,77.6,18,83.7,97.9,49.8
16614,MNQ,3min,reversal_to_open,22.3486,4.017,1591,2024-04-22,80.2,52,71.7,47,62.6,45,59.4,45,57.2,43,500,80.2,52,187,71.4,22.2,53,109,126,76.7,52,84.3,0.1,9.6
45294,6E,3min,reversal_to_open,22.3211,3.599,3732,2024-04-29,85.0,23,83.4,23,82.9,23,82.9,23,82.9,23,500,85.0,23,187,92.9,6.3,18,36,126,88.2,22,89.5,86.2,48.5
44250,MNQ,3min,reversal_to_open,22.3134,3.212,6692,2024-04-22,57.2,22,47.1,17,44.9,17,43.9,17,43.9,17,500,57.2,22,187,53.2,44.4,22,68,126,55.6,22,63.9,4.4,18.1
23298,MNQ,3min,opposite_level,22.2997,3.374,3666,2024-04-22,65.2,18,56.7,17,47.1,17,44.9,16,43.9,15,500,65.2,18,187,57.9,39.7,17,46,126,62.3,18,73.2,5.4,20.9
42386,MNQ,3min,reversal_to_open,22.2473,3.585,2945,2024-04-22,76.5,33,69.0,29,64.7,30,60.4,26,58.8,24,500,76.5,33,187,85.7,10.3,33,71,126,80.2,33,85.9,0.4,9.7
30478,6E,3min,reversal_to_open,22.2407,3.154,4495,2024-04-29,84.0,16,81.8,15,81.3,15,80.7,15,80.7,15,500,84.0,16,187,85.7,11.1,15,32,126,84.7,15,85.9,74.9,46.6
19158,MNQ,3min,reversal_to_open,22.0309,3.241,2344,2024-04-22,79.7,26,73.3,25,66.3,24,56.7,19,56.1,18,500,79.7,26,187,77.8,18.3,26,59,126,78.9,26,81.5,1.5,15.7
44218,MNQ,3min,opposite_level,22.0207,4.528,3015,2024-04-22,80.7,32,69.0,31,63.6,31,59.9,31,58.8,31,500,80.7,32,187,65.9,32.5,32,64,126,74.8,32,78.9,0.4,7.2
8822,6E,3min,reversal_to_open,21.9985,3.358,3714,2024-04-29,74.9,22,73.8,22,74.9,22,74.9,22,74.9,22,500,74.9,22,187,88.1,8.7,19,36,126,80.2,19,85.0,87.7,48.5
24874,MNQ,3min,reversal_to_open,21.9606,2.783,25304,2024-04-22,62.6,9,57.8,9,54.0,9,49.2,9,49.2,10,500,62.6,9,187,56.3,42.1,10,19,126,60.1,10,68.7,1.2,15.0
294,MNQ,3min,opposite_level,21.9475,4.212,1239,2024-04-22,70.6,38,65.2,37,63.1,36,63.1,36,62.0,33,500,70.6,38,187,54.0,42.1,47,120,126,63.9,43,74.4,48.3,39.3
17514,MNQ,3min,reversal_to_open,21.9085,2.954,5991,2024-04-22,58.8,22,51.9,18,48.1,18,45.5,17,45.5,16,500,58.8,22,187,50.8,46.8,25,65,126,55.6,23,64.5,15.4,27.5
43530,MNQ,3min,reversal_to_open,21.904,3.562,4037,2024-04-22,61.0,25,55.1,23,53.5,23,50.8,23,50.8,19,500,61.0,25,187,51.6,46.0,26,68,126,57.2,25,66.8,25.4,31.0
4114,MNQ,3min,reversal_to_open,21.8786,3.799,1219,2024-04-22,90.4,32,85.6,31,79.1,31,74.9,25,72.2,25,500,90.4,32,187,90.5,5.6,38,66,126,90.4,33,85.6,0.2,12.2
4194,MNQ,3min,opposite_level,21.7767,4.583,1202,2024-04-22,98.9,33,93.6,30,86.6,26,79.1,26,77.0,25,500,98.9,33,187,94.4,1.6,23,47,126,97.1,29,87.5,1.0,11.2
42758,MNQ,3min,opposite_level,21.7242,4.087,2654,2024-04-22,55.1,52,47.1,40,46.5,44,43.9,44,43.9,38,500,55.1,52,187,47.2,45.6,73,201,125,51.9,59,64.1,6.4,12.4
41686,MNQ,3min,opposite_level,21.704,3.094,4618,2024-04-22,63.1,18,59.4,17,50.8,16,47.1,15,45.5,15,500,63.1,18,187,56.3,42.1,17,37,126,60.4,18,70.9,14.1,25.1
6526,MNQ,3min,opposite_level,21.5816,4.083,1107,2024-04-22,79.1,86,68.4,80,57.8,74,52.4,72,51.9,68,500,79.1,86,187,46.4,50.4,72,226,125,66.0,81,73.1,0.0,9.2
20586,6E,3min,reversal_to_open,21.5491,2.984,4796,2024-04-29,70.6,19,67.9,18,67.9,19,67.9,18,67.9,19,500,70.6,19,187,77.8,19.0,18,36,126,73.5,18,81.2,75.4,46.8
39702,MNQ,3min,opposite_level,21.54,3.884,1894,2024-04-22,75.4,45,66.8,39,59.9,38,53.5,39,51.3,37,500,75.4,45,187,70.6,23.0,40,93,126,73.5,44,77.0,0.1,8.8
5134,MNQ,3min,reversal_to_open,21.5377,3.603,2109,2024-04-22,95.2,26,84.0,24,77.5,19,72.7,19,69.0,18,500,95.2,26,187,84.1,11.1,25,44,126,90.7,25,80.8,0.7,10.5
10350,MNQ,3min,opposite_level,21.5254,4.885,985,2024-04-22,71.1,71,64.2,72,57.8,64,50.8,57,50.3,61,500,71.1,71,187,57.9,27.8,67,316,126,65.8,68,77.6,1.0,12.7
8802,6E,3min,reversal_to_open,21.5027,3.364,2667,2024-04-29,85.6,17,84.0,16,84.0,16,84.5,16,85.0,16,500,85.6,17,187,84.9,13.5,17,38,126,85.3,17,82.1,66.3,45.1
32910,6E,3min,reversal_to_open,21.4821,3.687,6023,2024-04-29,92.0,11,90.4,11,89.3,11,89.3,11,89.3,11,500,92.0,11,187,95.2,4.0,11,29,126,93.3,11,94.2,86.4,48.2
10750,MNQ,3min,opposite_level,21.4738,4.567,1067,2024-04-22,78.6,108,72.7,95,65.8,80,61.0,80,57.8,80,500,78.6,108,187,46.4,48.0,100,304,125,65.7,107,73.7,0.7,9.6
29714,MNQ,3min,reversal_to_open,21.4263,4.62,772,2024-04-22,77.5,129,66.8,115,64.2,113,60.4,103,60.4,108,500,77.5,129,187,76.8,17.6,78,163,125,77.2,114,82.4,0.6,9.3
37230,6E,3min,reversal_to_open,21.3831,4.788,1239,2024-04-29,100.0,23,99.5,23,99.5,23,99.5,23,99.5,23,500,100.0,23,187,97.6,0.0,25,44,126,99.0,23,86.3,90.2,48.7
36450,6E,3min,opposite_level,21.3653,4.333,2699,2024-04-29,99.5,16,98.9,12,97.3,12,97.3,12,97.3,12,500,99.5,16,187,98.4,0.0,16,30,126,99.0,16,92.0,71.9,44.2
6586,MNQ,3min,reversal_to_open,21.3583,2.771,6171,2024-04-22,56.7,18,49.7,16,44.9,15,43.9,15,43.3,15,500,56.7,18,187,47.6,49.2,22,40,126,53.0,19,64.2,14.5,27.0
44274,MNQ,3min,reversal_to_open,21.3508,3.308,5038,2024-04-22,51.9,26,49.2,22,46.5,22,44.4,24,43.9,24,500,51.9,26,187,42.9,54.8,36,99,126,48.2,30,60.1,22.5,28.6
25494,MNQ,3min,opposite_level,21.3445,3.514,6722,2024-04-22,63.1,16,55.6,16,52.4,15,49.7,15,48.1,15,500,63.1,16,187,50.8,47.6,18,43,126,58.1,17,67.1,3.2,16.1
11522,6E,3min,reversal_to_open,21.3387,4.76,1769,2024-04-29,85.6,39,82.4,36,82.4,33,80.7,32,80.7,32,500,85.6,39,187,73.0,20.6,75,199,126,80.5,46,83.1,18.3,28.6
19534,6E,3min,opposite_level,21.2607,3.251,4492,2024-04-29,75.4,15,75.4,12,72.2,12,72.2,12,72.2,12,750,75.4,12,187,71.4,27.8,16,29,126,73.8,15,80.8,77.4,46.7
14202,6E,3min,reversal_to_open,21.2075,2.774,10845,2024-04-29,82.4,12,81.3,12,80.2,12,79.7,12,79.1,12,500,82.4,12,187,77.8,18.3,12,33,126,80.5,12,84.0,65.8,44.1
42526,6E,3min,reversal_to_open,21.2069,3.259,2234,2024-04-29,88.2,31,82.9,30,79.1,30,76.5,26,73.8,26,500,88.2,31,187,79.4,11.9,40,95,126,84.7,33,85.6,29.9,33.7
3394,6E,3min,opposite_level,21.1298,4.814,1239,2024-04-29,98.4,17,97.9,16,96.8,12,96.8,12,96.8,12,500,98.4,17,187,96.8,0.0,17,30,126,97.8,17,71.6,52.0,40.6
11658,6E,3min,opposite_level,21.1052,3.096,4361,2024-04-29,75.4,17,73.8,17,72.2,18,71.7,18,71.7,17,500,75.4,17,187,62.7,33.3,24,68,126,70.3,18,76.4,70.1,45.5
38894,6E,3min,reversal_to_open,21.0295,3.276,2874,2024-04-29,81.3,29,79.1,29,80.2,29,80.2,29,80.2,29,500,81.3,29,187,62.7,31.7,53,92,126,73.8,32,79.9,86.4,48.4
28094,6E,3min,opposite_level,20.8913,3.155,2332,2024-04-29,79.7,23,78.1,23,78.6,23,78.6,23,78.6,23,500,79.7,23,187,54.0,39.7,26,61,126,69.3,24,78.3,84.9,48.1
5006,6E,3min,reversal_to_open,20.8254,3.37,2189,2024-04-29,85.0,24,83.4,23,83.4,23,82.9,22,82.9,22,500,85.0,24,187,57.9,35.7,31,79,126,74.1,24,79.9,87.8,48.6
19634,6E,3min,reversal_to_open,20.8107,3.521,1977,2024-04-29,90.4,39,88.2,38,88.2,38,87.7,38,87.7,38,500,90.4,39,187,87.3,4.0,50,107,126,89.1,44,84.7,85.3,47.9
8406,6E,3min,opposite_level,20.7252,5.31,1693,2024-04-29,79.7,44,77.5,40,77.0,44,75.4,43,75.4,44,500,79.7,44,187,92.0,5.6,37,65,125,84.6,40,86.2,47.8,41.2
11562,6E,3min,reversal_to_open,20.6917,2.974,5481,2024-04-29,77.0,17,75.9,16,74.9,16,74.9,15,74.3,15,500,77.0,17,187,59.5,34.9,22,46,126,70.0,18,76.4,68.1,44.8
1710,6E,3min,reversal_to_open,20.6013,4.041,1239,2024-04-29,98.9,23,97.9,23,97.9,23,97.9,23,97.9,23,500,98.9,23,187,97.6,0.0,23,40,126,98.4,23,85.9,83.6,48.0
18894,6E,3min,reversal_to_open,20.5606,2.733,7249,2024-04-29,74.9,15,73.3,15,73.3,15,73.3,15,73.3,15,500,74.9,15,187,64.3,29.4,18,37,126,70.6,16,79.6,82.3,47.8
6090,6E,3min,reversal_to_open,20.5449,2.967,4277,2024-04-29,73.3,18,70.1,18,69.0,18,69.0,18,69.0,17,500,73.3,18,187,54.0,40.5,36,80,126,65.5,23,73.5,77.3,46.7
4362,6E,3min,reversal_to_open,20.4212,3.917,2371,2024-04-29,94.7,23,94.1,22,93.6,19,93.6,19,93.6,19,500,94.7,23,187,97.6,0.8,19,38,126,95.8,22,93.6,77.9,47.1
3318,6E,3min,fixed_rr,20.3388,3.204,1805,2024-04-29,85.6,19,77.5,19,73.8,17,70.6,17,69.0,17,500,85.6,19,187,84.9,12.7,19,38,126,85.3,19,86.3,28.4,35.3
44962,6E,3min,reversal_to_open,20.3128,3.615,3214,2024-04-29,77.0,33,73.3,30,71.1,30,70.6,30,70.1,30,500,77.0,33,187,56.3,33.3,54,159,126,68.7,43,75.1,35.2,36.3
13050,6E,3min,reversal_to_open,20.2293,3.62,1198,2024-04-29,97.9,50,95.2,50,94.1,46,91.4,46,89.8,46,500,97.9,50,187,80.0,4.8,53,120,125,90.7,51,81.1,49.6,40.5
9894,6E,3min,opposite_level,20.2246,2.956,3457,2024-04-29,79.7,25,79.1,22,78.1,22,77.0,22,77.0,22,500,79.7,25,187,65.9,29.4,29,65,126,74.1,26,79.6,79.5,47.1
39266,6E,3min,reversal_to_open,20.0863,2.892,5827,2024-04-29,71.1,17,70.1,19,70.6,19,69.5,17,69.0,17,500,71.1,17,187,60.3,34.9,23,66,126,66.8,19,72.5,89.9,48.8
15242,6E,3min,reversal_to_open,20.052,3.84,2787,2024-04-29,81.8,24,79.1,23,77.0,23,74.3,22,73.3,22,500,81.8,24,187,69.8,26.2,31,72,126,77.0,29,80.8,27.6,35.0
28086,6E,3min,reversal_to_open,19.9785,2.972,3604,2024-04-29,75.9,23,75.9,23,75.9,23,75.9,23,75.9,23,500,75.9,23,187,70.6,23.0,30,54,126,73.8,24,78.9,80.9,47.5
32390,6E,3min,reversal_to_open,19.9511,4.359,2013,2024-04-29,80.2,40,74.3,39,71.7,36,71.7,33,70.6,32,500,80.2,40,187,63.5,30.2,74,199,126,73.5,50,78.0,21.4,29.8
43394,6E,3min,reversal_to_open,19.9157,2.971,3677,2024-04-29,77.5,22,77.0,22,77.0,22,77.0,22,77.0,22,500,77.5,22,187,74.6,18.3,36,93,126,76.4,24,76.0,85.9,48.3
35258,6E,3min,reversal_to_open,19.8607,3.166,2511,2024-04-29,74.3,40,65.8,39,68.4,40,65.8,38,64.7,40,500,74.3,40,187,78.6,19.8,31,61,126,76.0,36,76.0,33.1,35.6
35450,6E,3min,reversal_to_open,19.8336,2.986,2634,2024-04-29,88.2,31,85.6,31,85.0,31,85.0,31,85.0,31,500,88.2,31,187,81.0,12.7,37,72,126,85.3,32,87.2,79.8,47.1
39163,FDXM,5min,opposite_level,51.5808,7.624,3471,2024-03-28,95.2,16,89.9,15,82.4,15,84.0,15,84.0,12,500,95.2,16,188,93.6,4.8,16,36,125,94.6,16,88.5,13.6,2.3
10335,FDXM,5min,opposite_level,51.4263,8.379,3648,2024-03-28,95.7,11,92.0,11,89.4,11,89.4,11,89.9,11,500,95.7,11,188,88.8,11.2,11,25,125,93.0,11,93.6,51.8,3.9
12811,FDXM,5min,opposite_level,50.7635,7.126,4267,2024-03-28,93.6,10,89.9,9,88.3,10,87.2,9,86.2,9,500,93.6,10,188,92.0,7.2,10,23,125,93.0,10,92.3,26.4,3.1
31511,FDXM,3min,opposite_level,50.3497,7.278,3537,2024-03-28,97.9,15,96.8,12,92.0,11,89.9,11,89.9,11,500,97.9,15,188,94.4,4.0,15,29,125,96.5,15,89.8,9.7,2.0
29219,FDXM,5min,reversal_to_open,50.0657,6.767,7517,2024-03-28,91.0,10,87.2,9,83.5,9,82.4,9,81.9,9,500,91.0,10,188,92.0,8.0,8,16,125,91.4,9,89.8,17.5,2.7
4959,FDXM,3min,opposite_level,49.684,8.332,2437,2024-03-28,99.5,10,97.9,10,96.8,10,92.6,9,92.6,9,500,99.5,10,188,96.0,3.2,10,22,125,98.1,10,91.7,18.0,2.6
15435,FDXM,3min,reversal_to_open,47.3475,7.272,3454,2024-03-28,86.2,24,77.1,19,76.6,19,76.1,17,76.1,17,500,86.2,24,188,88.0,10.4,23,39,125,86.9,23,85.3,12.3,2.4
2007,FDXM,3min,opposite_level,45.3313,7.776,1522,2024-03-28,98.9,12,97.9,11,96.8,11,96.3,11,96.8,11,500,98.9,12,188,96.8,1.6,12,23,125,98.1,12,89.8,37.1,3.4
11167,FDXM,5min,reversal_to_open,44.6498,7.074,6492,2024-03-28,91.5,11,84.6,10,82.4,10,80.3,10,80.3,10,500,91.5,11,188,85.6,14.4,11,22,125,89.1,11,90.7,52.4,3.9
6967,FDXM,5min,opposite_level,43.6834,6.5,3635,2024-03-28,92.0,12,90.4,11,86.7,11,85.6,11,85.1,11,500,92.0,12,188,85.6,12.8,11,19,125,89.5,11,91.1,23.4,3.0
33003,MNQ,5min,opposite_level,43.3627,5.753,4201,2024-04-22,66.8,19,62.6,19,60.4,18,58.3,18,57.8,18,500,66.8,19,187,59.5,38.1,19,43,126,63.9,19,72.2,22.6,26.9
35107,FDXM,3min,opposite_level,43.36,6.427,2414,2024-03-28,98.9,16,94.1,15,92.6,12,88.8,12,86.2,12,500,98.9,16,188,96.0,3.2,15,29,125,97.8,16,95.5,10.1,2.3
9807,FDXM,5min,reversal_to_open,43.0716,6.77,2648,2024-03-28,97.9,12,95.7,11,93.1,10,92.6,10,92.0,10,500,97.9,12,188,98.4,0.0,11,22,125,98.1,12,83.1,15.3,2.6
10459,FDXM,5min,reversal_to_open,42.6939,7.623,1183,2024-03-28,100.0,25,100.0,22,100.0,18,99.5,17,98.4,17,1000,100.0,18,188,96.8,0.0,18,32,125,98.7,18,80.8,19.5,3.0
1459,FDXM,3min,opposite_level,42.5678,6.713,3662,2024-03-28,94.1,11,88.8,10,85.1,10,85.6,10,84.6,10,500,94.1,11,188,84.0,16.0,11,24,125,90.1,11,92.0,39.2,3.6
22859,FDXM,3min,reversal_to_open,42.4947,7.95,3975,2024-03-28,86.7,22,75.0,17,70.7,17,69.7,17,70.7,17,500,86.7,22,188,88.0,10.4,17,37,125,87.2,18,89.1,16.9,2.6
14819,FDXM,3min,opposite_level,42.4163,6.212,2595,2024-03-28,97.9,16,95.2,12,95.2,12,94.1,12,94.7,12,500,97.9,16,187,92.8,5.6,17,30,125,95.8,16,94.9,39.8,3.4
22939,FDXM,3min,reversal_to_open,41.5741,7.78,2738,2024-03-28,85.0,26,79.1,24,75.4,23,76.5,19,75.9,19,500,85.0,26,187,89.6,7.2,25,53,125,86.9,26,89.7,12.3,2.1
20063,FDXM,3min,opposite_level,41.035,8.118,3046,2024-03-28,95.7,19,85.6,18,80.9,17,79.8,17,79.8,17,500,95.7,19,188,90.4,8.8,18,39,125,93.6,19,93.0,15.3,2.6
42339,FDXM,5min,reversal_to_open,40.6075,8.094,2365,2024-03-28,100.0,16,98.9,15,98.9,11,94.1,11,92.0,11,500,100.0,16,188,96.8,0.0,15,30,125,98.7,16,77.3,13.1,2.2
16387,MNQ,5min,opposite_level,40.4474,5.284,6721,2024-04-22,70.1,12,63.6,12,62.6,11,59.4,11,59.4,10,500,70.1,12,187,63.5,34.9,15,33,126,67.4,15,72.8,14.7,23.2
9699,FDXM,3min,opposite_level,40.2997,7.228,1210,2024-03-28,100.0,18,100.0,16,100.0,15,98.9,11,97.9,11,1000,100.0,15,188,96.8,1.6,16,24,125,98.7,15,93.6,37.8,3.5
20175,FDXM,3min,reversal_to_open,40.2861,6.755,1190,2024-03-28,99.5,18,98.9,17,97.3,17,96.8,16,96.8,16,500,99.5,18,188,96.8,0.8,18,39,125,98.4,18,81.5,24.4,3.0
20711,FDXM,3min,opposite_level,40.2141,5.583,4041,2024-03-28,97.9,11,96.3,10,94.7,10,94.7,10,93.6,10,500,97.9,11,188,94.4,5.6,11,24,125,96.5,11,95.8,24.1,2.9
4071,FDXM,5min,opposite_level,40.0468,5.722,7359,2024-03-28,89.4,10,82.4,10,77.1,9,76.6,9,76.1,9,500,89.4,10,188,84.0,16.0,10,19,125,87.2,10,87.5,5.2,1.9
42047,FDXM,3min,reversal_to_open,39.8309,6.541,4259,2024-03-28,94.1,12,91.0,12,85.6,11,85.1,11,84.6,11,500,94.1,12,188,93.6,6.4,12,24,125,93.9,12,93.3,58.7,4.1
19539,MNQ,5min,reversal_to_open,39.728,6.975,1240,2024-04-22,98.9,24,96.8,23,94.7,18,91.4,18,90.9,17,500,98.9,24,187,93.7,4.0,24,51,126,96.8,24,88.8,3.1,14.7
26959,FDXM,5min,opposite_level,39.563,7.667,2271,2024-03-28,95.7,18,93.1,18,92.0,18,90.4,18,90.4,18,500,95.7,18,188,95.2,4.8,15,32,125,95.5,16,95.8,64.4,4.2
10223,FDXM,5min,opposite_level,39.3895,6.876,2263,2024-03-28,98.4,12,97.9,11,95.7,11,93.6,11,92.6,11,500,98.4,12,188,96.8,2.4,12,24,125,97.8,12,91.7,14.1,2.5
9303,FDXM,3min,opposite_level,39.2484,5.914,3042,2024-03-28,97.3,10,92.6,9,91.0,9,90.4,9,87.8,9,500,97.3,10,188,92.8,7.2,10,18,125,95.5,10,93.6,21.2,2.9
20167,FDXM,3min,reversal_to_open,39.0887,7.204,2850,2024-03-28,94.7,22,92.6,17,91.5,17,91.0,17,91.0,17,500,94.7,22,188,89.6,8.0,18,32,125,92.7,18,94.6,73.0,4.5
24523,FDXM,5min,opposite_level,38.2856,5.974,4480,2024-03-28,93.1,12,89.4,11,86.7,11,86.7,11,86.7,11,500,93.1,12,188,86.4,12.0,12,26,125,90.4,12,92.7,60.7,4.2
30959,MNQ,5min,reversal_to_open,38.2083,5.86,3448,2024-04-22,92.0,22,85.0,19,79.7,18,78.1,18,77.5,18,500,92.0,22,187,89.7,7.1,18,38,126,91.1,18,88.5,0.0,6.8
7307,MNQ,5min,opposite_level,38.1028,8.019,2273,2024-04-22,84.0,29,79.1,25,77.5,24,73.8,24,72.7,24,500,84.0,29,187,69.0,28.6,37,128,126,78.0,30,85.0,2.6,9.6
7579,FDXM,5min,opposite_level,37.9031,5.695,3509,2024-03-28,86.2,16,80.9,15,79.3,15,79.3,11,78.7,15,500,86.2,16,188,80.8,17.6,15,24,125,84.0,16,87.2,26.6,3.2
17723,FDXM,5min,opposite_level,37.8749,7.533,3222,2024-03-28,91.5,17,89.9,16,83.5,16,82.4,16,82.4,16,500,91.5,17,188,91.2,8.0,16,26,125,91.4,16,93.3,65.6,4.3
13679,FDXM,5min,reversal_to_open,37.8094,6.885,1163,2024-03-28,100.0,30,100.0,24,100.0,22,98.9,19,97.9,18,1000,100.0,22,188,96.8,1.6,18,33,125,98.7,19,86.9,22.2,2.9
12259,FDXM,5min,opposite_level,37.7527,10.048,758,2024-03-28,99.5,54,93.6,51,92.0,44,88.3,44,88.3,43,500,99.5,54,188,93.6,0.8,52,86,125,97.1,53,91.4,1.6,1.7
33275,FDXM,3min,reversal_to_open,37.7453,4.928,7483,2024-03-28,92.6,9,89.4,9,88.3,9,86.7,9,87.2,9,500,92.6,9,188,77.6,22.4,9,19,125,86.6,9,88.5,37.2,3.4
34963,FDXM,5min,reversal_to_open,37.5504,5.679,3636,2024-03-28,89.4,17,84.6,15,81.4,15,80.9,15,80.3,15,500,89.4,17,188,90.4,8.0,12,26,125,89.8,15,90.1,21.1,3.0
26379,FDXM,3min,reversal_to_open,37.4389,7.251,2411,2024-03-28,69.7,46,63.8,36,62.8,36,61.7,33,61.7,29,500,69.7,46,188,80.0,19.2,36,85,125,73.8,39,77.0,24.0,3.0
33035,MNQ,5min,reversal_to_open,37.4105,5.745,3092,2024-04-22,92.0,15,80.7,12,79.7,12,70.6,12,70.1,12,500,92.0,15,187,84.1,12.7,11,25,126,88.8,15,89.5,2.4,16.1
42467,MNQ,3min,reversal_to_open,37.3371,5.579,4633,2024-04-22,75.4,17,70.6,16,69.0,15,67.9,15,68.4,12,500,75.4,17,187,69.0,28.6,16,39,126,72.8,17,79.6,22.4,27.9
29723,MNQ,3min,opposite_level,37.3103,5.463,3725,2024-04-22,73.3,19,70.6,19,61.5,18,61.5,18,61.5,17,500,73.3,19,187,63.5,34.9,18,66,126,69.3,18,75.7,11.6,23.9
35819,FDXM,3min,opposite_level,37.2973,7.185,2384,2024-03-28,92.6,17,90.4,15,88.8,12,88.3,12,87.2,12,500,92.6,17,188,96.0,3.2,17,29,125,93.9,17,94.9,53.5,4.0
18867,MNQ,5min,opposite_level,37.2389,5.516,2477,2024-04-22,88.8,17,81.3,17,79.7,16,68.4,16,67.4,15,500,88.8,17,187,81.7,17.5,12,30,126,85.9,16,86.6,0.4,13.9
37479,FDXM,5min,reversal_to_open,37.2272,7.2,1426,2024-03-28,91.5,45,88.8,38,84.0,37,84.0,32,83.5,37,500,91.5,45,188,88.0,6.4,50,80,125,90.1,46,90.7,13.6,2.2
13567,FDXM,5min,opposite_level,37.1805,7.365,819,2024-03-28,100.0,31,100.0,25,98.4,23,97.9,22,97.3,18,750,100.0,25,188,93.6,0.8,36,64,125,97.4,29,83.4,25.5,2.9
40355,MNQ,5min,opposite_level,37.1786,6.169,1237,2024-04-22,90.4,26,84.5,24,80.2,24,74.9,24,74.3,22,500,90.4,26,187,81.0,16.7,26,43,126,86.6,26,91.1,20.7,27.5
45215,FDXM,5min,reversal_to_open,37.1322,5.285,3069,2024-03-28,95.2,15,93.1,15,92.6,12,92.0,12,92.6,12,500,95.2,15,188,92.0,7.2,12,33,125,93.9,15,86.3,19.9,2.8
18019,6E,5min,reversal_to_open,37.0094,6.39,791,2024-04-29,100.0,57,97.9,50,92.5,46,92.0,46,92.0,47,500,100.0,57,187,90.5,3.2,60,122,126,96.2,57,80.8,17.8,31.7
3459,FDXM,5min,opposite_level,36.9177,5.834,4268,2024-03-28,97.9,11,96.8,10,94.1,10,90.4,10,90.4,10,500,97.9,11,188,92.0,8.0,11,19,125,95.5,11,95.2,37.5,3.3
303,FDXM,5min,reversal_to_open,36.6342,6.196,3653,2024-03-28,96.3,18,91.5,17,85.6,17,83.5,15,83.0,15,500,96.3,18,188,88.8,9.6,16,32,125,93.3,17,90.7,5.8,1.9
40447,FDXM,5min,opposite_level,36.5148,5.723,3604,2024-03-28,91.0,15,86.2,12,79.3,12,79.3,12,79.8,12,500,91.0,15,188,82.4,16.8,15,26,125,87.5,15,87.5,6.4,2.1
10643,FDXM,5min,reversal_to_open,36.4766,6.95,1222,2024-03-28,100.0,24,99.5,22,99.5,18,99.5,17,98.4,16,500,100.0,24,188,97.6,0.0,18,39,125,99.0,23,64.9,3.8,1.7
41015,FDXM,5min,reversal_to_open,36.4396,5.872,3186,2024-03-28,97.3,11,95.2,11,92.6,11,90.4,10,90.4,10,500,97.3,11,188,89.6,8.8,11,22,125,94.2,11,91.1,35.7,3.3
10359,FDXM,3min,opposite_level,36.4049,4.703,6706,2024-03-28,89.9,16,87.2,12,84.6,12,82.4,12,83.5,12,500,89.9,16,188,84.0,15.2,16,25,125,87.5,16,90.1,29.0,3.0
33771,FDXM,5min,opposite_level,36.3926,6.686,1217,2024-03-28,98.9,16,98.4,15,97.9,12,97.3,12,96.8,12,500,98.9,16,188,100.0,0.0,16,30,125,99.4,16,74.1,15.2,2.6
33151,FDXM,5min,opposite_level,36.3147,5.936,3795,2024-03-28,94.1,16,89.9,16,89.4,15,88.8,11,88.8,15,500,94.1,16,188,88.8,10.4,15,30,125,92.0,16,88.5,17.6,2.6
17819,6E,5min,reversal_to_open,36.3021,5.581,4423,2024-04-29,96.3,12,93.0,11,93.0,11,93.0,11,93.0,11,500,96.3,12,187,98.4,0.8,11,23,126,97.1,11,94.2,79.8,46.9
36267,MNQ,5min,opposite_level,36.1859,5.583,2477,2024-04-22,88.2,18,77.0,17,76.5,17,69.5,17,68.4,16,500,88.2,18,187,77.0,21.4,17,31,126,83.7,18,86.6,2.8,16.6
6907,FDXM,5min,opposite_level,36.1772,5.853,2278,2024-03-28,91.5,18,89.4,16,89.9,16,89.4,17,87.2,16,500,91.5,18,188,89.6,8.8,17,32,125,90.7,18,92.7,55.9,4.1
30035,FDXM,3min,opposite_level,36.1483,5.333,5532,2024-03-28,88.3,10,83.0,10,80.3,10,79.8,10,79.8,10,500,88.3,10,188,86.4,13.6,10,19,125,87.5,10,89.1,50.8,3.9
40899,MNQ,5min,opposite_level,36.1304,5.614,1519,2024-04-22,100.0,22,96.3,18,89.8,17,86.6,17,86.6,16,500,100.0,22,187,97.6,1.6,19,65,126,99.0,22,78.9,2.3,9.9
32179,6E,5min,reversal_to_open,35.964,5.296,3412,2024-04-29,92.0,17,90.4,16,89.3,16,89.3,16,89.3,16,500,92.0,17,187,92.1,4.8,18,31,126,92.0,17,92.7,73.7,46.1
35939,MNQ,5min,opposite_level,35.9104,5.331,2473,2024-04-22,86.1,19,76.5,17,75.4,17,66.8,16,65.8,17,500,86.1,19,187,78.6,19.0,17,43,126,83.1,17,86.3,2.8,16.6
13559,FDXM,3min,opposite_level,35.8214,5.618,5653,2024-03-28,86.7,11,80.9,10,79.8,10,78.2,10,78.7,10,500,86.7,11,188,85.6,14.4,11,19,125,86.3,11,87.5,47.9,3.8
35935,MNQ,5min,opposite_level,35.744,6.092,1239,2024-04-22,95.2,17,90.9,17,85.6,17,82.9,16,82.4,16,500,95.2,17,187,90.5,7.1,22,38,126,93.3,19,91.4,3.1,17.0
40615,FDXM,5min,opposite_level,35.715,5.748,4314,2024-03-28,84.6,17,78.2,17,75.0,16,73.9,15,72.9,15,500,84.6,17,188,84.0,15.2,17,33,125,84.3,17,84.0,6.2,2.0
29743,MNQ,5min,opposite_level,35.6581,5.071,4335,2024-04-22,67.9,18,62.6,17,59.4,17,57.8,17,57.2,16,500,67.9,18,187,57.9,40.5,24,39,126,63.9,19,70.3,18.8,26.7
21015,6E,5min,reversal_to_open,35.5834,5.631,2402,2024-04-29,99.5,18,93.6,17,92.0,16,88.2,15,87.2,15,500,99.5,18,187,92.1,5.6,23,39,126,96.5,22,78.3,7.5,26.7
38095,6E,5min,reversal_to_open,35.5681,6.007,2152,2024-04-29,99.5,16,98.9,15,98.4,15,98.9,15,97.3,15,500,99.5,16,187,96.0,0.0,16,29,126,98.1,16,73.5,17.8,30.8
40939,MNQ,5min,reversal_to_open,35.4925,5.104,3115,2024-04-22,86.1,29,77.0,29,69.0,25,65.8,25,63.1,25,500,86.1,29,187,80.2,15.1,30,68,126,83.7,30,86.6,0.1,6.3
20395,6E,5min,reversal_to_open,35.3111,5.967,5903,2024-04-29,92.0,16,86.6,12,83.4,12,82.9,12,82.4,12,500,92.0,16,187,89.7,7.9,12,30,126,91.1,16,88.2,10.4,27.2
8243,MNQ,5min,opposite_level,35.2098,4.614,6097,2024-04-22,67.9,15,61.5,15,61.5,15,59.9,12,59.9,12,500,67.9,15,187,58.7,39.7,11,26,126,64.2,12,70.0,7.2,20.1
33543,FDXM,5min,reversal_to_open,35.1374,6.926,1178,2024-03-28,100.0,38,98.4,38,97.3,36,94.1,36,93.6,36,500,100.0,38,188,95.2,1.6,38,85,125,98.1,38,80.8,7.6,2.4
25755,MNQ,3min,reversal_to_open,35.1185,7.639,975,2024-04-22,87.6,67,78.9,54,76.2,46,71.4,46,69.7,46,500,87.6,67,185,66.4,15.2,80,201,125,79.0,73,85.2,8.1,16.4
6555,MNQ,3min,opposite_level,35.1026,6.34,1541,2024-04-22,98.4,24,94.1,22,89.8,18,84.5,17,84.0,16,500,98.4,24,187,88.9,7.9,19,43,126,94.6,23,92.3,4.5,15.0
39943,FDXM,5min,opposite_level,35.0254,5.327,4480,2024-03-28,91.5,12,86.7,11,84.0,11,83.5,11,82.4,10,500,91.5,12,188,86.4,12.8,11,25,125,89.5,12,91.4,35.1,3.5
22415,FDXM,5min,opposite_level,34.8429,4.795,3943,2024-03-28,97.9,12,94.7,11,92.0,9,89.4,9,88.8,11,500,97.9,12,188,94.4,5.6,11,22,125,96.5,12,94.9,25.0,2.9
8931,FDXM,3min,opposite_level,34.7816,11.559,784,2024-03-28,93.6,54,92.5,53,89.3,52,88.2,53,88.2,52,500,93.6,54,187,85.5,3.2,68,120,124,90.4,61,92.3,3.2,1.9
43439,MNQ,5min,reversal_to_open,34.5171,4.937,4624,2024-04-22,91.4,12,85.0,11,79.7,11,77.0,10,76.5,10,500,91.4,12,187,85.7,11.9,12,23,126,89.1,12,87.9,0.8,12.5
40043,FDXM,3min,opposite_level,34.4544,8.971,679,2024-03-28,97.3,45,89.8,39,88.2,33,85.6,33,85.0,32,500,97.3,45,187,91.2,4.0,53,92,125,94.9,47,89.1,4.4,2.1
28983,FDXM,5min,reversal_to_open,34.403,5.624,2414,2024-03-28,91.0,23,90.4,19,89.4,18,89.4,18,89.4,18,500,91.0,23,188,88.8,8.8,18,33,125,90.1,19,92.0,64.1,4.3
14703,FDXM,3min,opposite_level,34.3827,6.414,2426,2024-03-28,87.2,16,84.0,16,83.0,15,80.3,15,80.3,15,500,87.2,16,188,92.0,6.4,16,26,125,89.1,16,91.4,45.3,3.8
42963,6E,5min,reversal_to_open,34.3726,5.114,7653,2024-04-29,92.5,9,90.4,9,90.4,9,90.4,9,90.4,9,500,92.5,9,187,88.9,9.5,9,17,126,91.1,9,88.8,35.4,37.1
32095,MNQ,5min,reversal_to_open,34.3475,5.254,4373,2024-04-22,72.7,19,64.7,17,60.4,17,56.7,17,56.7,16,500,72.7,19,187,79.4,19.0,17,33,126,75.4,17,77.3,10.0,21.2
23795,FDXM,3min,reversal_to_open,34.3355,5.172,3379,2024-03-28,98.4,15,97.3,11,95.7,11,94.7,11,93.6,11,500,98.4,15,188,96.0,3.2,10,22,125,97.4,11,94.9,59.4,4.0
16631,FDXM,5min,reversal_to_open,34.029,5.788,3560,2024-03-28,93.1,19,90.4,17,86.7,17,86.2,16,85.1,16,500,93.1,19,188,93.6,4.8,16,31,125,93.3,17,89.8,7.2,2.0
37867,FDXM,5min,reversal_to_open,33.9936,6.039,1586,2024-03-28,95.7,31,91.4,29,86.1,29,86.6,30,86.6,26,500,95.7,31,187,92.8,3.2,29,50,125,94.6,30,83.3,4.0,2.0
37343,FDXM,5min,opposite_level,33.9757,5.52,3172,2024-03-28,98.4,12,97.3,11,94.7,11,93.0,11,91.4,11,500,98.4,12,187,94.4,4.0,11,23,125,96.8,12,92.0,19.2,2.7
41243,FDXM,3min,reversal_to_open,33.7684,5.037,6046,2024-03-28,80.9,16,74.5,15,73.9,15,73.9,12,73.4,15,500,80.9,16,188,79.2,19.2,16,29,125,80.2,16,83.4,51.8,4.0
37367,MNQ,5min,reversal_to_open,33.7635,4.919,2927,2024-04-22,84.5,16,80.2,12,76.5,11,73.8,11,73.8,11,500,84.5,16,187,84.1,13.5,18,31,126,84.3,17,86.6,12.1,21.1
16883,FDXM,3min,reversal_to_open,33.6728,6.506,1038,2024-03-28,98.4,40,93.6,38,90.9,36,89.8,32,88.8,33,500,98.4,40,187,92.8,0.8,43,85,125,96.2,43,83.3,6.9,2.3
17315,FDXM,5min,opposite_level,33.652,5.012,4485,2024-03-28,85.6,12,83.5,11,74.5,10,73.4,10,73.4,10,500,85.6,12,188,79.2,20.0,10,19,125,83.1,11,86.3,35.8,3.5
9651,FDXM,5min,reversal_to_open,33.6037,5.665,1817,2024-03-28,94.1,25,92.6,24,93.1,24,91.5,23,91.5,23,500,94.1,25,188,81.6,9.6,32,99,125,89.1,29,88.2,37.0,3.5
17527,FDXM,3min,reversal_to_open,33.5951,5.454,3145,2024-03-28,58.5,37,53.7,36,53.2,37,54.3,36,54.8,36,500,58.5,37,188,60.8,36.8,37,73,125,59.4,37,69.0,29.4,3.2
34679,FDXM,5min,reversal_to_open,33.4646,5.861,2396,2024-03-28,91.5,22,89.9,22,88.3,22,87.2,22,87.2,22,500,91.5,22,188,91.2,6.4,18,33,125,91.4,19,92.7,57.4,4.1
40415,MNQ,3min,reversal_to_open,33.4243,4.894,5831,2024-04-22,71.7,16,64.7,16,61.5,15,59.9,15,60.4,12,500,71.7,16,187,64.3,33.3,18,37,126,68.7,17,74.8,24.9,28.4
1623,FDXM,3min,opposite_level,33.353,4.776,3610,2024-03-28,93.1,15,91.0,15,87.8,11,85.6,11,85.6,11,500,93.1,15,188,79.2,19.2,11,29,125,87.5,15,89.8,49.3,3.8
43287,MNQ,3min,opposite_level,33.3441,4.842,3675,2024-04-22,70.6,22,65.2,19,59.9,17,56.7,17,56.7,17,500,70.6,22,187,61.9,36.5,22,43,126,67.1,22,74.1,5.7,19.8
1775,MNQ,3min,reversal_to_open,33.2829,6.715,2394,2024-04-22,89.3,30,81.3,30,74.3,25,71.1,24,70.6,23,500,89.3,30,187,84.1,11.9,25,66,126,87.2,26,88.5,0.0,8.5
34739,MNQ,5min,opposite_level,33.2716,5.241,3134,2024-04-22,85.6,26,80.7,25,68.4,22,65.2,22,64.7,22,500,85.6,26,187,72.2,25.4,19,39,126,80.2,22,83.4,0.1,8.4
36255,FDXM,5min,opposite_level,33.2363,6.64,1169,2024-03-28,100.0,23,100.0,18,99.5,16,97.3,16,97.3,15,750,100.0,18,188,95.2,0.0,18,32,125,98.1,18,89.5,35.0,3.3
715,FDXM,3min,opposite_level,33.0756,5.058,6040,2024-03-28,86.7,12,81.9,11,78.2,11,77.7,11,77.7,11,500,86.7,12,188,75.2,24.0,12,23,125,82.1,12,84.7,53.1,4.0
14795,6E,5min,opposite_level,32.9921,4.723,6092,2024-04-29,83.4,10,79.7,9,78.6,9,78.6,9,78.6,9,500,83.4,10,187,82.5,16.7,10,23,126,83.1,10,86.6,45.2,40.4
36611,FDXM,3min,reversal_to_open,32.9275,5.428,3012,2024-03-28,82.9,31,77.0,26,77.5,26,75.9,25,74.9,25,500,82.9,31,187,80.8,16.8,31,67,125,82.1,31,86.5,11.8,2.1
27715,6E,5min,opposite_level,32.7607,5.441,3646,2024-04-29,92.5,10,92.5,10,88.8,10,88.8,10,88.8,10,500,92.5,10,187,92.9,6.3,10,24,126,92.7,10,93.3,56.9,42.9
19391,FDXM,3min,opposite_level,32.7294,7.75,1812,2024-03-28,94.7,22,92.0,19,91.0,18,85.6,17,85.6,17,500,94.7,22,188,96.8,2.4,24,47,125,95.5,22,94.6,15.6,2.6
44487,FDXM,3min,reversal_to_open,32.709,6.128,1223,2024-03-28,97.9,24,96.3,23,95.7,23,95.7,23,95.7,23,500,97.9,24,188,96.0,3.2,23,46,125,97.1,24,95.8,68.3,4.4
45227,FDXM,3min,opposite_level,32.7081,6.994,1218,2024-03-28,97.3,19,96.3,17,95.7,17,95.7,17,95.7,17,500,97.3,19,188,95.2,1.6,19,36,125,96.5,19,93.9,57.1,4.1
35579,FDXM,5min,reversal_to_open,32.6969,5.128,3624,2024-03-28,92.6,15,89.9,11,85.1,11,84.0,11,83.0,11,500,92.6,15,188,80.8,16.0,15,29,125,87.9,15,88.5,21.2,3.0
13995,MNQ,5min,opposite_level,32.6077,4.335,5046,2024-04-22,68.4,19,59.9,17,56.7,17,54.5,17,54.5,17,500,68.4,19,187,67.5,31.7,23,50,126,68.1,22,73.5,16.1,24.4
39267,FDXM,5min,opposite_level,32.3918,6.588,1188,2024-03-28,97.3,19,96.8,19,96.8,19,96.3,19,96.3,19,500,97.3,19,188,97.6,0.0,18,36,125,97.4,19,95.5,55.4,4.0
43707,FDXM,3min,reversal_to_open,32.3412,7.149,1439,2024-03-28,92.0,45,87.2,44,84.6,38,83.5,38,83.5,38,500,92.0,45,188,87.2,8.8,44,81,125,90.1,45,93.3,13.2,2.3
9355,FDXM,3min,opposite_level,32.2898,6.764,2938,2024-03-28,85.6,24,77.1,22,77.7,22,75.5,18,74.5,18,500,85.6,24,188,76.8,19.2,23,57,125,82.1,24,81.2,19.4,2.5
5475,FDXM,5min,opposite_level,32.186,5.436,3351,2024-03-28,85.1,18,85.1,18,81.9,18,81.9,18,81.9,18,500,85.1,18,188,76.8,20.8,19,38,125,81.8,19,87.9,73.7,4.5
45139,FDXM,3min,reversal_to_open,32.1114,5.973,2417,2024-03-28,97.3,22,93.6,19,89.9,16,86.2,16,83.0,16,500,97.3,22,188,93.6,4.8,18,30,125,95.8,19,90.7,12.2,2.4
29575,FDXM,3min,reversal_to_open,31.9698,6.538,1222,2024-03-28,98.9,22,98.4,18,98.4,17,97.9,17,97.3,17,500,98.9,22,188,94.4,1.6,24,44,125,97.1,23,87.2,30.9,3.1
29395,FDXM,5min,reversal_to_open,31.8589,4.807,4081,2024-03-28,89.9,12,86.2,11,83.5,11,83.0,11,81.9,11,500,89.9,12,188,87.2,8.8,11,23,125,88.8,12,87.9,23.6,2.9
25039,MNQ,5min,opposite_level,31.8242,4.282,4307,2024-04-22,91.4,12,82.4,11,74.9,10,71.1,10,71.7,10,500,91.4,12,187,87.3,11.9,11,22,126,89.8,11,91.1,1.7,12.7
43031,6E,5min,reversal_to_open,31.8148,4.929,3714,2024-04-29,94.1,16,91.4,16,89.8,16,89.8,16,89.8,16,500,94.1,16,187,96.0,3.2,15,30,126,94.9,16,94.6,77.3,46.8
29855,MNQ,3min,opposite_level,31.8114,5.553,1543,2024-04-22,94.7,17,89.3,17,84.0,16,81.3,15,79.7,15,500,94.7,17,187,92.9,4.0,17,43,126,93.9,17,94.9,3.6,18.3
11611,FDXM,5min,reversal_to_open,31.7837,4.652,5917,2024-03-28,92.0,18,84.6,17,81.9,17,78.7,16,77.7,16,500,92.0,18,188,85.6,12.8,17,36,125,89.5,18,90.1,19.7,2.4
25435,6E,5min,reversal_to_open,31.6701,5.231,2994,2024-04-29,98.4,16,96.3,15,94.7,15,94.7,12,94.7,12,500,98.4,16,187,96.0,2.4,16,29,126,97.4,16,81.2,19.7,31.3
395,FDXM,5min,opposite_level,31.6481,5.276,3065,2024-03-28,92.0,16,88.8,16,84.6,15,81.9,15,81.4,15,500,92.0,16,188,81.6,16.0,17,37,125,87.9,16,87.9,20.1,2.6
11587,FDXM,3min,opposite_level,31.6245,5.869,2935,2024-03-28,89.9,23,89.4,23,87.8,23,87.2,22,86.7,22,500,89.9,23,188,83.2,15.2,22,44,125,87.2,22,91.7,84.0,4.7
34299,MNQ,3min,opposite_level,31.5002,4.734,2200,2024-04-22,82.9,19,77.5,18,75.9,17,68.4,15,66.3,15,500,82.9,19,187,83.3,14.3,24,46,126,83.1,22,87.2,4.5,15.0
36495,MNQ,5min,opposite_level,31.4008,5.122,2659,2024-04-22,81.3,36,74.3,31,65.8,32,62.6,31,61.5,31,500,81.3,36,187,65.9,30.2,29,95,126,75.1,33,83.7,0.3,6.7
8191,FDXM,5min,reversal_to_open,31.2902,6.701,2468,2024-03-28,73.4,36,71.8,31,72.9,31,71.8,31,71.3,31,500,73.4,36,188,75.2,21.6,46,81,125,74.1,38,80.8,21.6,2.6
21663,6E,5min,reversal_to_open,31.0819,4.909,2322,2024-04-29,96.8,17,94.7,18,94.7,17,94.7,17,94.7,17,500,96.8,17,187,96.0,1.6,18,32,126,96.5,18,94.2,74.7,46.5
14267,6E,5min,reversal_to_open,30.9291,4.974,3629,2024-04-29,95.2,17,87.7,16,84.0,16,85.0,15,85.6,15,500,95.2,17,187,92.9,5.6,16,36,126,94.2,17,88.2,6.2,24.8
3203,MNQ,3min,opposite_level,30.9284,4.956,2445,2024-04-22,94.1,16,85.6,15,81.3,15,67.4,12,67.9,12,500,94.1,16,187,86.5,10.3,16,26,126,91.1,16,90.7,0.3,12.2
15135,6E,5min,opposite_level,30.8166,4.977,2357,2024-04-29,95.2,16,91.4,15,90.4,15,89.3,15,89.3,15,500,95.2,16,187,92.9,6.3,12,29,126,94.2,15,93.9,57.0,43.4
33299,FDXM,3min,reversal_to_open,30.7591,6.443,698,2024-03-28,98.4,78,95.7,71,95.7,64,93.0,66,92.5,61,500,98.4,78,187,93.5,0.0,67,148,124,96.5,73,92.9,8.5,2.0
31255,FDXM,3min,opposite_level,30.7494,6.345,1009,2024-03-28,99.5,24,96.8,19,96.3,17,95.7,17,95.2,17,500,99.5,24,188,97.6,0.0,22,33,125,98.7,23,67.7,11.0,2.4
39475,FDXM,3min,reversal_to_open,30.7487,5.027,6022,2024-03-28,87.2,16,84.0,15,80.9,15,80.9,12,80.9,15,500,87.2,16,188,84.8,13.6,12,25,125,86.3,12,88.8,69.8,4.4
22579,MNQ,3min,opposite_level,30.6743,4.404,3648,2024-04-22,79.7,16,78.1,17,67.4,16,64.7,16,64.2,16,500,79.7,16,187,75.4,23.8,16,31,126,78.0,16,83.7,1.1,9.7
33063,MNQ,5min,reversal_to_open,30.6422,4.579,6189,2024-04-22,76.5,12,66.8,12,65.2,12,62.6,16,61.0,12,500,76.5,12,187,66.7,31.0,12,32,126,72.5,12,78.9,7.2,20.6
37415,FDXM,3min,opposite_level,30.603,5.377,1327,2024-03-28,100.0,22,96.3,17,95.2,16,93.6,16,92.6,15,500,100.0,22,188,97.6,0.8,19,33,125,99.0,19,80.5,11.8,2.4
30671,FDXM,3min,reversal_to_open,30.5938,5.453,3646,2024-03-28,84.0,16,77.1,16,75.0,16,74.5,16,74.5,16,500,84.0,16,188,81.6,16.8,16,30,125,83.1,16,86.6,48.1,3.9
6407,MNQ,5min,opposite_level,30.5786,4.824,1550,2024-04-22,96.3,19,90.9,19,84.5,18,79.7,17,79.1,17,500,96.3,19,187,92.9,5.6,17,33,126,94.9,18,92.0,1.4,14.2
14551,6E,5min,reversal_to_open,30.5726,5.054,3096,2024-04-29,97.3,15,96.8,15,96.3,15,96.3,15,96.3,15,500,97.3,15,187,97.6,1.6,12,24,126,97.4,12,96.2,80.3,47.3
44575,6E,5min,opposite_level,30.5609,6.619,1114,2024-04-29,96.8,47,83.4,40,80.7,38,79.7,33,81.8,33,500,96.8,47,187,80.8,7.2,67,145,125,90.4,57,81.1,13.4,26.1
9039,FDXM,5min,reversal_to_open,30.5378,4.046,9139,2024-03-28,83.5,11,80.3,11,79.3,11,78.2,11,77.7,11,500,83.5,11,188,85.6,12.8,15,30,125,84.3,11,87.2,34.2,3.5
45247,FDXM,5min,opposite_level,30.5254,5.537,1331,2024-03-28,100.0,19,98.9,17,98.4,16,97.3,15,96.8,15,500,100.0,19,188,98.4,0.0,19,39,125,99.4,19,64.2,7.1,2.1
37703,6E,5min,reversal_to_open,30.509,6.915,699,2024-04-29,97.3,59,96.3,57,95.2,50,95.2,50,95.2,50,500,97.3,59,187,90.4,3.2,57,130,125,94.6,58,85.9,19.3,32.7
17227,MNQ,5min,reversal_to_open,30.5078,6.701,1501,2024-04-22,87.2,52,76.5,50,73.8,50,70.1,44,68.4,40,500,87.2,52,187,72.2,19.0,66,141,126,81.2,57,88.2,3.3,10.3
19891,FDXM,3min,reversal_to_open,30.4731,5.105,2053,2024-03-28,88.2,26,85.6,24,83.4,23,82.9,23,83.4,23,500,88.2,26,187,88.0,5.6,26,80,125,88.1,26,87.5,17.5,2.9
35171,FDXM,5min,opposite_level,30.4505,5.412,2321,2024-03-28,95.2,16,89.4,16,88.3,15,86.7,15,84.0,12,500,95.2,16,188,90.4,8.8,16,40,125,93.3,16,85.0,10.9,2.2
8579,FDXM,5min,opposite_level,30.1853,4.308,3601,2024-03-28,89.4,15,85.6,15,84.0,15,84.0,15,84.6,15,500,89.4,15,188,80.8,18.4,15,24,125,85.9,15,87.5,44.8,3.8
45039,FDXM,5min,reversal_to_open,30.1476,4.483,5610,2024-03-28,79.8,18,73.9,18,72.3,17,69.7,17,69.1,17,500,79.8,18,188,83.2,16.0,16,37,125,81.2,17,85.3,13.9,2.6
24819,6E,5min,reversal_to_open,30.06,3.923,14317,2024-04-29,85.6,9,85.0,9,84.0,9,84.0,9,84.0,9,500,85.6,9,187,88.1,10.3,11,22,126,86.6,9,89.5,43.9,39.5
41823,6E,5min,opposite_level,29.9983,5.811,3089,2024-04-29,98.9,11,94.7,10,93.0,10,89.3,9,89.3,9,500,98.9,11,187,95.2,4.0,10,16,126,97.4,10,88.2,10.7,27.4
3303,FDXM,5min,reversal_to_open,29.974,4.483,2147,2024-03-28,94.1,19,92.0,18,92.0,17,91.5,17,91.5,17,500,94.1,19,188,90.4,7.2,18,38,125,92.7,19,88.8,31.6,3.4
2507,FDXM,3min,reversal_to_open,29.9669,5.427,2327,2024-03-28,89.9,19,87.2,18,86.2,18,81.9,18,80.3,18,500,89.9,19,188,92.0,7.2,16,32,125,90.7,18,91.1,42.6,3.7
12931,MNQ,5min,reversal_to_open,29.8919,4.679,4769,2024-04-22,74.3,17,67.4,16,64.7,16,62.0,15,63.1,15,500,74.3,17,187,72.2,25.4,16,43,126,73.5,17,81.2,6.2,19.2
16491,FDXM,5min,opposite_level,29.8914,4.719,2578,2024-03-28,92.0,18,91.0,18,89.9,17,89.9,18,89.4,18,500,92.0,18,188,88.0,11.2,22,45,125,90.4,18,86.9,32.4,3.4
6759,MNQ,5min,opposite_level,29.8837,4.987,3681,2024-04-22,83.4,19,78.6,18,69.0,18,66.3,18,65.8,16,500,83.4,19,187,75.4,23.0,18,47,126,80.2,19,83.4,0.7,10.7
4703,MNQ,3min,reversal_to_open,29.8198,5.009,1103,2024-04-22,84.5,43,76.5,38,72.2,32,66.8,30,64.7,31,500,84.5,43,187,68.3,27.0,44,102,126,78.0,43,83.7,6.5,20.6
37715,MNQ,3min,reversal_to_open,29.8002,5.354,1211,2024-04-22,100.0,29,96.3,25,94.7,24,91.4,22,89.8,22,500,100.0,29,187,96.8,0.0,29,50,126,98.7,29,76.4,0.0,8.7
33547,FDXM,3min,reversal_to_open,29.7538,5.97,3748,2024-03-28,80.3,25,68.1,24,66.0,22,66.0,19,67.0,22,500,80.3,25,188,80.0,18.4,24,46,125,80.2,25,82.7,7.5,2.1
20683,FDXM,5min,reversal_to_open,29.7403,5.065,2483,2024-03-28,97.3,17,95.7,16,94.1,15,94.1,15,94.1,15,500,97.3,17,188,97.6,2.4,15,25,125,97.4,16,86.6,35.1,3.6
26455,FDXM,3min,opposite_level,29.6045,4.518,3411,2024-03-28,89.4,16,85.1,16,79.8,16,79.3,15,79.3,12,500,89.4,16,188,80.8,18.4,17,38,125,85.9,17,87.2,21.6,2.7
15379,6E,5min,opposite_level,29.5923,4.804,2441,2024-04-29,95.7,15,92.0,11,92.0,11,90.4,11,90.4,11,500,95.7,15,187,92.1,6.3,11,25,126,94.2,15,87.2,30.1,36.3
29143,MNQ,5min,reversal_to_open,29.5891,4.271,3351,2024-04-22,86.6,16,82.9,16,79.7,16,75.9,16,74.3,15,500,86.6,16,187,82.5,14.3,17,31,126,85.0,16,89.5,11.4,21.0
20775,FDXM,5min,reversal_to_open,29.5833,6.747,1416,2024-03-28,97.9,39,94.7,37,91.5,36,85.1,31,85.1,31,500,97.9,39,188,89.6,5.6,32,81,125,94.6,38,85.0,3.8,1.8
19207,FDXM,5min,reversal_to_open,29.576,4.766,1935,2024-03-28,86.7,36,82.4,30,80.9,29,76.1,25,76.1,25,500,86.7,36,188,79.2,18.4,31,60,125,83.7,36,86.3,20.9,2.7
16047,MNQ,5min,reversal_to_open,29.5354,4.62,3088,2024-04-22,77.0,25,71.7,22,66.8,19,64.7,19,65.2,19,500,77.0,25,187,68.3,28.6,24,40,126,73.5,24,78.9,8.6,21.8
39583,MNQ,5min,opposite_level,29.4996,4.131,6182,2024-04-22,65.8,15,61.0,15,58.3,11,54.5,11,54.5,11,500,65.8,15,187,62.7,35.7,10,25,126,64.5,11,72.5,0.6,13.4
10775,MNQ,5min,opposite_level,29.4873,4.359,3712,2024-04-22,75.4,18,65.8,18,57.2,18,54.5,18,55.6,17,500,75.4,18,187,69.8,28.6,17,46,126,73.2,17,82.4,2.8,17.9
32659,FDXM,5min,reversal_to_open,29.4478,4.061,4003,2024-03-28,84.6,17,87.2,17,88.3,17,87.2,17,86.7,15,1000,88.3,17,188,76.0,20.8,17,43,125,83.4,17,86.3,80.6,4.7
6547,FDXM,3min,reversal_to_open,29.4086,5.369,2351,2024-03-28,80.9,36,68.6,31,71.3,32,68.6,31,70.2,29,500,80.9,36,188,81.6,16.0,31,75,125,81.2,32,84.7,11.3,2.1
42051,6E,5min,reversal_to_open,29.404,4.295,3666,2024-04-29,94.1,19,93.6,17,92.0,17,92.0,17,92.0,17,500,94.1,19,187,92.1,6.3,16,36,126,93.3,17,93.9,87.5,48.5
19023,FDXM,5min,reversal_to_open,29.4021,4.441,4044,2024-03-28,76.1,19,71.3,18,68.1,18,68.1,18,68.1,18,500,76.1,19,188,61.6,36.0,19,52,125,70.3,19,77.6,40.9,3.8
22731,FDXM,5min,reversal_to_open,29.3947,7.031,1302,2024-03-28,96.3,50,92.0,44,87.8,44,85.1,43,86.2,43,500,96.3,50,188,92.0,5.6,36,60,125,94.6,43,94.2,7.4,2.0
14091,6E,5min,reversal_to_open,29.3849,4.105,4806,2024-04-29,89.3,16,88.2,16,87.2,16,87.2,16,87.2,16,500,89.3,16,187,88.9,9.5,17,32,126,89.1,16,88.8,69.9,45.1
9907,FDXM,5min,opposite_level,29.3218,4.361,5838,2024-03-28,82.4,11,77.7,11,76.6,10,76.6,10,76.6,10,500,82.4,11,188,75.2,24.0,11,22,125,79.6,11,84.0,48.3,3.9
39111,6E,5min,opposite_level,29.3115,5.985,1624,2024-04-29,88.8,30,80.2,24,79.1,23,78.1,23,77.0,23,500,88.8,30,187,79.2,9.6,44,81,125,84.9,33,84.9,15.6,27.8
37787,6E,5min,reversal_to_open,29.2932,5.301,961,2024-04-29,100.0,32,98.9,26,97.3,25,97.3,23,97.3,25,500,100.0,32,187,92.9,0.0,37,60,126,97.1,33,60.1,23.0,33.9
32759,MNQ,3min,reversal_to_open,29.2535,4.707,5012,2024-04-22,63.1,22,58.8,19,56.1,17,55.1,17,52.9,17,500,63.1,22,187,51.6,46.0,23,44,126,58.5,22,66.1,34.6,32.3
43887,FDXM,5min,reversal_to_open,29.2224,5.818,1439,2024-03-28,96.3,40,94.7,36,93.6,36,93.6,36,93.6,36,500,96.3,40,188,96.8,2.4,38,65,125,96.5,40,86.6,16.7,2.7
43735,6E,5min,reversal_to_open,29.2213,5.224,2552,2024-04-29,93.6,23,91.4,22,88.2,19,87.7,19,87.2,19,500,93.6,23,187,76.2,17.5,32,61,126,86.6,26,89.5,17.9,31.1
35435,FDXM,3min,opposite_level,29.1775,5.073,2427,2024-03-28,94.7,17,90.4,16,89.9,15,88.8,15,87.2,11,500,94.7,17,188,86.4,12.8,18,38,125,91.4,17,91.1,37.2,3.3
11319,6E,5min,opposite_level,29.1715,5.731,1641,2024-04-29,99.5,23,97.3,23,95.7,23,95.2,19,95.2,19,500,99.5,23,187,95.2,3.2,23,40,125,97.8,23,92.6,31.7,36.0
22699,FDXM,5min,opposite_level,29.1616,6.452,1218,2024-03-28,97.9,18,97.9,15,97.9,15,96.3,12,96.3,12,750,97.9,15,188,92.8,4.0,16,33,125,95.8,15,80.5,42.4,3.4
29087,FDXM,3min,reversal_to_open,29.1308,5.469,702,2024-03-28,78.6,117,78.1,124,75.9,122,73.8,100,72.7,103,500,78.6,117,187,73.6,12.8,80,187,125,76.6,99,88.5,17.8,2.9
15107,MNQ,5min,opposite_level,29.1162,5.081,3284,2024-04-22,69.5,38,63.6,32,55.6,29,54.5,26,54.5,26,500,69.5,38,187,55.6,41.3,31,85,126,63.9,33,71.9,2.1,12.0
12791,FDXM,3min,opposite_level,29.1132,3.683,10266,2024-03-28,76.6,16,72.9,12,69.7,12,67.0,12,67.0,12,500,76.6,16,188,77.6,21.6,12,25,125,77.0,16,83.1,19.1,2.6
20519,MNQ,3min,reversal_to_open,29.0301,4.823,2474,2024-04-22,81.3,19,72.2,19,71.1,18,63.6,18,63.1,18,500,81.3,19,187,75.4,22.2,19,39,126,78.9,19,85.6,2.3,18.0
22151,FDXM,5min,opposite_level,29.0112,4.194,3589,2024-03-28,86.6,16,85.6,16,84.5,16,84.0,16,82.4,12,500,86.6,16,187,84.0,15.2,17,38,125,85.6,17,89.7,38.1,3.3
5379,MNQ,5min,opposite_level,28.9635,5.007,3048,2024-04-22,81.8,25,76.5,25,68.4,24,65.2,23,64.7,23,500,81.8,25,187,75.4,21.4,26,58,126,79.2,25,82.7,0.6,9.1
27591,FDXM,5min,reversal_to_open,28.9335,5.018,2416,2024-03-28,94.7,19,91.5,18,90.4,18,89.9,18,88.8,18,500,94.7,19,188,90.4,8.8,19,40,125,93.0,19,90.1,52.9,3.9
45271,FDXM,5min,opposite_level,28.8774,4.301,2177,2024-03-28,92.0,18,86.2,16,81.9,16,75.0,15,75.0,15,500,92.0,18,188,90.4,7.2,16,37,125,91.4,18,73.8,3.1,2.0
21383,6E,5min,opposite_level,28.818,6.302,1244,2024-04-29,99.5,16,99.5,15,98.9,15,97.9,11,97.9,11,750,99.5,15,187,96.8,2.4,15,24,126,98.4,15,86.6,74.8,46.6
30871,FDXM,5min,reversal_to_open,28.7238,4.058,3335,2024-03-28,93.6,18,93.1,16,89.9,16,89.9,16,89.9,16,500,93.6,18,188,92.0,4.8,16,37,125,93.0,17,85.3,51.9,3.8
43063,6E,5min,reversal_to_open,28.6702,4.886,2474,2024-04-29,97.3,17,96.3,16,94.7,15,94.1,15,94.1,15,500,97.3,17,187,97.6,1.6,15,29,126,97.4,16,96.2,56.3,43.1
18267,MNQ,5min,reversal_to_open,28.6573,4.187,4614,2024-04-22,71.1,17,63.6,15,55.1,15,54.5,12,55.1,12,500,71.1,17,187,66.7,31.7,15,32,126,69.3,16,77.0,4.2,19.6
8627,MNQ,5min,reversal_to_open,28.6157,4.696,2874,2024-04-22,96.8,33,91.4,30,82.9,26,77.0,26,73.3,26,500,96.8,33,187,92.9,3.2,31,71,126,95.2,31,85.9,0.0,5.7
26339,FDXM,5min,opposite_level,28.6102,5.035,2434,2024-03-28,84.0,17,81.4,16,81.4,16,81.4,16,80.3,16,500,84.0,17,188,84.8,12.8,17,36,125,84.3,17,87.9,38.2,3.6
44555,FDXM,5min,opposite_level,28.6076,4.704,2807,2024-03-28,79.3,17,80.3,16,75.5,16,75.5,16,75.5,15,750,80.3,16,188,75.2,23.2,16,36,125,78.3,16,85.6,70.9,4.5
9423,FDXM,5min,opposite_level,28.5896,6.639,5549,2024-03-28,87.8,15,80.3,11,80.9,12,79.8,12,79.8,12,500,87.8,15,188,88.0,10.4,15,25,125,87.9,15,90.4,63.6,4.2
2583,FDXM,3min,opposite_level,28.5663,4.251,3064,2024-03-28,93.1,17,93.1,16,89.9,16,89.4,16,87.8,16,750,93.1,16,188,82.4,16.0,16,26,125,88.8,16,91.4,57.3,4.0
37107,FDXM,3min,reversal_to_open,28.5323,5.497,1666,2024-03-28,97.3,37,91.5,31,86.2,30,85.1,30,86.7,29,500,97.3,37,188,91.2,4.8,25,53,125,94.9,31,90.4,4.8,1.9
23103,MNQ,5min,opposite_level,28.5031,4.06,4565,2024-04-22,70.6,17,63.1,17,57.2,17,55.6,17,55.1,17,500,70.6,17,187,58.7,39.7,23,44,126,65.8,18,72.5,8.3,21.8
39935,FDXM,5min,reversal_to_open,28.4943,4.205,5609,2024-03-28,87.2,15,83.5,11,79.8,15,79.3,15,77.7,15,500,87.2,15,188,80.8,17.6,11,24,125,84.7,11,85.9,37.5,3.6
41895,MNQ,5min,reversal_to_open,28.4613,4.52,2438,2024-04-22,88.2,24,80.7,23,77.5,22,66.3,22,65.2,22,500,88.2,24,187,84.1,12.7,24,52,126,86.6,24,86.3,0.1,8.5
29311,MNQ,3min,reversal_to_open,28.4519,4.457,3674,2024-04-22,74.9,19,71.1,18,60.4,18,61.0,18,61.0,18,500,74.9,19,187,61.9,34.9,17,46,126,69.6,18,77.6,7.1,22.5
37915,FDXM,5min,opposite_level,28.4218,6.616,1232,2024-03-28,93.1,36,88.3,30,86.7,30,86.2,26,85.1,23,500,93.1,36,188,88.8,8.0,45,86,125,91.4,40,87.5,21.5,2.6
17531,MNQ,3min,opposite_level,28.4064,3.804,3916,2024-04-22,75.9,16,72.7,15,64.2,12,59.9,11,57.2,11,500,75.9,16,187,71.4,27.0,16,46,126,74.1,16,83.1,8.2,17.9
30703,MNQ,3min,reversal_to_open,28.3768,4.753,3690,2024-04-22,62.0,24,58.8,23,56.1,22,55.6,22,55.6,22,500,62.0,24,187,58.7,39.7,30,53,126,60.7,25,69.3,32.5,32.4
16303,MNQ,5min,opposite_level,28.3246,4.588,2403,2024-04-22,71.7,31,64.7,26,62.0,25,57.2,25,58.3,25,500,71.7,31,187,63.5,33.3,26,59,126,68.4,30,77.6,15.3,25.7
11259,FDXM,3min,opposite_level,28.3084,5.372,1220,2024-03-28,94.7,24,92.6,23,91.5,19,90.4,19,90.4,19,500,94.7,24,188,92.0,7.2,24,47,125,93.6,24,93.9,65.2,4.3
32399,FDXM,3min,reversal_to_open,28.2916,3.272,17797,2024-03-28,78.7,12,75.5,15,74.5,12,72.9,12,71.8,12,500,78.7,12,188,75.2,24.0,11,29,125,77.3,12,81.2,35.0,3.4
29103,6E,5min,reversal_to_open,28.2587,4.233,5776,2024-04-29,88.2,17,86.1,17,86.6,17,86.6,17,86.6,17,500,88.2,17,187,84.1,14.3,15,31,126,86.6,17,86.6,80.4,46.9
1919,6E,3min,reversal_to_open,28.2419,4.781,2477,2024-04-29,96.8,19,94.7,19,94.1,19,94.1,19,94.1,19,500,96.8,19,187,95.2,2.4,19,37,126,96.2,19,95.2,89.7,48.6
30947,FDXM,3min,opposite_level,28.1719,5.135,2036,2024-03-28,81.4,37,71.3,33,70.2,29,66.5,25,66.5,24,500,81.4,37,188,72.8,24.8,39,85,125,78.0,38,82.4,16.8,2.8
5147,6E,5min,reversal_to_open,28.158,4.743,3203,2024-04-29,97.9,18,96.8,17,94.7,16,94.1,16,94.1,16,500,97.9,18,187,96.8,0.8,22,45,126,97.4,18,87.2,26.9,34.8
9987,MNQ,3min,opposite_level,28.1397,4.423,2460,2024-04-22,89.3,18,77.0,17,74.3,15,64.2,12,61.5,15,500,89.3,18,187,77.0,21.4,19,43,126,84.3,19,87.9,0.9,13.4
8127,MNQ,5min,reversal_to_open,28.1236,4.239,5122,2024-04-22,69.5,22,63.1,18,60.4,16,59.9,15,59.9,15,500,69.5,22,187,69.0,28.6,19,44,126,69.3,19,75.4,16.8,25.0
32391,FDXM,3min,opposite_level,28.0798,5.367,1217,2024-03-28,97.3,23,93.6,19,94.1,17,93.1,17,93.6,17,500,97.3,23,188,93.6,4.8,24,47,125,95.8,23,87.2,44.5,3.4
40867,6E,5min,reversal_to_open,28.0787,5.536,2454,2024-04-29,99.5,15,97.9,12,97.3,12,96.8,12,96.8,12,500,99.5,15,187,95.2,2.4,15,26,126,97.8,15,89.1,47.4,40.4
13135,FDXM,3min,reversal_to_open,27.9016,5.489,2265,2024-03-28,87.8,25,86.7,24,86.2,24,85.6,24,85.6,24,500,87.8,25,188,84.0,13.6,24,54,125,86.3,25,87.2,78.6,4.6
4615,FDXM,3min,reversal_to_open,27.8109,5.395,1368,2024-03-28,97.3,39,92.0,43,87.2,36,82.9,32,82.4,31,500,97.3,39,187,91.2,3.2,30,80,125,94.9,37,85.6,7.2,2.0
41643,FDXM,3min,reversal_to_open,27.7993,6.521,952,2024-03-28,100.0,45,97.3,43,98.9,43,95.2,39,95.2,38,500,100.0,45,188,94.4,0.0,53,113,125,97.8,50,71.9,18.9,2.8
8747,6E,5min,opposite_level,27.7975,4.464,2784,2024-04-29,97.3,12,95.2,12,93.0,12,91.4,12,91.4,12,500,97.3,12,187,97.6,1.6,12,26,126,97.4,12,89.5,48.3,39.7
8063,6E,5min,reversal_to_open,27.7938,5.313,3624,2024-04-29,94.1,18,91.4,17,88.8,17,87.7,17,87.2,17,500,94.1,18,187,87.3,10.3,15,29,126,91.4,17,90.7,20.6,32.0
30187,MNQ,3min,opposite_level,27.7502,4.544,3469,2024-04-22,81.8,22,73.3,19,68.4,18,63.1,18,62.6,18,500,81.8,22,187,69.8,29.4,23,52,126,77.0,22,78.9,0.0,8.3
14175,MNQ,3min,opposite_level,27.671,4.23,2464,2024-04-22,87.2,17,73.3,17,70.6,16,62.0,15,59.9,15,500,87.2,17,187,63.5,33.3,22,65,126,77.6,18,86.9,1.4,14.9
23995,6E,5min,reversal_to_open,27.6469,5.468,2467,2024-04-29,98.9,17,98.4,17,97.9,17,97.3,17,97.3,15,500,98.9,17,187,97.6,0.0,18,32,126,98.4,17,86.6,44.5,39.0
32243,6E,3min,reversal_to_open,27.6083,4.276,4743,2024-04-29,89.3,15,86.6,12,85.0,12,84.5,12,85.0,12,500,89.3,15,187,88.1,9.5,15,25,126,88.8,15,91.1,59.7,43.3
26315,FDXM,3min,reversal_to_open,27.6063,4.942,1542,2024-03-28,92.5,39,89.8,33,84.0,32,81.3,32,80.7,32,500,92.5,39,187,83.2,8.8,36,103,125,88.8,38,86.9,9.6,2.5
40135,FDXM,3min,reversal_to_open,27.6031,5.19,1785,2024-03-28,79.3,43,71.8,39,70.2,33,71.3,36,69.7,33,500,79.3,43,188,72.8,24.0,39,95,125,76.7,43,82.1,23.5,2.7
2939,FDXM,3min,reversal_to_open,27.5987,6.084,1310,2024-03-28,93.1,52,84.0,45,77.1,39,76.1,38,76.6,36,500,93.1,52,188,94.4,2.4,33,68,125,93.6,43,91.4,11.6,2.4
17203,FDXM,3min,opposite_level,27.5924,4.914,4552,2024-03-28,85.1,16,83.0,16,82.4,16,83.0,16,83.0,16,500,85.1,16,188,80.0,18.4,16,36,125,83.1,16,85.9,78.9,4.6
27527,MNQ,5min,opposite_level,27.5618,4.082,2965,2024-04-22,86.6,17,80.2,17,72.2,16,68.4,16,66.8,16,500,86.6,17,187,75.4,23.0,25,38,126,82.1,19,86.3,8.9,20.1
15971,FDXM,3min,opposite_level,27.5347,5.18,1316,2024-03-28,88.8,45,85.0,43,81.8,38,78.1,33,76.5,32,500,88.8,45,187,88.8,5.6,36,124,125,88.8,43,87.2,12.3,2.3
87,6E,3min,reversal_to_open,27.5298,4.951,3661,2024-04-29,94.1,17,93.6,17,93.6,17,93.6,17,93.6,17,500,94.1,17,187,96.0,3.2,18,32,126,94.9,17,94.6,87.8,48.4
16775,MNQ,5min,opposite_level,27.5069,5.023,1169,2024-04-22,93.0,25,87.7,23,81.8,22,75.9,19,75.9,19,500,93.0,25,187,82.5,15.1,23,61,126,88.8,25,89.8,5.1,17.5
19479,6E,5min,opposite_level,27.5041,3.236,11569,2024-04-29,75.9,10,74.3,9,72.7,9,72.7,9,72.7,9,500,75.9,10,187,70.6,27.8,10,26,126,73.8,10,80.2,33.9,36.7
20731,6E,5min,opposite_level,27.4861,3.701,6022,2024-04-29,82.4,10,80.7,10,80.7,10,80.2,10,80.7,10,500,82.4,10,187,77.0,22.2,10,19,126,80.2,10,85.0,50.8,41.6
33315,MNQ,3min,opposite_level,27.4584,7.732,754,2024-04-22,76.8,95,67.0,81,58.9,73,54.6,67,54.6,67,500,76.8,95,185,60.3,21.4,101,187,126,70.1,96,83.3,8.6,17.4
25983,MNQ,5min,opposite_level,27.4494,4.919,2673,2024-04-22,69.5,38,64.2,38,57.8,36,54.0,36,52.9,32,500,69.5,38,187,65.1,31.7,25,74,126,67.7,32,76.7,0.0,8.9
455,FDXM,3min,opposite_level,27.4256,3.885,5979,2024-03-28,81.9,12,75.0,12,75.5,12,73.9,12,72.9,12,500,81.9,12,188,65.6,32.8,12,24,125,75.4,12,81.2,50.3,3.9
4847,MNQ,3min,reversal_to_open,27.3886,4.466,1190,2024-04-22,92.5,33,86.1,30,80.7,26,74.9,25,71.7,25,500,92.5,33,187,81.7,14.3,38,73,126,88.2,37,87.2,2.5,16.1
34035,6E,3min,opposite_level,27.3245,3.718,7504,2024-04-29,83.4,10,82.4,9,81.8,9,82.9,9,83.4,9,1500,83.4,9,187,73.0,24.6,9,17,126,79.2,9,83.4,95.6,49.4
13783,FDXM,3min,opposite_level,27.2904,5.086,4289,2024-03-28,86.2,19,82.4,19,82.4,18,82.4,18,82.4,18,500,86.2,19,188,75.2,24.0,17,33,125,81.8,18,85.3,84.6,4.7
34127,6E,5min,reversal_to_open,27.2773,4.569,3675,2024-04-29,96.8,10,95.7,10,95.2,10,95.7,10,95.7,10,500,96.8,10,187,95.2,3.2,15,26,126,96.2,12,90.7,53.7,40.3
5899,FDXM,3min,opposite_level,27.2723,3.852,5973,2024-03-28,86.7,12,83.0,12,81.4,12,80.9,12,80.3,12,500,86.7,12,188,75.2,24.8,12,23,125,82.1,12,85.0,60.2,4.1
15187,MNQ,5min,opposite_level,27.2502,4.523,970,2024-04-22,94.1,33,90.9,30,84.5,29,78.6,26,77.0,25,500,94.1,33,187,92.9,5.6,38,75,126,93.6,36,69.3,0.1,7.4
3911,FDXM,3min,opposite_level,27.2448,4.079,3278,2024-03-28,93.1,15,89.4,15,88.3,15,87.8,12,87.2,12,500,93.1,15,188,86.4,12.8,16,30,125,90.4,15,91.1,46.1,3.7
31919,MNQ,5min,reversal_to_open,27.2236,3.691,6152,2024-04-22,77.5,11,69.5,11,66.8,10,62.6,10,62.0,10,500,77.5,11,187,64.3,33.3,15,29,126,72.2,15,77.3,1.5,16.4
5527,MNQ,5min,opposite_level,27.1765,4.297,4102,2024-04-22,72.2,17,61.5,16,57.8,17,54.5,16,54.0,16,500,72.2,17,187,73.0,26.2,17,44,126,72.5,17,78.6,0.2,12.1
15859,FDXM,3min,reversal_to_open,27.0716,7.067,1165,2024-03-28,95.2,39,93.0,37,86.6,31,83.4,30,83.4,30,500,95.2,39,187,93.6,1.6,32,59,125,94.6,38,94.6,20.8,2.6
30291,MNQ,5min,reversal_to_open,27.0579,3.801,6131,2024-04-22,65.2,19,57.8,19,58.3,17,57.8,17,57.2,17,500,65.2,19,187,50.0,48.4,22,44,126,59.1,19,66.1,28.6,31.1
38215,FDXM,3min,opposite_level,27.0159,5.842,4195,2024-03-28,89.9,17,82.4,17,81.4,17,81.4,17,81.4,17,500,89.9,17,188,84.0,14.4,17,29,125,87.5,17,90.1,69.2,4.3
13715,FDXM,3min,reversal_to_open,26.99,3.688,5847,2024-03-28,89.9,15,85.1,11,86.2,11,86.7,11,85.6,11,500,89.9,15,188,89.6,8.0,15,29,125,89.8,15,90.1,30.0,3.2
14379,6E,5min,opposite_level,26.9784,4.473,3619,2024-04-29,96.8,12,96.3,12,95.7,11,95.2,11,95.2,11,500,96.8,12,187,98.4,0.0,12,22,126,97.4,12,94.6,71.4,45.2
18175,FDXM,3min,reversal_to_open,26.966,4.896,2818,2024-03-28,98.4,24,88.8,22,84.0,22,84.6,22,84.6,22,500,98.4,24,188,94.4,4.8,23,45,125,96.8,23,84.3,9.7,2.4
30059,FDXM,3min,reversal_to_open,26.9532,4.45,2411,2024-03-28,94.7,24,93.1,22,92.0,19,92.6,22,92.6,19,500,94.7,24,188,88.0,10.4,24,67,125,92.0,24,90.1,56.6,4.0
13731,6E,3min,reversal_to_open,26.9356,4.913,1987,2024-04-29,97.9,18,95.7,17,95.7,17,95.7,16,95.2,17,500,97.9,18,187,87.3,2.4,23,44,126,93.6,18,79.2,55.0,42.1
7199,6E,3min,opposite_level,26.919,4.251,2674,2024-04-29,96.8,16,96.3,16,93.0,12,93.0,16,92.5,12,500,96.8,16,187,98.4,0.0,17,32,126,97.4,16,91.4,57.2,42.0
41559,MNQ,5min,reversal_to_open,26.8625,4.894,988,2024-04-22,98.4,58,94.7,52,85.6,47,78.6,43,76.5,43,500,98.4,58,187,88.1,1.6,61,138,126,94.2,59,78.9,0.0,6.8
43127,6E,3min,opposite_level,26.8609,4.431,3711,2024-04-29,90.4,17,89.8,17,89.8,17,89.8,17,89.8,17,500,90.4,17,187,90.5,7.1,17,30,126,90.4,17,91.7,85.8,48.3
43507,6E,5min,opposite_level,26.8359,4.162,3690,2024-04-29,87.7,18,84.0,16,79.7,12,78.6,12,78.6,12,500,87.7,18,187,81.7,16.7,12,26,126,85.3,16,85.0,19.8,31.8
31843,MNQ,3min,reversal_to_open,26.7836,3.791,6085,2024-04-22,77.0,11,71.7,11,65.2,11,61.5,11,63.1,11,500,77.0,11,187,69.0,30.2,11,31,126,73.8,11,79.9,1.7,15.4
13583,6E,3min,opposite_level,26.7602,3.87,4379,2024-04-29,84.0,15,82.9,12,82.4,12,82.9,12,82.9,12,500,84.0,15,187,74.6,23.8,16,33,126,80.2,15,79.9,57.5,43.0
23515,FDXM,3min,reversal_to_open,26.6586,3.567,14191,2024-03-28,70.2,17,63.8,18,60.1,22,59.6,18,56.9,22,500,70.2,17,188,72.0,26.4,16,29,125,70.9,16,78.6,14.4,2.4
27035,MNQ,3min,reversal_to_open,26.6423,4.44,1236,2024-04-22,89.3,26,80.7,25,77.5,24,74.9,25,72.7,25,500,89.3,26,187,77.0,19.8,32,68,126,84.3,31,89.5,16.8,27.9
42367,6E,5min,opposite_level,26.621,3.749,4477,2024-04-29,84.5,11,85.6,11,84.5,11,84.5,11,84.5,11,750,85.6,11,187,76.2,21.4,15,26,126,81.8,11,84.7,81.5,47.9
28819,6E,3min,reversal_to_open,26.566,4.141,4900,2024-04-29,88.2,22,85.0,22,85.0,22,85.0,22,85.0,22,500,88.2,22,187,88.1,9.5,18,36,126,88.2,18,89.1,89.5,48.5
22943,6E,3min,opposite_level,26.5187,4.814,2290,2024-04-29,88.8,25,85.6,22,84.5,22,82.4,22,82.4,22,500,88.8,25,187,88.9,7.1,22,39,126,88.8,24,88.5,50.7,41.2
14875,MNQ,3min,reversal_to_open,26.5167,4.662,2365,2024-04-22,87.7,26,82.4,25,77.5,25,68.4,22,67.4,19,500,87.7,26,187,73.0,21.4,25,54,126,81.8,25,86.6,4.7,12.5
31395,6E,3min,reversal_to_open,26.4747,4.287,3732,2024-04-29,93.6,11,89.3,11,89.3,10,88.8,10,88.2,10,500,93.6,11,187,97.6,0.0,12,29,126,95.2,11,84.7,35.9,36.2
16579,MNQ,3min,opposite_level,26.4642,4.557,2470,2024-04-22,77.5,19,70.1,18,69.0,19,63.1,18,64.7,16,500,77.5,19,187,75.4,22.2,18,36,126,76.7,18,82.7,1.9,18.0
21063,MNQ,3min,opposite_level,26.4513,4.923,1466,2024-04-22,58.8,71,54.5,59,49.2,60,46.0,54,44.9,57,500,58.8,71,187,51.6,44.4,81,201,126,55.9,73,65.2,1.8,13.3
3743,6E,5min,fixed_rr,26.2581,4.087,3457,2024-04-29,90.4,11,86.1,11,83.4,11,82.9,11,82.4,11,500,90.4,11,187,81.7,15.9,11,18,126,86.9,11,91.1,35.2,37.6
20483,MNQ,5min,reversal_to_open,26.1618,5.33,1353,2024-04-22,91.4,66,82.9,66,77.0,67,72.2,66,69.0,64,500,91.4,66,187,87.2,10.4,52,102,125,89.7,59,90.1,0.0,9.1
38659,6E,5min,reversal_to_open,26.1175,3.89,3712,2024-04-29,94.7,18,94.1,18,94.1,18,94.1,18,94.1,18,500,94.7,18,187,89.7,7.9,22,37,126,92.7,18,94.9,92.1,49.0
44151,MNQ,5min,reversal_to_open,26.0012,4.411,1238,2024-04-22,85.6,29,80.2,26,77.5,25,74.9,25,74.9,25,500,85.6,29,187,84.9,12.7,26,68,126,85.3,29,88.8,10.4,23.3
9967,6E,3min,reversal_to_open,25.9447,3.63,5659,2024-04-29,92.5,15,92.0,12,92.0,12,92.0,12,91.4,12,500,92.5,15,187,86.5,11.9,16,32,126,90.1,15,89.5,61.3,43.5
42087,6E,5min,reversal_to_open,25.8835,3.357,8829,2024-04-29,89.3,12,88.2,11,86.6,11,86.6,11,86.6,11,500,89.3,12,187,88.9,7.9,12,26,126,89.1,12,92.0,84.1,47.6
19623,MNQ,3min,opposite_level,25.8505,4.758,1225,2024-04-22,91.4,23,85.6,23,77.0,22,71.7,18,71.7,18,500,91.4,23,187,85.7,12.7,24,50,126,89.1,23,91.4,2.0,18.3
30091,MNQ,5min,reversal_to_open,25.8013,4.727,1243,2024-04-22,84.5,30,77.5,25,72.7,24,71.1,23,71.7,24,500,84.5,30,187,69.8,23.0,39,88,126,78.6,32,85.3,7.3,22.9
42959,MNQ,5min,reversal_to_open,25.7966,3.767,3715,2024-04-22,77.0,18,73.8,18,69.5,17,69.5,16,69.5,17,500,77.0,18,187,68.3,30.2,19,39,126,73.5,18,81.2,24.5,27.0
10039,MNQ,5min,opposite_level,25.7746,3.881,5132,2024-04-22,73.3,18,67.4,17,64.2,17,59.4,17,59.4,17,500,73.3,18,187,61.1,38.1,17,46,126,68.4,17,74.1,0.1,7.6
379,MNQ,5min,reversal_to_open,25.7465,5.084,1204,2024-04-22,97.3,26,92.0,24,89.3,23,83.4,22,82.9,22,500,97.3,26,187,92.1,4.8,26,66,126,95.2,26,89.8,3.4,15.6
13599,6E,5min,reversal_to_open,25.7267,3.424,9644,2024-04-29,86.6,12,85.0,12,85.6,12,86.1,12,86.1,12,500,86.6,12,187,82.5,15.1,12,30,126,85.0,12,86.3,64.5,44.3
21111,MNQ,3min,reversal_to_open,25.5932,3.366,6102,2024-04-22,67.9,16,65.8,16,63.6,12,60.4,12,60.4,12,500,67.9,16,187,54.0,43.7,23,39,126,62.3,17,72.8,21.8,27.7
36607,6E,5min,reversal_to_open,25.5228,4.255,2516,2024-04-29,96.3,23,87.7,18,86.1,16,84.5,16,80.2,16,500,96.3,23,187,85.7,8.7,31,59,126,92.0,25,81.2,9.7,27.8
36875,MNQ,5min,reversal_to_open,25.4987,4.251,3438,2024-04-22,65.2,24,58.8,24,54.5,23,54.0,23,52.9,23,500,65.2,24,187,55.6,42.1,25,65,126,61.3,25,70.9,22.8,29.3
29387,6E,5min,reversal_to_open,25.4698,5.0,1356,2024-04-29,96.3,40,94.1,33,94.1,32,94.1,32,94.1,32,500,96.3,40,187,89.7,3.2,43,74,126,93.6,40,88.5,18.7,30.7
8711,MNQ,5min,reversal_to_open,25.4602,3.541,3379,2024-04-22,64.2,22,62.0,22,61.0,22,57.2,22,57.8,19,500,64.2,22,187,66.7,29.4,19,51,126,65.2,22,76.7,24.8,27.8
19495,MNQ,5min,reversal_to_open,25.4379,4.009,2444,2024-04-22,80.2,25,75.4,24,69.5,24,59.9,23,59.4,23,500,80.2,25,187,81.7,15.1,25,53,126,80.8,25,82.7,0.0,8.3
3587,MNQ,5min,opposite_level,25.4316,4.13,3426,2024-04-22,85.0,19,77.0,19,63.6,19,62.0,18,62.0,18,500,85.0,19,187,74.6,24.6,16,36,126,80.8,18,82.7,0.1,7.1
40183,MNQ,3min,reversal_to_open,25.2953,3.441,6056,2024-04-22,70.6,17,66.3,15,65.2,15,64.7,15,63.6,15,500,70.6,17,187,67.5,31.0,22,57,126,69.3,18,77.3,4.5,17.6
29927,6E,3min,opposite_level,25.2754,4.932,1544,2024-04-29,99.5,12,98.4,12,97.3,11,96.8,11,96.3,11,500,99.5,12,187,97.6,1.6,12,25,126,98.7,12,79.6,60.0,43.9
5995,MNQ,3min,reversal_to_open,25.1947,3.94,4846,2024-04-22,64.2,24,57.8,23,56.7,19,55.1,19,54.5,19,500,64.2,24,187,57.1,40.5,25,59,126,61.3,24,70.6,19.9,27.0
16459,6E,5min,reversal_to_open,25.1194,3.178,8489,2024-04-29,84.0,12,84.0,12,82.4,12,81.8,12,81.8,12,500,84.0,12,187,82.5,15.1,15,38,126,83.4,12,85.3,68.3,45.0
23043,MNQ,3min,reversal_to_open,25.1155,4.375,1236,2024-04-22,80.7,33,79.7,33,79.1,36,77.0,33,77.5,33,500,80.7,33,187,73.0,23.8,39,96,126,77.6,36,84.0,40.1,36.0
21091,6E,3min,opposite_level,25.0345,3.856,4633,2024-04-29,84.5,12,83.4,12,82.4,12,82.4,12,82.4,12,500,84.5,12,187,87.3,11.9,11,24,126,85.6,12,89.5,76.5,46.9
14723,MNQ,5min,opposite_level,25.0227,3.333,4580,2024-04-22,72.7,16,65.2,16,51.3,15,50.3,12,48.7,12,500,72.7,16,187,57.9,39.7,19,37,126,66.8,17,75.1,4.6,17.9
7763,6E,5min,opposite_level,24.9768,3.996,3051,2024-04-29,84.5,18,83.4,17,81.8,17,81.8,16,82.4,16,500,84.5,18,187,83.3,15.1,23,45,126,84.0,19,80.5,41.0,39.4
33195,MNQ,5min,opposite_level,24.9613,4.842,1492,2024-04-22,58.8,71,57.8,68,51.9,66,48.7,66,50.3,73,500,58.8,71,187,46.8,42.9,67,190,126,54.0,68,64.9,8.2,15.1
23583,6E,5min,reversal_to_open,24.9312,3.754,3768,2024-04-29,92.5,11,89.8,11,87.2,10,87.2,10,87.2,10,500,92.5,11,187,96.0,3.2,15,29,126,93.9,12,87.2,51.3,41.2
10531,MNQ,5min,reversal_to_open,24.9282,3.376,4523,2024-04-22,77.5,17,71.7,16,69.0,12,63.6,12,60.4,12,500,77.5,17,187,74.6,22.2,19,33,126,76.4,17,82.1,6.3,18.4
37723,MNQ,5min,opposite_level,24.8974,3.851,1777,2024-04-22,77.0,52,70.1,46,62.0,46,54.5,45,53.5,45,500,77.0,52,187,61.1,28.6,47,128,126,70.6,51,76.4,0.0,6.3
9971,6E,5min,opposite_level,24.8668,3.471,6167,2024-04-29,72.2,12,70.6,12,71.7,12,72.2,12,72.2,12,500,72.2,12,187,79.4,18.3,12,26,126,75.1,12,80.2,60.0,44.1
40879,MNQ,5min,reversal_to_open,24.8552,3.68,3583,2024-04-22,82.9,19,71.1,17,61.0,17,59.4,16,58.8,15,500,82.9,19,187,81.0,15.9,23,52,126,82.1,22,81.5,0.3,12.1
15951,6E,3min,reversal_to_open,24.8483,4.737,1357,2024-04-29,94.7,33,92.0,32,88.2,29,87.2,26,86.1,25,500,94.7,33,187,84.9,6.3,50,100,126,90.7,39,78.3,13.1,26.5
41543,6E,5min,opposite_level,24.8224,3.109,13000,2024-04-29,75.9,11,71.7,10,70.1,10,65.2,10,65.8,10,500,75.9,11,187,73.8,24.6,9,18,126,75.1,10,80.8,8.6,21.9
11163,MNQ,5min,reversal_to_open,24.7536,4.043,2351,2024-04-22,77.5,24,68.4,22,66.8,22,59.9,19,59.9,19,500,77.5,24,187,69.8,26.2,22,61,126,74.4,23,79.9,4.6,19.8
10671,MNQ,5min,opposite_level,24.6097,3.784,2441,2024-04-22,74.9,29,65.2,26,64.2,25,51.3,25,52.9,23,500,74.9,29,187,69.8,27.8,23,53,126,72.8,26,79.2,1.3,12.0
6647,MNQ,3min,reversal_to_open,24.5943,3.342,7337,2024-04-22,67.4,12,62.0,12,56.1,10,52.9,10,52.4,10,500,67.4,12,187,70.6,27.8,17,37,126,68.7,15,76.0,1.9,18.0
9763,MNQ,3min,reversal_to_open,24.5875,4.714,3097,2024-04-22,68.4,23,66.3,23,68.4,22,66.8,22,65.2,22,1000,68.4,22,187,56.3,42.1,25,59,126,63.6,24,69.6,73.1,45.0
30459,6E,3min,opposite_level,24.5771,3.828,4539,2024-04-29,87.2,18,87.7,18,87.7,18,87.7,18,87.7,18,750,87.7,18,187,88.9,9.5,17,33,126,88.2,18,88.8,97.8,49.7
11831,MNQ,5min,reversal_to_open,24.5692,4.099,1468,2024-04-22,87.2,39,80.7,37,74.3,36,66.8,32,65.8,31,500,87.2,39,187,76.8,14.4,39,65,125,83.0,39,84.6,1.9,12.1
37091,6E,5min,reversal_to_open,24.4383,3.746,3637,2024-04-29,89.8,17,86.1,17,86.1,17,86.1,17,86.1,17,500,89.8,17,187,80.2,14.3,22,45,126,85.9,18,87.5,66.5,44.8
12079,MNQ,5min,reversal_to_open,24.4097,4.952,3334,2024-04-22,80.2,33,73.8,33,70.6,31,64.2,30,62.0,30,500,80.2,33,187,69.0,24.6,29,68,126,75.7,31,81.2,0.6,9.0
23135,6E,3min,opposite_level,24.3767,2.826,18973,2024-04-29,70.1,9,67.9,9,64.7,8,63.1,8,60.4,8,500,70.1,9,187,70.6,28.6,9,19,126,70.3,9,77.3,16.6,30.4
6871,MNQ,3min,opposite_level,24.3522,3.911,2150,2024-04-22,87.7,19,83.4,18,79.7,16,64.7,15,64.7,15,500,87.7,19,187,89.7,8.7,23,53,126,88.5,22,90.1,0.6,11.3
44019,MNQ,5min,opposite_level,24.2919,3.386,5119,2024-04-22,67.9,26,62.0,25,57.2,24,55.1,24,54.0,23,500,67.9,26,187,63.5,32.5,24,60,126,66.1,25,73.2,7.1,13.1
3099,MNQ,3min,reversal_to_open,24.2787,3.414,3821,2024-04-22,53.5,38,44.9,38,43.3,32,42.8,36,40.1,31,500,53.5,38,187,52.4,42.9,39,78,126,53.0,38,61.0,3.6,13.0
24023,6E,5min,reversal_to_open,24.2498,4.568,1289,2024-04-29,93.0,33,93.0,33,92.5,33,92.0,33,92.0,33,500,93.0,33,187,83.3,10.3,44,106,126,89.1,37,79.9,67.2,45.0
39467,6E,3min,reversal_to_open,24.2469,3.79,4623,2024-04-29,87.2,22,86.6,22,85.0,22,85.0,22,85.0,19,500,87.2,22,187,92.1,6.3,22,36,126,89.1,22,90.1,91.7,48.6
34219,6E,5min,reversal_to_open,24.2465,3.419,5564,2024-04-29,75.9,18,69.5,16,65.2,17,63.6,17,62.6,17,500,75.9,18,187,79.4,19.0,17,43,126,77.3,18,78.9,23.6,34.5
18723,6E,5min,opposite_level,24.1398,3.634,3693,2024-04-29,86.6,15,87.2,15,86.6,15,85.6,15,85.0,12,750,87.2,15,187,88.1,10.3,15,30,126,87.5,15,90.4,88.5,48.4
21783,6E,5min,reversal_to_open,24.1221,5.382,1114,2024-04-29,96.8,45,94.1,40,92.5,40,92.0,39,92.0,40,500,96.8,45,187,85.6,5.6,68,137,125,92.3,53,85.9,74.7,45.9
21123,6E,5min,reversal_to_open,24.0886,3.639,7350,2024-04-29,95.2,10,94.1,10,92.5,10,92.0,10,92.5,10,500,95.2,10,187,96.0,2.4,9,18,126,95.5,10,93.9,75.7,46.1
4231,6E,5min,reversal_to_open,24.0616,3.517,4629,2024-04-29,78.6,15,79.7,15,77.0,12,77.0,12,77.5,12,750,79.7,15,187,85.7,11.9,12,25,126,82.1,12,88.5,85.6,48.4
4003,MNQ,5min,reversal_to_open,24.056,3.182,5682,2024-04-22,64.2,22,58.3,18,54.5,18,51.3,18,51.3,17,500,64.2,22,187,56.3,41.3,29,53,126,61.0,23,71.2,10.2,20.6
38975,MNQ,5min,reversal_to_open,24.049,3.137,13763,2024-04-22,79.1,11,71.1,10,67.4,10,61.0,10,59.4,10,500,79.1,11,187,74.6,23.8,11,19,126,77.3,11,82.4,0.2,9.7
38431,6E,5min,fixed_rr,24.0417,3.418,5655,2024-04-29,90.9,9,85.6,9,85.6,9,86.1,9,86.6,9,500,90.9,9,187,90.5,8.7,9,16,126,90.7,9,91.4,52.2,41.5
10935,6E,3min,opposite_level,23.9952,3.305,7485,2024-04-29,85.0,10,84.5,10,85.0,10,84.5,10,85.0,10,500,85.0,10,187,81.7,16.7,11,23,126,83.7,10,85.9,67.1,44.3
29607,6E,5min,opposite_level,23.9801,4.313,1058,2024-04-29,93.6,30,88.8,30,86.6,30,85.6,29,84.5,29,500,93.6,30,187,96.8,0.0,33,80,126,94.9,31,83.4,27.7,35.4
6467,6E,5min,opposite_level,23.9717,3.649,2312,2024-04-29,85.6,15,85.6,15,84.5,12,84.0,12,84.0,12,500,85.6,15,187,83.3,15.1,23,44,126,84.7,18,82.4,52.7,42.5
5823,MNQ,3min,reversal_to_open,23.9215,3.45,7917,2024-04-22,63.6,17,48.7,17,47.1,15,47.1,15,46.5,15,500,63.6,17,187,59.5,38.9,16,39,126,62.0,17,68.4,3.8,17.5
39359,MNQ,3min,opposite_level,23.907,3.714,2580,2024-04-22,77.5,33,73.3,31,66.3,31,61.0,26,61.0,26,500,77.5,33,187,69.0,27.0,37,66,126,74.1,33,78.3,0.0,6.4
14867,6E,5min,reversal_to_open,23.8986,4.321,3383,2024-04-29,97.3,11,96.8,11,96.3,11,96.3,11,95.2,11,500,97.3,11,187,98.4,0.8,15,29,126,97.8,11,88.8,49.2,38.9
41775,6E,3min,reversal_to_open,23.8348,3.408,4748,2024-04-29,82.4,17,79.1,17,79.1,17,79.7,17,79.7,17,500,82.4,17,187,81.0,16.7,23,46,126,81.8,19,82.4,65.3,44.1
7739,6E,3min,reversal_to_open,23.8161,3.603,2452,2024-04-29,86.6,18,83.4,17,80.2,17,80.2,17,80.7,17,500,86.6,18,187,92.1,6.3,22,37,126,88.8,18,86.9,60.2,44.3
5803,6E,5min,opposite_level,23.8082,4.849,1237,2024-04-29,99.5,17,98.9,16,97.3,16,97.3,16,97.3,16,500,99.5,17,187,95.2,2.4,17,30,126,97.8,17,82.1,60.1,44.0
30179,6E,5min,opposite_level,23.7966,4.559,2656,2024-04-29,89.8,25,85.0,25,82.4,19,81.8,19,81.8,19,500,89.8,25,187,90.5,5.6,22,43,126,90.1,24,88.2,14.5,25.3
18143,6E,5min,opposite_level,23.7811,5.386,1244,2024-04-29,100.0,16,99.5,16,98.9,16,98.9,16,98.9,16,500,100.0,16,187,99.2,0.0,16,25,126,99.7,16,85.9,71.2,45.8
28147,MNQ,5min,opposite_level,23.7727,2.961,19757,2024-04-22,57.2,11,57.2,11,54.5,11,50.8,11,50.3,11,500,57.2,11,187,49.2,49.2,11,31,126,54.0,11,61.3,20.2,24.7
6171,6E,5min,reversal_to_open,23.7703,3.434,3464,2024-04-29,89.3,17,90.4,16,90.4,17,89.8,17,89.8,17,750,90.4,16,187,82.5,14.3,22,38,126,87.2,18,86.9,87.6,48.5
18827,MNQ,3min,opposite_level,23.7567,3.384,7147,2024-04-22,56.1,17,47.1,16,44.4,15,46.0,15,45.5,12,500,56.1,17,187,47.6,50.8,19,45,126,52.7,17,61.7,4.8,19.0
37955,MNQ,5min,opposite_level,23.7193,4.063,2159,2024-04-22,88.8,32,80.7,29,73.8,29,63.1,25,61.5,25,500,88.8,32,187,81.7,16.7,23,44,126,85.9,29,85.9,0.0,7.4
16743,MNQ,3min,reversal_to_open,23.7148,3.777,3660,2024-04-22,62.6,26,59.9,24,58.3,22,58.8,24,59.4,24,500,62.6,26,187,44.4,53.2,25,57,126,55.3,26,67.1,36.0,34.9
19459,MNQ,3min,opposite_level,23.7117,3.441,5746,2024-04-22,66.3,19,61.5,17,57.2,17,54.5,17,54.5,17,500,66.3,19,187,50.8,47.6,19,54,126,60.1,19,71.9,3.1,12.2
13827,MNQ,3min,reversal_to_open,23.7028,3.939,2183,2024-04-22,80.2,29,69.0,24,65.2,24,58.8,22,58.8,22,500,80.2,29,187,78.6,18.3,36,66,126,79.6,30,82.1,5.3,17.6
16667,6E,5min,opposite_level,23.6755,4.792,1949,2024-04-29,95.7,22,87.2,22,80.7,17,78.1,17,77.5,16,500,95.7,22,187,80.2,17.5,29,52,126,89.5,24,85.9,8.2,26.9
32055,MNQ,5min,opposite_level,23.666,3.425,4857,2024-04-22,65.8,23,58.3,24,53.5,18,49.2,17,48.7,17,500,65.8,23,187,57.9,40.5,22,59,126,62.6,23,70.3,0.1,6.5
26807,6E,5min,reversal_to_open,23.5962,3.407,5534,2024-04-29,75.4,18,72.7,18,71.1,17,71.7,17,72.2,17,500,75.4,18,187,85.7,12.7,18,40,126,79.6,18,81.2,55.5,42.8
36955,6E,3min,reversal_to_open,23.5882,3.485,3639,2024-04-29,84.0,19,85.0,18,85.0,18,85.0,18,85.0,18,750,85.0,18,187,87.3,8.7,18,44,126,85.9,18,90.4,95.4,49.5
14095,6E,3min,opposite_level,23.5285,3.089,5949,2024-04-29,79.1,12,77.0,12,75.9,12,75.4,12,75.4,12,500,79.1,12,187,77.8,19.8,16,30,126,78.6,16,83.4,61.3,44.2
40711,6E,3min,reversal_to_open,23.514,3.594,2464,2024-04-29,86.1,18,85.6,18,85.6,18,85.6,18,85.6,18,500,86.1,18,187,92.1,4.8,23,38,126,88.5,19,90.7,82.5,47.9
39875,MNQ,5min,reversal_to_open,23.5051,3.757,2475,2024-04-22,83.4,23,70.6,19,66.8,19,61.5,18,61.0,17,500,83.4,23,187,80.2,16.7,23,45,126,82.1,23,88.8,3.8,18.4
1667,MNQ,5min,reversal_to_open,23.4931,3.308,3648,2024-04-22,75.4,23,66.3,19,63.6,18,62.0,18,63.1,18,500,75.4,23,187,76.2,20.6,19,46,126,75.7,23,81.8,10.5,20.8
6259,MNQ,3min,reversal_to_open,23.4623,4.109,2464,2024-04-22,64.7,32,60.4,30,58.8,29,58.3,29,58.3,26,500,64.7,32,187,57.1,39.7,33,72,126,61.7,32,72.2,41.9,36.4
3327,MNQ,3min,opposite_level,23.436,4.057,1241,2024-04-22,85.0,24,78.6,24,71.7,24,69.5,23,69.0,23,500,85.0,24,187,71.4,25.4,30,66,126,79.6,25,86.9,3.7,21.3
1939,MNQ,5min,reversal_to_open,23.3942,4.001,1194,2024-04-22,97.3,31,92.5,25,86.1,24,78.6,23,76.5,24,500,97.3,31,187,96.8,0.0,32,53,126,97.1,31,62.9,0.2,9.6
2623,6E,3min,opposite_level,23.3903,3.937,2127,2024-04-29,92.5,17,89.3,16,86.1,16,85.6,15,85.6,15,500,92.5,17,187,93.7,4.8,18,38,126,93.0,17,85.6,43.8,38.6
17599,6E,3min,reversal_to_open,23.365,3.593,3578,2024-04-29,81.3,25,79.7,22,78.1,22,76.5,19,76.5,19,500,81.3,25,187,77.0,17.5,19,43,126,79.6,22,83.7,44.6,40.4
23015,6E,3min,opposite_level,23.2645,4.147,1867,2024-04-29,86.6,31,81.8,25,82.9,29,82.9,25,82.9,25,500,86.6,31,187,72.2,22.2,52,99,126,80.8,37,79.6,43.4,39.4
26423,6E,5min,reversal_to_open,23.2308,4.497,1223,2024-04-29,100.0,44,97.3,38,96.2,38,94.1,38,93.0,38,500,100.0,44,186,91.3,4.0,47,103,126,96.5,45,80.8,29.4,34.8
35759,MNQ,5min,reversal_to_open,23.2064,4.387,1053,2024-04-22,95.2,39,91.4,37,88.2,36,84.0,36,81.8,32,500,95.2,39,187,96.8,0.0,39,67,126,95.8,39,76.0,0.0,6.8
32263,MNQ,5min,opposite_level,23.1801,4.239,1818,2024-04-22,70.6,54,65.8,51,58.8,47,56.1,50,55.1,47,500,70.6,54,187,68.3,27.8,47,92,126,69.6,53,80.2,0.1,9.2
36727,6E,5min,opposite_level,23.1262,3.61,3695,2024-04-29,84.0,16,80.7,15,79.7,15,79.7,15,79.7,15,500,84.0,16,187,87.3,11.9,15,33,126,85.3,15,87.9,64.2,44.8
7979,6E,3min,reversal_to_open,23.0694,3.294,6155,2024-04-29,72.2,24,64.2,23,62.6,23,62.0,23,61.0,23,500,72.2,24,187,73.0,22.2,26,54,126,72.5,24,74.1,30.1,37.2
44647,6E,5min,opposite_level,23.0534,5.05,3212,2024-04-29,86.1,23,81.3,18,78.6,18,75.9,17,77.5,16,500,86.1,23,187,90.5,4.8,17,31,126,87.9,18,87.9,18.4,27.9
10247,MNQ,5min,opposite_level,22.9907,4.561,1711,2024-04-22,73.8,51,64.7,47,59.9,44,56.7,44,56.7,44,500,73.8,51,187,57.9,37.3,52,121,126,67.4,51,79.2,1.0,12.0
5123,6E,5min,opposite_level,22.9768,5.379,1236,2024-04-29,100.0,18,100.0,18,100.0,17,100.0,17,100.0,17,1000,100.0,17,187,96.0,1.6,15,26,126,98.4,17,87.5,95.6,49.5
41035,6E,5min,opposite_level,22.9614,4.405,1730,2024-04-29,93.6,31,88.8,29,80.7,26,75.4,24,75.9,26,500,93.6,31,187,82.5,15.1,37,68,126,89.1,36,77.6,8.4,27.2
6071,MNQ,3min,opposite_level,22.9358,3.315,2967,2024-04-22,74.9,23,65.2,22,59.9,18,52.9,16,51.3,15,500,74.9,23,187,63.5,34.1,26,51,126,70.3,24,78.6,2.5,15.1
41479,MNQ,3min,reversal_to_open,22.9176,3.973,1542,2024-04-22,94.1,24,87.2,22,82.4,18,77.0,18,75.9,17,500,94.1,24,187,92.9,2.4,23,39,126,93.6,23,82.1,1.4,15.1
14939,6E,3min,reversal_to_open,22.9014,3.265,3144,2024-04-29,74.3,25,75.9,26,73.8,26,73.8,26,73.8,26,750,75.9,26,187,80.2,18.3,30,53,126,77.6,26,78.9,91.9,49.0
34163,6E,3min,opposite_level,22.8092,3.759,2434,2024-04-29,95.2,18,94.7,17,94.7,17,94.7,18,94.1,18,500,95.2,18,187,93.7,4.0,17,44,126,94.6,17,90.7,87.1,48.2
11083,6E,3min,reversal_to_open,22.769,3.752,4471,2024-04-29,88.8,19,88.8,19,88.2,18,87.7,18,87.7,18,500,88.8,19,187,91.3,7.1,19,33,126,89.8,19,91.4,92.7,48.9
39747,6E,3min,opposite_level,22.7618,3.55,2313,2024-04-29,91.4,16,89.3,15,88.8,15,87.7,15,88.2,15,500,91.4,16,187,77.8,19.0,19,40,126,85.9,16,73.2,38.8,37.9
37251,MNQ,5min,reversal_to_open,22.7439,3.676,4666,2024-04-22,79.7,16,70.1,12,64.2,12,57.8,12,58.3,12,500,79.7,16,187,89.7,7.9,16,24,126,83.7,16,81.8,0.1,8.7
37819,MNQ,5min,reversal_to_open,22.7108,3.79,2478,2024-04-22,70.6,25,68.4,25,67.9,24,67.9,24,66.8,24,500,70.6,25,187,66.7,31.0,32,65,126,69.0,25,76.7,33.5,33.1
9031,6E,5min,opposite_level,22.7063,3.165,3689,2024-04-29,85.6,15,84.0,15,82.4,15,81.8,15,81.8,15,500,85.6,15,187,83.3,15.1,17,38,126,84.7,16,86.9,71.9,45.1
31119,6E,5min,opposite_level,22.6787,4.607,1232,2024-04-29,100.0,22,100.0,22,100.0,22,100.0,22,100.0,22,500,100.0,22,187,96.0,3.2,16,36,126,98.4,19,86.6,84.3,48.0
9415,MNQ,5min,reversal_to_open,22.6762,4.435,1205,2024-04-22,98.4,37,95.2,32,93.0,30,86.1,26,85.0,25,500,98.4,37,187,93.7,4.8,30,58,126,96.5,36,73.8,1.2,9.4
26963,6E,5min,reversal_to_open,22.6705,3.779,3502,2024-04-29,79.7,22,74.9,22,72.7,19,73.3,19,72.2,19,500,79.7,22,187,84.9,9.5,22,36,126,81.8,22,84.0,17.0,29.7
12955,MNQ,3min,reversal_to_open,22.658,3.999,1537,2024-04-22,94.1,18,86.6,17,82.4,17,80.2,15,79.7,15,500,94.1,18,187,90.5,6.3,23,46,126,92.7,22,89.8,2.1,18.0
39563,6E,5min,reversal_to_open,22.6507,2.999,5841,2024-04-29,72.7,18,72.7,18,72.2,18,72.2,18,72.7,18,500,72.7,18,187,59.5,36.5,32,66,126,67.4,22,76.7,86.7,48.4
795,MNQ,5min,opposite_level,22.6429,3.649,2472,2024-04-22,70.1,26,62.0,26,58.3,25,49.2,24,48.1,24,500,70.1,26,187,55.6,42.1,33,60,126,64.2,31,75.4,1.2,17.8
319,MNQ,3min,opposite_level,22.639,3.372,6120,2024-04-22,56.7,16,54.5,16,54.0,15,51.9,15,49.7,15,500,56.7,16,187,50.0,47.6,18,36,126,54.0,18,64.2,20.4,26.5
26231,MNQ,3min,opposite_level,22.6356,4.744,1240,2024-04-22,84.0,31,79.7,31,78.1,31,77.5,30,78.1,26,500,84.0,31,187,68.3,28.6,40,81,126,77.6,32,84.3,33.4,33.9
24467,MNQ,3min,reversal_to_open,22.6339,3.886,2105,2024-04-22,84.0,31,73.3,30,67.4,29,57.2,29,58.3,26,500,84.0,31,187,92.1,5.6,26,52,126,87.2,30,86.9,0.0,8.7
7759,MNQ,3min,reversal_to_open,22.6124,3.897,3047,2024-04-22,84.5,30,78.1,26,70.6,24,65.2,24,65.2,24,500,84.5,30,187,79.4,17.5,30,73,126,82.4,30,82.7,0.1,6.5
31375,6E,5min,opposite_level,22.5957,5.116,1034,2024-04-29,98.9,19,98.4,17,97.9,17,97.9,17,97.9,16,500,98.9,19,187,97.6,0.0,19,38,126,98.4,19,66.1,35.2,37.5
30495,MNQ,5min,reversal_to_open,22.5918,3.584,3694,2024-04-22,73.8,19,63.6,18,56.1,17,56.1,17,55.1,17,500,73.8,19,187,79.4,18.3,17,45,126,76.0,18,82.4,4.6,18.7
9751,6E,3min,reversal_to_open,22.5557,3.204,5246,2024-04-29,71.7,17,69.0,16,69.5,16,69.5,16,69.5,16,500,71.7,17,187,54.0,42.1,22,75,126,64.5,19,72.8,68.1,44.8
43011,MNQ,5min,reversal_to_open,22.5528,3.322,2928,2024-04-22,70.1,22,60.4,22,54.5,22,52.9,19,53.5,18,500,70.1,22,187,68.3,27.8,33,71,126,69.3,25,79.6,4.9,17.8
25787,6E,5min,opposite_level,22.5464,3.529,4925,2024-04-29,72.2,18,67.4,16,65.2,16,64.2,16,64.2,16,500,72.2,18,187,81.0,17.5,16,36,126,75.7,17,78.9,30.4,34.6
24123,6E,5min,reversal_to_open,22.5173,3.176,5885,2024-04-29,84.0,16,80.7,16,79.7,16,79.1,16,79.7,16,500,84.0,16,187,83.3,12.7,16,33,126,83.7,16,87.9,58.9,43.0
24087,MNQ,5min,opposite_level,22.4608,3.146,3685,2024-04-22,75.4,17,67.4,16,61.0,15,58.8,15,57.8,15,500,75.4,17,187,64.3,34.9,19,36,126,70.9,17,79.6,3.6,17.4
19879,6E,3min,reversal_to_open,22.4498,4.508,1440,2024-04-29,90.9,33,89.8,32,86.6,30,85.6,30,84.5,31,500,90.9,33,187,72.8,21.6,47,95,125,83.7,39,81.7,20.2,30.0
41779,6E,5min,opposite_level,22.4041,3.652,2892,2024-04-29,95.2,16,92.0,15,92.5,11,91.4,11,92.0,11,500,95.2,16,187,92.1,6.3,22,43,126,93.9,17,75.4,34.8,35.4
42939,6E,5min,reversal_to_open,22.3948,4.546,778,2024-04-29,100.0,46,98.4,44,97.3,44,95.2,43,95.2,39,500,100.0,46,187,83.3,2.4,50,78,126,93.3,50,72.2,57.5,42.5
18855,6E,3min,reversal_to_open,22.3439,3.698,4591,2024-04-29,79.1,24,78.1,24,78.1,24,78.1,24,78.1,24,500,79.1,24,187,89.7,8.7,24,44,126,83.4,24,85.3,94.6,49.4
27615,6E,3min,reversal_to_open,22.2571,3.645,2418,2024-04-29,98.4,24,92.0,23,91.4,23,89.3,19,89.3,19,500,98.4,24,187,88.9,8.7,23,51,126,94.6,24,87.2,50.2,40.7
30203,MNQ,3min,reversal_to_open,22.2245,3.292,6166,2024-04-22,54.0,23,50.3,22,50.3,23,49.7,19,50.8,22,500,54.0,23,187,44.4,52.4,26,54,126,50.2,25,58.8,44.5,37.2
12775,MNQ,3min,opposite_level,22.144,3.268,5129,2024-04-22,65.2,22,54.5,19,49.7,22,41.7,18,43.9,19,500,65.2,22,187,65.9,31.0,19,47,126,65.5,22,72.5,0.3,7.7
12179,6E,3min,opposite_level,22.0559,3.166,2686,2024-04-29,88.8,18,85.6,18,87.2,18,87.2,18,87.2,18,500,88.8,18,187,76.2,16.7,25,53,126,83.7,22,80.5,77.8,46.9
34195,6E,3min,reversal_to_open,22.052,3.66,2454,2024-04-29,90.4,19,90.9,18,90.4,18,90.4,18,90.4,18,750,90.9,18,187,92.9,4.8,16,32,126,91.7,18,93.9,91.0,49.1
1527,6E,3min,opposite_level,22.0462,3.554,3310,2024-04-29,81.8,18,77.5,17,74.3,17,74.3,16,73.3,16,500,81.8,18,187,64.3,31.7,24,79,126,74.8,19,79.6,39.0,38.6
3351,6E,3min,opposite_level,22.0358,3.393,4361,2024-04-29,79.7,17,79.1,17,76.5,15,76.5,15,76.5,15,500,79.7,17,187,69.0,28.6,22,46,126,75.4,18,78.9,63.1,44.1
8311,6E,3min,opposite_level,22.0346,3.906,3412,2024-04-29,93.0,23,92.0,23,92.0,23,92.0,23,92.0,23,500,93.0,23,187,92.9,5.6,18,37,126,93.0,22,91.4,91.4,49.1
14295,MNQ,3min,opposite_level,22.0148,3.202,5091,2024-04-22,42.2,26,37.4,24,34.2,24,34.2,24,35.3,25,500,42.2,26,187,38.1,59.5,25,68,126,40.6,26,53.7,6.8,22.3
42839,MNQ,3min,reversal_to_open,22.0136,4.084,1235,2024-04-22,92.5,24,86.6,22,84.5,22,81.3,19,78.1,18,500,92.5,24,187,87.3,9.5,26,71,126,90.4,25,83.1,2.1,16.7
663,MNQ,3min,reversal_to_open,21.9628,4.237,1106,2024-04-22,81.3,53,75.9,43,71.1,39,67.9,38,66.3,33,500,81.3,53,187,66.7,23.8,66,120,126,75.4,59,82.1,11.8,21.4
4551,6E,3min,opposite_level,21.9568,3.324,5985,2024-04-29,86.6,12,85.6,12,85.0,12,85.0,12,85.0,12,500,86.6,12,187,85.7,11.9,12,24,126,86.3,12,91.4,83.6,47.9
42827,MNQ,3min,opposite_level,21.9095,3.836,2469,2024-04-22,67.9,24,59.9,23,58.3,22,55.1,23,54.0,22,500,67.9,24,187,51.6,46.0,29,57,126,61.3,25,72.8,9.2,25.2
1839,MNQ,3min,reversal_to_open,21.9062,3.502,2203,2024-04-22,64.7,29,57.2,29,54.0,29,48.1,26,47.6,29,500,64.7,29,187,64.3,31.7,31,81,126,64.5,29,75.1,2.8,18.2
10363,MNQ,3min,opposite_level,21.8199,2.876,7634,2024-04-22,55.1,12,50.3,12,49.7,12,46.0,12,45.5,12,500,55.1,12,187,50.8,48.4,9,25,126,53.4,11,62.0,0.7,15.0
32951,MNQ,3min,opposite_level,21.7823,3.369,4643,2024-04-22,58.8,24,51.3,23,42.8,22,40.6,23,40.1,19,500,58.8,24,187,50.0,48.4,22,51,126,55.3,23,68.4,3.4,21.7
7987,MNQ,3min,reversal_to_open,21.7792,3.708,3454,2024-04-22,58.3,30,55.1,29,49.2,26,47.6,23,48.7,25,500,58.3,30,187,59.5,37.3,26,75,126,58.8,30,68.4,6.5,21.4
21911,MNQ,3min,opposite_level,21.7687,3.621,3641,2024-04-22,63.1,24,61.0,25,54.0,25,48.7,24,49.7,24,500,63.1,24,187,59.5,38.9,18,50,126,61.7,19,72.8,0.7,13.2
23123,MNQ,3min,opposite_level,21.7554,3.569,2467,2024-04-22,51.9,50,52.4,45,51.3,43,50.3,38,49.7,39,750,52.4,45,187,34.9,64.3,33,87,126,45.4,39,54.3,69.3,44.4
1743,6E,3min,reversal_to_open,21.7262,3.489,2461,2024-04-29,92.0,18,90.4,18,89.8,18,89.8,18,89.8,18,500,92.0,18,187,88.1,7.1,22,44,126,90.4,22,85.9,86.4,48.2
23639,MNQ,3min,opposite_level,21.6675,3.869,1231,2024-04-22,81.3,40,72.2,32,69.5,31,69.5,29,69.0,29,500,81.3,40,187,71.4,23.8,38,71,126,77.3,39,85.0,27.0,30.9
26243,6E,3min,reversal_to_open,21.6513,4.645,2015,2024-04-29,96.8,24,94.1,22,93.6,22,93.6,19,94.1,22,500,96.8,24,187,90.5,3.2,24,50,126,94.2,24,88.8,67.3,44.5
41795,MNQ,3min,reversal_to_open,21.6145,3.345,6207,2024-04-22,46.5,24,42.8,24,43.3,24,42.2,24,41.2,24,500,46.5,24,187,30.2,68.3,30,72,126,39.9,25,53.0,41.2,36.5
25871,MNQ,3min,opposite_level,21.606,3.108,3220,2024-04-22,73.3,18,66.3,17,58.8,17,57.8,16,55.6,16,500,73.3,18,187,54.8,43.7,18,50,126,65.8,18,76.0,2.0,15.6
10299,6E,3min,opposite_level,21.5888,3.449,4417,2024-04-29,82.4,12,79.7,11,75.4,11,74.3,11,73.8,10,500,82.4,12,187,74.6,23.8,16,32,126,79.2,15,76.4,21.3,32.9
11687,MNQ,3min,reversal_to_open,21.5337,3.552,6134,2024-04-22,70.1,15,62.6,15,63.1,12,61.0,15,59.9,12,500,70.1,15,187,73.0,24.6,18,40,126,71.2,15,77.6,1.2,15.2
26275,MNQ,3min,reversal_to_open,21.4557,4.25,1002,2024-04-22,89.8,71,85.6,71,79.7,71,72.2,65,67.9,64,500,89.8,71,187,74.6,9.5,117,229,126,83.7,86,86.9,1.0,10.7
25415,6E,3min,opposite_level,21.3995,4.027,4410,2024-04-29,85.0,19,85.6,19,85.6,19,85.6,19,85.6,19,750,85.6,19,187,90.5,7.9,17,33,126,87.5,18,88.2,97.1,49.7
38495,6E,3min,reversal_to_open,21.3723,4.32,2333,2024-04-29,97.9,22,97.3,22,96.8,19,96.8,19,96.8,19,500,97.9,22,187,97.6,0.8,17,38,126,97.8,22,95.2,86.3,48.2
44343,6E,3min,opposite_level,21.3547,3.44,2739,2024-04-29,82.4,17,82.4,17,81.8,17,81.8,17,81.8,17,500,82.4,17,187,68.3,26.2,29,57,126,76.7,22,81.2,71.6,45.9
22383,6E,3min,reversal_to_open,21.2997,2.937,5854,2024-04-29,82.9,15,81.3,15,80.7,15,81.3,15,82.4,15,500,82.9,15,187,73.0,23.0,19,39,126,78.9,17,84.3,62.5,43.4
42535,6E,3min,opposite_level,20.9786,3.894,3566,2024-04-29,92.0,17,90.4,17,89.8,17,89.8,17,89.8,17,500,92.0,17,187,93.7,4.0,17,31,126,92.7,17,92.7,89.3,48.5
6975,6E,3min,reversal_to_open,20.9182,3.582,2481,2024-04-29,94.1,24,92.5,24,92.0,24,92.0,24,92.0,24,500,94.1,24,187,97.6,1.6,22,40,126,95.5,23,93.0,91.6,49.0
3671,6E,3min,reversal_to_open,20.9037,5.248,932,2024-04-29,73.3,92,72.2,79,69.5,81,69.0,75,69.0,74,500,73.3,92,187,66.4,13.6,95,179,125,70.5,95,83.0,19.3,32.3
29435,6E,3min,reversal_to_open,20.8692,3.711,3347,2024-04-29,77.0,24,72.2,23,71.7,23,71.1,19,70.6,22,500,77.0,24,187,81.0,16.7,23,50,126,78.6,23,82.4,23.6,32.8
23979,6E,3min,opposite_level,20.8096,3.723,1421,2024-04-29,98.4,23,94.1,18,90.9,16,89.8,16,88.2,16,500,98.4,23,187,92.1,2.4,31,74,126,95.8,25,63.6,37.4,37.7
3527,6E,3min,reversal_to_open,20.7841,3.371,1498,2024-04-29,82.4,40,82.4,39,82.9,39,82.9,39,82.9,39,1000,82.9,39,187,70.6,22.2,53,131,126,78.0,46,85.9,98.8,49.9
5411,6E,3min,opposite_level,20.5196,3.346,4608,2024-04-29,83.4,10,84.0,10,84.5,10,85.6,10,85.0,10,1250,85.6,10,187,86.5,12.7,11,30,126,85.9,11,89.1,97.8,49.8
44051,6E,3min,reversal_to_open,20.1428,3.121,3055,2024-04-29,89.3,17,91.4,17,91.4,17,91.4,17,91.4,17,750,91.4,17,187,84.9,9.5,19,40,126,88.8,18,89.8,90.9,49.0
40539,6E,3min,opposite_level,20.0332,3.109,2175,2024-04-29,100.0,18,95.2,17,91.4,16,91.4,16,92.0,16,500,100.0,18,187,88.1,7.1,25,47,126,95.2,22,71.6,47.6,39.8
28927,6E,3min,reversal_to_open,20.0258,2.955,2060,2024-04-29,90.4,29,85.6,24,83.4,24,81.8,23,81.8,23,500,90.4,29,187,92.9,4.8,29,54,126,91.4,29,83.7,54.4,41.7
7463,6E,3min,opposite_level,19.9351,2.967,2972,2024-04-29,66.3,23,66.3,24,65.8,24,66.3,24,66.3,24,500,66.3,23,187,51.6,42.1,36,74,126,60.4,25,72.5,86.2,48.4
45443,6E,3min,opposite_level,19.8882,3.198,3611,2024-04-29,82.4,19,81.3,18,80.2,18,79.1,18,79.1,18,500,82.4,19,187,86.5,10.3,17,31,126,84.0,18,87.5,73.2,46.3
44207,6E,3min,reversal_to_open,19.8874,3.125,2012,2024-04-29,82.4,25,77.5,24,77.5,24,78.1,24,77.5,24,500,82.4,25,187,90.5,7.1,23,44,126,85.6,25,85.0,72.6,45.6
21143,6E,3min,reversal_to_open,19.8219,3.034,4634,2024-04-29,77.5,17,77.0,17,75.9,17,75.9,17,75.9,17,500,77.5,17,187,85.7,11.9,15,29,126,80.8,16,86.6,76.8,47.0
1319,6E,3min,reversal_to_open,19.8018,4.025,2535,2024-04-29,95.7,18,95.2,17,94.7,17,95.2,17,94.1,17,500,95.7,18,187,93.7,1.6,22,43,126,94.9,18,89.1,69.7,44.9
5463,6E,3min,reversal_to_open,19.7227,3.414,2250,2024-04-29,84.0,26,79.7,24,80.7,23,79.7,19,79.7,19,500,84.0,26,187,82.5,11.9,25,47,126,83.4,26,85.6,34.6,36.2
12083,6E,3min,reversal_to_open,19.6954,3.991,1473,2024-04-29,98.4,39,95.2,33,94.1,32,93.0,30,90.4,30,500,98.4,39,187,80.8,12.8,40,85,125,91.3,39,79.2,38.7,37.1
